Cluster #,Cluster ID,Gene,Ensembl ID,LogFC,q-value
2,D1R MSN-3,Rsrp1,ENSRNOG00000017309,-1.486318641,0.001131854
2,D1R MSN-3,Gpr137c,ENSRNOG00000026328,1.439562425,0.001131854
2,D1R MSN-3,Tmem65,ENSRNOG00000008934,1.178432821,0.000291454
2,D1R MSN-3,Ptpro,ENSRNOG00000006231,1.099988079,0.001131854
2,D1R MSN-3,Hsph1,ENSRNOG00000000902,1.032375436,0.00674969
2,D1R MSN-3,Vps13a,ENSRNOG00000025539,0.933054166,0.016089678
2,D1R MSN-3,AABR07032496.1,ENSRNOG00000057780,-0.931282372,0.024412958
2,D1R MSN-3,Dnaja1,ENSRNOG00000007029,0.928966297,0.020592034
2,D1R MSN-3,Slc8a3,ENSRNOG00000029871,0.900891368,0.013583563
2,D1R MSN-3,Fnbp1l,ENSRNOG00000013798,0.895276626,0.002185326
2,D1R MSN-3,Samd4a,ENSRNOG00000010489,0.848842217,0.001215236
2,D1R MSN-3,Grb10,ENSRNOG00000004290,-0.814107592,0.018535054
2,D1R MSN-3,AABR07027979.1,ENSRNOG00000053341,-0.759020357,0.020592034
2,D1R MSN-3,Itfg1,ENSRNOG00000015843,-0.749717272,0.007645189
2,D1R MSN-3,Sel1l,ENSRNOG00000004464,0.656117662,0.042304772
2,D1R MSN-3,Srsf11,ENSRNOG00000029592,-0.652776349,0.025697468
2,D1R MSN-3,Atxn7l1,ENSRNOG00000010415,-0.648181589,0.018535054
2,D1R MSN-3,Gng7,ENSRNOG00000019857,0.636571054,0.004083578
2,D1R MSN-3,Stip1,ENSRNOG00000021164,0.578485232,0.042304772
2,D1R MSN-3,Me3,ENSRNOG00000017311,-0.576042698,0.032024189
2,D1R MSN-3,Gpbp1,ENSRNOG00000013002,0.566149316,0.042304772
2,D1R MSN-3,Pspc1,ENSRNOG00000020782,-0.549209321,0.044658038
2,D1R MSN-3,Atp6v0a1,ENSRNOG00000036814,0.534098722,0.042304772
2,D1R MSN-3,Acot7,ENSRNOG00000010580,0.495904664,0.020592034
2,D1R MSN-3,Rbm26,ENSRNOG00000009836,-0.490490659,0.043077331
2,D1R MSN-3,Snta1,ENSRNOG00000016062,0.433220206,0.018535054
2,D1R MSN-3,Cnksr2,ENSRNOG00000007014,-0.383042504,0.01290285
2,D1R MSN-3,Dclk1,ENSRNOG00000032922,-0.330939447,0.023396934
2,D1R MSN-3,Babam2,ENSRNOG00000004364,-0.213620077,0.023396934
2,D1R MSN-3,Ercc6l2,ENSRNOG00000019175,-0.19668483,0.002185326
2,D1R MSN-3,Mboat2,ENSRNOG00000061050,0.15596612,0.00368844
3,D1R MSN-2,Rsrp1,ENSRNOG00000017309,-1.481018523,0.000392491
3,D1R MSN-2,Ercc6l2,ENSRNOG00000019175,-1.322104513,5.59731E-05
3,D1R MSN-2,Thada,ENSRNOG00000025899,-1.317885177,4.40545E-05
3,D1R MSN-2,Gpr137c,ENSRNOG00000026328,1.177109616,5.59731E-05
3,D1R MSN-2,Ptpro,ENSRNOG00000006231,1.137454473,7.10009E-06
3,D1R MSN-2,Hspa5,ENSRNOG00000018294,1.107066257,0.016718088
3,D1R MSN-2,Pdia3,ENSRNOG00000015018,1.09859091,0.000243534
3,D1R MSN-2,Tmem65,ENSRNOG00000008934,1.057670067,4.40545E-05
3,D1R MSN-2,Dnaja1,ENSRNOG00000007029,0.960984445,0.005530527
3,D1R MSN-2,AABR07027979.1,ENSRNOG00000053341,-0.960068227,0.012045719
3,D1R MSN-2,Hsp90ab1,ENSRNOG00000019834,0.951062751,0.020737042
3,D1R MSN-2,Hsph1,ENSRNOG00000000902,0.893621577,0.001104205
3,D1R MSN-2,Sgsm1,ENSRNOG00000000708,0.876678147,0.025480237
3,D1R MSN-2,Chka,ENSRNOG00000016791,-0.864107522,0.000243534
3,D1R MSN-2,Arid5b,ENSRNOG00000000635,0.859705657,0.000989982
3,D1R MSN-2,Arnt2,ENSRNOG00000013017,-0.854921913,0.019835908
3,D1R MSN-2,Hsp90b1,ENSRNOG00000026963,0.846664818,0.00031302
3,D1R MSN-2,Mboat2,ENSRNOG00000061050,0.840914523,5.68839E-05
3,D1R MSN-2,Mcf2l,ENSRNOG00000028426,0.823794358,0.000698439
3,D1R MSN-2,Atp2a2,ENSRNOG00000001285,0.819125828,0.005238381
3,D1R MSN-2,Erc2,ENSRNOG00000015148,-0.814970344,6.26365E-05
3,D1R MSN-2,Mrps6,ENSRNOG00000059381,0.805890908,5.68839E-05
3,D1R MSN-2,Rbm3,ENSRNOG00000005387,-0.77989409,0.047073838
3,D1R MSN-2,Canx,ENSRNOG00000003343,0.771056849,0.000243534
3,D1R MSN-2,Chordc1,ENSRNOG00000026643,0.752300737,0.000536911
3,D1R MSN-2,Me3,ENSRNOG00000017311,-0.730799164,0.002902887
3,D1R MSN-2,Kitlg,ENSRNOG00000005386,0.726927287,0.015183492
3,D1R MSN-2,Tfdp2,ENSRNOG00000011241,-0.714637639,9.31659E-05
3,D1R MSN-2,Strada,ENSRNOG00000008637,-0.679501483,0.003524048
3,D1R MSN-2,Pspc1,ENSRNOG00000020782,-0.666177579,0.009333454
3,D1R MSN-2,Stx1b,ENSRNOG00000019193,-0.659235555,0.002212126
3,D1R MSN-2,Itfg1,ENSRNOG00000015843,-0.644513331,0.003439174
3,D1R MSN-2,Pdzd2,ENSRNOG00000013140,-0.641488887,0.004940059
3,D1R MSN-2,Samd4a,ENSRNOG00000010489,0.629904352,5.59731E-05
3,D1R MSN-2,Atf7,ENSRNOG00000015269,-0.628015588,0.00203374
3,D1R MSN-2,Slc8a3,ENSRNOG00000029871,0.62597578,0.019835908
3,D1R MSN-2,Micu3,ENSRNOG00000012767,-0.624182821,0.042474445
3,D1R MSN-2,Ero1b,ENSRNOG00000002609,0.623885966,0.005238381
3,D1R MSN-2,Zmynd8,ENSRNOG00000019154,-0.619380583,0.049657574
3,D1R MSN-2,Trim9,ENSRNOG00000007031,0.60474263,0.0180584
3,D1R MSN-2,Fxr1,ENSRNOG00000051480,0.600883339,0.001765154
3,D1R MSN-2,Rnls,ENSRNOG00000020705,-0.58404132,0.017765129
3,D1R MSN-2,Naa16,ENSRNOG00000045863,0.570595297,0.002164203
3,D1R MSN-2,Nt5c2,ENSRNOG00000020179,-0.570326419,0.011100626
3,D1R MSN-2,Hectd2,ENSRNOG00000056753,0.567914769,0.01216786
3,D1R MSN-2,Ext1,ENSRNOG00000024886,0.559241874,0.002212126
3,D1R MSN-2,St13,ENSRNOG00000019070,0.558692796,0.003274495
3,D1R MSN-2,Plcxd3,ENSRNOG00000014550,0.555952423,0.048328434
3,D1R MSN-2,Mpdz,ENSRNOG00000007894,0.554355568,0.000965408
3,D1R MSN-2,Usp54,ENSRNOG00000027012,-0.544459302,0.042474445
3,D1R MSN-2,Zc3h6,ENSRNOG00000026277,-0.543553138,0.007759024
3,D1R MSN-2,Ust,ENSRNOG00000016381,0.54310454,0.015935318
3,D1R MSN-2,Thrb,ENSRNOG00000006649,0.535103679,0.009417004
3,D1R MSN-2,Maml2,ENSRNOG00000005879,0.532884715,0.034972634
3,D1R MSN-2,Dph6,ENSRNOG00000037356,-0.530382636,0.0194176
3,D1R MSN-2,Stip1,ENSRNOG00000021164,0.528483461,0.0003414
3,D1R MSN-2,Tbc1d4,ENSRNOG00000009431,0.526916761,0.039878171
3,D1R MSN-2,Shc3,ENSRNOG00000014366,0.526645524,0.028289193
3,D1R MSN-2,Kif5a,ENSRNOG00000005299,0.520907591,0.033737418
3,D1R MSN-2,Etfa,ENSRNOG00000015233,-0.518613614,0.000666253
3,D1R MSN-2,Gtdc1,ENSRNOG00000031038,-0.5182002,0.0180584
3,D1R MSN-2,Copg2,ENSRNOG00000011014,-0.517399332,0.007759024
3,D1R MSN-2,Myef2,ENSRNOG00000005258,-0.513189255,0.036067224
3,D1R MSN-2,Mpped2,ENSRNOG00000004863,-0.512035136,0.007759024
3,D1R MSN-2,Entpd3,ENSRNOG00000018982,0.510240958,0.019835908
3,D1R MSN-2,Plxnc1,ENSRNOG00000007970,0.504457194,0.034124413
3,D1R MSN-2,Babam2,ENSRNOG00000004364,-0.496503936,0.002007169
3,D1R MSN-2,Clvs1,ENSRNOG00000006919,0.495454413,0.000243534
3,D1R MSN-2,Snx24,ENSRNOG00000017488,-0.493265723,0.010828159
3,D1R MSN-2,Vps13a,ENSRNOG00000025539,0.492358051,0.006043807
3,D1R MSN-2,Man1a1,ENSRNOG00000000800,0.49056769,0.043886121
3,D1R MSN-2,Klhdc10,ENSRNOG00000010267,-0.486498699,0.045928478
3,D1R MSN-2,Rnf149,ENSRNOG00000013946,0.484560102,0.004940059
3,D1R MSN-2,Styxl1,ENSRNOG00000023366,-0.480356481,0.042474445
3,D1R MSN-2,Nmt2,ENSRNOG00000026248,0.478677698,0.014332996
3,D1R MSN-2,Hs3st5,ENSRNOG00000000605,0.473654539,0.009333454
3,D1R MSN-2,Sel1l,ENSRNOG00000004464,0.471105762,5.68839E-05
3,D1R MSN-2,AABR07021812.1,ENSRNOG00000061764,0.458984136,0.003439174
3,D1R MSN-2,Swt1,ENSRNOG00000032258,0.454700674,0.014941083
3,D1R MSN-2,Cdh10,ENSRNOG00000009771,0.454205884,0.02451237
3,D1R MSN-2,Tle1,ENSRNOG00000005882,0.453475507,0.014286813
3,D1R MSN-2,Fndc3a,ENSRNOG00000014478,0.449449154,0.022366882
3,D1R MSN-2,Map2k6,ENSRNOG00000004437,-0.443101155,0.009333454
3,D1R MSN-2,Gng7,ENSRNOG00000019857,0.442245384,0.048328434
3,D1R MSN-2,Luc7l2,ENSRNOG00000006001,-0.440281403,0.002212126
3,D1R MSN-2,Sgip1,ENSRNOG00000006357,0.439449093,0.000993718
3,D1R MSN-2,Kcnc3,ENSRNOG00000019959,0.426287097,0.022504067
3,D1R MSN-2,AABR07059679.1,ENSRNOG00000051264,0.426124037,0.016907759
3,D1R MSN-2,Itgb8,ENSRNOG00000006569,0.423607292,0.012457363
3,D1R MSN-2,Mmp16,ENSRNOG00000005708,0.423113739,0.038476385
3,D1R MSN-2,Cyld,ENSRNOG00000014048,0.421591426,0.003670039
3,D1R MSN-2,Gripap1,ENSRNOG00000009071,0.42020347,0.004940059
3,D1R MSN-2,Art3,ENSRNOG00000002256,0.418646414,0.004579069
3,D1R MSN-2,Atrx.1,ENSRNOG00000046897,0.417324689,0.038580179
3,D1R MSN-2,Kif5c,ENSRNOG00000004680,0.414870615,0.00203374
3,D1R MSN-2,Fbxo34,ENSRNOG00000011704,0.410038722,0.019835908
3,D1R MSN-2,Abcf1,ENSRNOG00000000799,0.409677021,0.007935216
3,D1R MSN-2,Stmn2,ENSRNOG00000011705,0.404117923,0.045928478
3,D1R MSN-2,Phkg2,ENSRNOG00000018725,0.402055543,0.049481088
3,D1R MSN-2,RGD1563680,ENSRNOG00000004571,0.398249644,0.038476385
3,D1R MSN-2,Septin11,ENSRNOG00000002182,0.390613193,0.008962751
3,D1R MSN-2,Ipo11,ENSRNOG00000039717,-0.388036434,0.018649941
3,D1R MSN-2,Pten,ENSRNOG00000020723,0.385198268,0.022035679
3,D1R MSN-2,Acot7,ENSRNOG00000010580,0.380939672,0.02814839
3,D1R MSN-2,S100pbp,ENSRNOG00000007099,-0.376636527,0.023376468
3,D1R MSN-2,Slc12a6,ENSRNOG00000005196,0.376444935,0.023376468
3,D1R MSN-2,Pgap1,ENSRNOG00000013388,0.372194207,0.029497938
3,D1R MSN-2,Stxbp5,ENSRNOG00000013351,0.371235184,0.041578494
3,D1R MSN-2,Pacsin2,ENSRNOG00000009756,0.370740903,0.022035679
3,D1R MSN-2,Fez1,ENSRNOG00000006075,0.370666186,0.043886121
3,D1R MSN-2,Plppr5,ENSRNOG00000016878,0.37058073,0.037910245
3,D1R MSN-2,Hspa4,ENSRNOG00000016596,0.367133563,0.000989982
3,D1R MSN-2,Herc3,ENSRNOG00000007304,0.365972986,0.008897971
3,D1R MSN-2,Tnrc18,ENSRNOG00000024482,0.364511396,0.0180584
3,D1R MSN-2,Tubgcp5,ENSRNOG00000011480,-0.363585364,0.038476385
3,D1R MSN-2,Cap2,ENSRNOG00000043350,0.363362471,0.002164203
3,D1R MSN-2,Spg11,ENSRNOG00000021954,-0.362901881,0.042326256
3,D1R MSN-2,Lrif1,ENSRNOG00000017784,-0.362690086,0.042474445
3,D1R MSN-2,Faim2,ENSRNOG00000053258,0.354567783,0.044587455
3,D1R MSN-2,Odf2,ENSRNOG00000014584,-0.352772684,0.049481661
3,D1R MSN-2,Itsn2,ENSRNOG00000046741,0.351807919,0.018880942
3,D1R MSN-2,Rabgap1,ENSRNOG00000009402,-0.351094737,0.013041645
3,D1R MSN-2,Adnp,ENSRNOG00000010975,0.345278235,0.006186408
3,D1R MSN-2,LOC100362814,ENSRNOG00000011132,0.34313977,0.003274495
3,D1R MSN-2,Dmtn,ENSRNOG00000012273,0.340784987,0.0106626
3,D1R MSN-2,Cnksr2,ENSRNOG00000007014,-0.338262408,0.004561181
3,D1R MSN-2,Cacna1a,ENSRNOG00000052707,0.33728191,0.032382446
3,D1R MSN-2,Septin8,ENSRNOG00000007462,0.336068464,0.001571148
3,D1R MSN-2,Tsc22d1,ENSRNOG00000001030,0.332418451,0.042474445
3,D1R MSN-2,Nlk,ENSRNOG00000008704,0.330446744,0.029912464
3,D1R MSN-2,Zmym4,ENSRNOG00000012397,0.327720616,0.047063663
3,D1R MSN-2,Son,ENSRNOG00000002021,-0.327253265,0.02814839
3,D1R MSN-2,Rps6ka5,ENSRNOG00000004362,-0.321723195,0.01754725
3,D1R MSN-2,Zdhhc14,ENSRNOG00000029049,0.3198915,0.036179033
3,D1R MSN-2,Ap3d1,ENSRNOG00000018977,0.319205651,0.038476385
3,D1R MSN-2,Cacnb2,ENSRNOG00000018378,-0.314127911,0.000236349
3,D1R MSN-2,Trim35,ENSRNOG00000009449,0.310030487,0.003620594
3,D1R MSN-2,Chd2,ENSRNOG00000012716,0.306980848,0.013751954
3,D1R MSN-2,Papola,ENSRNOG00000004827,0.304666317,0.032382446
3,D1R MSN-2,Shisa7,ENSRNOG00000016877,0.301548895,0.049481661
3,D1R MSN-2,Meaf6,ENSRNOG00000009309,0.30153265,0.010345923
3,D1R MSN-2,Aak1,ENSRNOG00000018317,0.300452855,0.004940059
3,D1R MSN-2,Xkr6,ENSRNOG00000011634,0.299803724,0.006134043
3,D1R MSN-2,Usp33,ENSRNOG00000011294,0.299403876,0.033737418
3,D1R MSN-2,AABR07054400.1,ENSRNOG00000019992,0.296367474,0.040846475
3,D1R MSN-2,Dgkh,ENSRNOG00000010065,0.294186698,0.043886121
3,D1R MSN-2,Hspa4l,ENSRNOG00000010819,0.292091295,0.039042076
3,D1R MSN-2,Rab5c,ENSRNOG00000018568,0.2912178,0.034972634
3,D1R MSN-2,Akap17b,ENSRNOG00000009746,0.285933594,0.04077701
3,D1R MSN-2,Ints3,ENSRNOG00000015153,0.28543328,0.01754725
3,D1R MSN-2,Nbr1,ENSRNOG00000020730,0.284833168,0.011100626
3,D1R MSN-2,Syt9,ENSRNOG00000019613,0.284141344,0.049481661
3,D1R MSN-2,Cnnm1,ENSRNOG00000016302,0.282939962,0.022532059
3,D1R MSN-2,Crebbp,ENSRNOG00000005330,0.281396961,0.008326819
3,D1R MSN-2,Tiprl,ENSRNOG00000003048,0.280683937,0.022035679
3,D1R MSN-2,Dmtf1,ENSRNOG00000005908,0.280296857,0.021190343
3,D1R MSN-2,Pigl,ENSRNOG00000003070,0.277908487,0.023376468
3,D1R MSN-2,AABR07021704.1,ENSRNOG00000058096,0.270183859,0.03736783
3,D1R MSN-2,Lman2l,ENSRNOG00000015699,0.264776774,0.011576394
3,D1R MSN-2,Rbm14,ENSRNOG00000045568,0.264550513,0.026502314
3,D1R MSN-2,Clip1,ENSRNOG00000001247,0.259679027,0.022532059
3,D1R MSN-2,Fam126b,ENSRNOG00000025079,0.253863854,0.022484803
3,D1R MSN-2,Mtmr1,ENSRNOG00000002697,-0.253157265,0.025718242
3,D1R MSN-2,Zmym5,ENSRNOG00000029220,0.250725084,0.023427043
3,D1R MSN-2,Asap1,ENSRNOG00000058733,0.246403259,0.004961273
3,D1R MSN-2,Erc1,ENSRNOG00000009264,0.246168894,0.008518244
3,D1R MSN-2,Ppp3cc,ENSRNOG00000009745,0.245527689,0.008326819
3,D1R MSN-2,Ube2b,ENSRNOG00000059348,0.245347625,0.045172447
3,D1R MSN-2,Fsd1l,ENSRNOG00000059876,0.244959542,0.038476385
3,D1R MSN-2,R3hdm2,ENSRNOG00000007801,-0.242700505,0.042326256
3,D1R MSN-2,Dcun1d4,ENSRNOG00000002152,0.240650068,0.014332996
3,D1R MSN-2,Slc6a17,ENSRNOG00000050090,0.239664528,0.004408674
3,D1R MSN-2,Csnk2a1,ENSRNOG00000005276,0.239443747,0.015338887
3,D1R MSN-2,Osbpl8,ENSRNOG00000026962,0.234723717,0.042930008
3,D1R MSN-2,Cisd1,ENSRNOG00000000610,0.229192447,0.009333454
3,D1R MSN-2,Fktn,ENSRNOG00000028129,-0.218888723,0.02814839
3,D1R MSN-2,AABR07019403.1,ENSRNOG00000058057,0.212639115,0.039878171
3,D1R MSN-2,Snx14,ENSRNOG00000011348,0.211346943,0.043886121
3,D1R MSN-2,Arntl,ENSRNOG00000014448,0.209938998,0.036067224
3,D1R MSN-2,Stim2,ENSRNOG00000002956,0.200557135,0.042474445
3,D1R MSN-2,Ptges3,ENSRNOG00000002642,0.198010696,0.041578494
3,D1R MSN-2,Epn2,ENSRNOG00000060550,0.194362006,0.025718242
3,D1R MSN-2,Pank2,ENSRNOG00000025286,0.193009206,0.016907759
3,D1R MSN-2,Atp6v0a2,ENSRNOG00000052704,0.192103831,0.042474445
3,D1R MSN-2,Arhgap18,ENSRNOG00000011245,0.189130399,0.038580179
3,D1R MSN-2,Ints9,ENSRNOG00000013459,-0.187483053,0.047063663
3,D1R MSN-2,Sorcs1,ENSRNOG00000011313,-0.180010291,0.043163273
3,D1R MSN-2,Smarca2,ENSRNOG00000011931,0.175237823,0.042474445
3,D1R MSN-2,Gxylt1,ENSRNOG00000005234,0.172596153,0.026290498
3,D1R MSN-2,Ppip5k1,ENSRNOG00000014436,0.160730904,0.048328434
3,D1R MSN-2,Scn2a,ENSRNOG00000005018,0.140443181,0.047063663
4,D1R MSN-1,Hs3st5,ENSRNOG00000000605,2.594575606,0.026629633
4,D1R MSN-1,Snx24,ENSRNOG00000017488,-2.1024233,0.026629633
4,D1R MSN-1,Pdia3,ENSRNOG00000015018,2.026252054,0.026629633
4,D1R MSN-1,Srgap3,ENSRNOG00000006509,-1.876592865,0.039516463
4,D1R MSN-1,Osbpl3,ENSRNOG00000010011,1.806322509,0.037856855
4,D1R MSN-1,Ptpro,ENSRNOG00000006231,1.806181398,0.039516463
4,D1R MSN-1,Unc13c,ENSRNOG00000056612,-1.760937562,0.028339113
4,D1R MSN-1,Pde1c,ENSRNOG00000012337,-1.730596187,0.026629633
4,D1R MSN-1,Cnnm1,ENSRNOG00000016302,1.681838417,0.016726587
4,D1R MSN-1,Me3,ENSRNOG00000017311,-1.679098438,0.026629633
4,D1R MSN-1,Adam23,ENSRNOG00000012424,-1.526403729,0.037856855
4,D1R MSN-1,Slc35f3,ENSRNOG00000049456,-1.43615473,0.039516463
4,D1R MSN-1,AABR07040412.1,ENSRNOG00000057826,-1.399761609,0.028339113
4,D1R MSN-1,Elmo1,ENSRNOG00000059705,1.3260108,0.03262556
4,D1R MSN-1,Erc2,ENSRNOG00000015148,-1.321584836,0.026629633
4,D1R MSN-1,Reps2,ENSRNOG00000061508,-1.224775093,0.039516463
4,D1R MSN-1,Sorbs1,ENSRNOG00000015658,1.207533055,0.003816454
4,D1R MSN-1,Rgs9,ENSRNOG00000003800,1.131894275,0.026629633
4,D1R MSN-1,Grm1,ENSRNOG00000014290,1.109141309,0.026629633
4,D1R MSN-1,Ntrk2,ENSRNOG00000018839,1.085477077,0.007561388
4,D1R MSN-1,Zbtb20,ENSRNOG00000056716,-1.071219831,0.026629633
4,D1R MSN-1,Med12l,ENSRNOG00000010680,-1.060113972,0.039516463
4,D1R MSN-1,Cacnb2,ENSRNOG00000018378,-1.043383652,0.003816454
4,D1R MSN-1,AABR07060620.1,ENSRNOG00000052491,-1.042730723,0.037856855
4,D1R MSN-1,Nmnat2,ENSRNOG00000027697,1.028615203,0.041004168
4,D1R MSN-1,Chsy3,ENSRNOG00000050152,0.990666573,0.026629633
4,D1R MSN-1,Ephb1,ENSRNOG00000007865,0.90020608,0.037856855
4,D1R MSN-1,Dmxl1,ENSRNOG00000024671,0.868857113,0.026629633
4,D1R MSN-1,Rnls,ENSRNOG00000020705,-0.755018241,0.049644828
4,D1R MSN-1,Osbpl8,ENSRNOG00000026962,0.745220175,0.03262556
4,D1R MSN-1,Sez6,ENSRNOG00000009350,-0.666231409,0.049644828
4,D1R MSN-1,Bcl11a,ENSRNOG00000007049,-0.53727274,0.037856855
4,D1R MSN-1,Phf21a,ENSRNOG00000006063,-0.404261753,0.026629633
4,D1R MSN-1,Nebl,ENSRNOG00000049452,0.321699892,0.042687716
4,D1R MSN-1,Rab27b,ENSRNOG00000012176,-0.188163672,0.026629633
5,MSN-3,Ercc6l2,ENSRNOG00000019175,-1.757557269,0.005418644
5,MSN-3,Ptpro,ENSRNOG00000006231,1.36935281,0.043479705
5,MSN-3,Pdia3,ENSRNOG00000015018,1.35416302,0.005418644
5,MSN-3,Rsrp1,ENSRNOG00000017309,-1.266498145,0.005418644
5,MSN-3,Arid5b,ENSRNOG00000000635,1.251979175,0.021276817
5,MSN-3,Hsp90b1,ENSRNOG00000026963,1.190710041,0.005418644
5,MSN-3,Gpr137c,ENSRNOG00000026328,1.132341142,0.006742482
5,MSN-3,Tmem65,ENSRNOG00000008934,1.051759636,0.026585852
5,MSN-3,Rbm3,ENSRNOG00000005387,-1.027889452,0.005418644
5,MSN-3,Hsp90ab1,ENSRNOG00000019834,0.970144844,0.032949079
5,MSN-3,Canx,ENSRNOG00000003343,0.966169155,0.032949079
5,MSN-3,Ero1b,ENSRNOG00000002609,0.925995719,0.021276817
5,MSN-3,AABR07059679.1,ENSRNOG00000051264,0.856250621,0.043479705
5,MSN-3,Hsph1,ENSRNOG00000000902,0.823742026,0.041087419
5,MSN-3,Pdzd2,ENSRNOG00000013140,-0.676739586,0.027631907
5,MSN-3,Entpd3,ENSRNOG00000018982,0.610569229,0.027052415
5,MSN-3,Top1,ENSRNOG00000047611,0.601141487,0.041971664
5,MSN-3,Clvs1,ENSRNOG00000006919,0.426974994,0.032949079
5,MSN-3,Chchd6,ENSRNOG00000060248,-0.235395187,0.025708629
5,MSN-3,AABR07021812.1,ENSRNOG00000061764,0.172197292,0.041971664
5,MSN-3,Sbno1,ENSRNOG00000001064,-0.150015717,0.043479705
6,D2R MSN-4,Rsrp1,ENSRNOG00000017309,-1.557994697,0.01080438
6,D2R MSN-4,Pdia3,ENSRNOG00000015018,1.261617201,0.044014978
6,D2R MSN-4,Dnaja1,ENSRNOG00000007029,1.15117959,0.01080438
6,D2R MSN-4,Ero1b,ENSRNOG00000002609,0.882748423,0.01080438
6,D2R MSN-4,Me3,ENSRNOG00000017311,-0.871211525,0.037514028
6,D2R MSN-4,Canx,ENSRNOG00000003343,0.19033849,0.037514028
6,D2R MSN-4,Grb10,ENSRNOG00000004290,-0.164986027,0.013963544
7,D2R MSN-3,Rsrp1,ENSRNOG00000017309,-1.435237784,0.00023997
7,D2R MSN-3,Pdia3,ENSRNOG00000015018,1.407173089,0.000122063
7,D2R MSN-3,Thada,ENSRNOG00000025899,-1.402478683,2.11228E-05
7,D2R MSN-3,Hspa5,ENSRNOG00000018294,1.243118691,0.001177777
7,D2R MSN-3,Ercc6l2,ENSRNOG00000019175,-1.235227893,4.34517E-05
7,D2R MSN-3,Gpr137c,ENSRNOG00000026328,1.081100039,7.06627E-06
7,D2R MSN-3,AABR07027979.1,ENSRNOG00000053341,-1.022291097,0.004919072
7,D2R MSN-3,Ptpro,ENSRNOG00000006231,0.991340442,4.34517E-05
7,D2R MSN-3,Me3,ENSRNOG00000017311,-0.961294589,4.34517E-05
7,D2R MSN-3,Tmem65,ENSRNOG00000008934,0.960681674,1.57344E-06
7,D2R MSN-3,Hsp90b1,ENSRNOG00000026963,0.957461487,0.000265016
7,D2R MSN-3,Dnaja1,ENSRNOG00000007029,0.947129806,0.008606998
7,D2R MSN-3,Mcf2l,ENSRNOG00000028426,0.93635034,0.001048467
7,D2R MSN-3,Arnt2,ENSRNOG00000013017,-0.9222562,0.008158263
7,D2R MSN-3,Hsph1,ENSRNOG00000000902,0.861101986,0.008562065
7,D2R MSN-3,Hsp90ab1,ENSRNOG00000019834,0.85178771,0.022117475
7,D2R MSN-3,Atf7,ENSRNOG00000015269,-0.757087488,0.003684527
7,D2R MSN-3,Atp2a2,ENSRNOG00000001285,0.753687334,0.018747253
7,D2R MSN-3,Canx,ENSRNOG00000003343,0.750689318,0.000496775
7,D2R MSN-3,Tial1,ENSRNOG00000020271,-0.747446056,0.028475725
7,D2R MSN-3,Pdzd2,ENSRNOG00000013140,-0.741207442,0.00246861
7,D2R MSN-3,Erc2,ENSRNOG00000015148,-0.72788811,0.002201532
7,D2R MSN-3,Mrps6,ENSRNOG00000059381,0.720145089,6.40362E-05
7,D2R MSN-3,Dph6,ENSRNOG00000037356,-0.704449094,0.004919072
7,D2R MSN-3,Stx1b,ENSRNOG00000019193,-0.68469592,0.019221717
7,D2R MSN-3,Ero1b,ENSRNOG00000002609,0.679632231,0.000265016
7,D2R MSN-3,Nnat,ENSRNOG00000024923,0.668535662,0.033031867
7,D2R MSN-3,Eml6,ENSRNOG00000037462,0.664921739,0.001800559
7,D2R MSN-3,Tfdp2,ENSRNOG00000011241,-0.643563383,0.000341789
7,D2R MSN-3,Hs3st5,ENSRNOG00000000605,0.640078184,0.00955785
7,D2R MSN-3,Eml5,ENSRNOG00000004207,0.625244246,0.00175438
7,D2R MSN-3,Camk4,ENSRNOG00000020478,-0.61617102,0.018307615
7,D2R MSN-3,Arid5b,ENSRNOG00000000635,0.610433756,0.017415247
7,D2R MSN-3,Tut4,ENSRNOG00000052062,-0.609997243,0.029263453
7,D2R MSN-3,Tmem164,ENSRNOG00000012787,-0.598562543,0.029194729
7,D2R MSN-3,Tnrc18,ENSRNOG00000024482,0.597363643,0.008158263
7,D2R MSN-3,Adcy9,ENSRNOG00000049768,-0.59419828,0.00537011
7,D2R MSN-3,Hfm1,ENSRNOG00000023299,-0.589530602,0.038138383
7,D2R MSN-3,Entpd3,ENSRNOG00000018982,0.586085283,0.008158263
7,D2R MSN-3,Gpbp1,ENSRNOG00000013002,0.569494326,0.007126972
7,D2R MSN-3,Fxr1,ENSRNOG00000051480,0.568412919,0.000180395
7,D2R MSN-3,St13,ENSRNOG00000019070,0.56662227,0.000943104
7,D2R MSN-3,Itfg1,ENSRNOG00000015843,-0.565098654,0.003288751
7,D2R MSN-3,Sgip1,ENSRNOG00000006357,0.561982648,0.000180395
7,D2R MSN-3,Sec14l1,ENSRNOG00000002722,-0.557070093,0.022384444
7,D2R MSN-3,Etfa,ENSRNOG00000015233,-0.55004449,0.009216021
7,D2R MSN-3,Kitlg,ENSRNOG00000005386,0.538345476,0.044757539
7,D2R MSN-3,Itgav,ENSRNOG00000004912,0.535179703,0.033035571
7,D2R MSN-3,Nmt2,ENSRNOG00000026248,0.532984021,0.027055065
7,D2R MSN-3,Flrt2,ENSRNOG00000003732,0.522286853,0.013683236
7,D2R MSN-3,Pspc1,ENSRNOG00000020782,-0.516512962,0.007694539
7,D2R MSN-3,Spata13,ENSRNOG00000013707,-0.513402388,0.032627091
7,D2R MSN-3,Kcnc3,ENSRNOG00000019959,0.51202303,0.001048467
7,D2R MSN-3,Slc12a6,ENSRNOG00000005196,0.504133833,0.016734733
7,D2R MSN-3,Naa16,ENSRNOG00000045863,0.502503953,0.00175438
7,D2R MSN-3,Rnls,ENSRNOG00000020705,-0.499910265,0.006200986
7,D2R MSN-3,Styxl1,ENSRNOG00000023366,-0.496868425,0.041128945
7,D2R MSN-3,Lrfn5,ENSRNOG00000005550,0.479429936,0.008158263
7,D2R MSN-3,Lekr1,ENSRNOG00000031247,-0.474871426,0.019063602
7,D2R MSN-3,Rnpc3,ENSRNOG00000017310,-0.474523216,0.047960356
7,D2R MSN-3,Cabp1,ENSRNOG00000001173,0.470980715,0.024867129
7,D2R MSN-3,Hspa4,ENSRNOG00000016596,0.460650478,0.028475725
7,D2R MSN-3,Sil1,ENSRNOG00000019826,-0.458364568,0.020823485
7,D2R MSN-3,Ppip5k1,ENSRNOG00000014436,0.457871312,0.001584611
7,D2R MSN-3,Gpcpd1,ENSRNOG00000053201,-0.455369087,0.008851665
7,D2R MSN-3,Foxn3,ENSRNOG00000004709,0.453590273,0.028475725
7,D2R MSN-3,Bbx,ENSRNOG00000001971,0.451121974,0.018324426
7,D2R MSN-3,Rsbn1,ENSRNOG00000019671,0.448706236,0.037267213
7,D2R MSN-3,Pacsin2,ENSRNOG00000009756,0.447732991,0.040310152
7,D2R MSN-3,Sipa1l1,ENSRNOG00000007646,-0.446552049,0.032640166
7,D2R MSN-3,Stxbp6,ENSRNOG00000004198,0.42008282,0.036707348
7,D2R MSN-3,Nlk,ENSRNOG00000008704,0.416419986,0.001792458
7,D2R MSN-3,Focad,ENSRNOG00000024402,-0.414903246,0.040956228
7,D2R MSN-3,Babam2,ENSRNOG00000004364,-0.41364716,0.00175438
7,D2R MSN-3,Top1,ENSRNOG00000047611,0.405248568,0.009216021
7,D2R MSN-3,Ppp1cc,ENSRNOG00000001269,-0.402757675,0.0165854
7,D2R MSN-3,Fbxo34,ENSRNOG00000011704,0.401798837,0.021410062
7,D2R MSN-3,Abcf1,ENSRNOG00000000799,0.396829538,0.016184651
7,D2R MSN-3,Snx14,ENSRNOG00000011348,0.39064571,0.001779572
7,D2R MSN-3,Papola,ENSRNOG00000004827,0.386898359,0.004469399
7,D2R MSN-3,Ints3,ENSRNOG00000015153,0.386156513,0.00347436
7,D2R MSN-3,Adam23,ENSRNOG00000012424,-0.382995364,0.036383065
7,D2R MSN-3,Clvs1,ENSRNOG00000006919,0.380667986,0.008158263
7,D2R MSN-3,Rgl1,ENSRNOG00000002347,0.378726167,0.023494938
7,D2R MSN-3,Fbxo8,ENSRNOG00000010502,-0.377308008,0.016184651
7,D2R MSN-3,Klhdc10,ENSRNOG00000010267,-0.373853893,0.012488512
7,D2R MSN-3,Cald1,ENSRNOG00000010233,0.371489301,0.025003055
7,D2R MSN-3,Prpf18,ENSRNOG00000018396,0.369131627,0.03469682
7,D2R MSN-3,Epb41,ENSRNOG00000010037,0.364860956,0.040971711
7,D2R MSN-3,Add2,ENSRNOG00000015903,0.360429186,0.039372281
7,D2R MSN-3,Ascc3,ENSRNOG00000037604,0.35689974,0.026433967
7,D2R MSN-3,Luc7l2,ENSRNOG00000006001,-0.35653146,0.001735027
7,D2R MSN-3,Brk1,ENSRNOG00000010184,0.354244908,0.017355687
7,D2R MSN-3,Kcnk2,ENSRNOG00000002653,-0.348435411,0.012488512
7,D2R MSN-3,Rb1,ENSRNOG00000016029,0.346637231,0.04673096
7,D2R MSN-3,Orc3,ENSRNOG00000008314,-0.344415017,0.033330867
7,D2R MSN-3,Aak1,ENSRNOG00000018317,0.339861574,0.017610863
7,D2R MSN-3,Gripap1,ENSRNOG00000009071,0.338521671,0.027674451
7,D2R MSN-3,Hdac4,ENSRNOG00000020372,0.332363683,0.013735313
7,D2R MSN-3,AABR07026291.1,ENSRNOG00000014275,0.332032124,0.01949148
7,D2R MSN-3,RGD1563680,ENSRNOG00000004571,0.331317032,0.031182027
7,D2R MSN-3,Washc3,ENSRNOG00000005102,-0.330810212,0.009216021
7,D2R MSN-3,Zmym5,ENSRNOG00000029220,0.32965312,0.027351753
7,D2R MSN-3,Kif5c,ENSRNOG00000004680,0.328809559,0.022117475
7,D2R MSN-3,Crebbp,ENSRNOG00000005330,0.328747905,0.00175438
7,D2R MSN-3,Rnf149,ENSRNOG00000013946,0.327970427,0.021059002
7,D2R MSN-3,Nsd3,ENSRNOG00000015621,0.325963237,0.042970304
7,D2R MSN-3,Cacnb2,ENSRNOG00000018378,-0.32540764,0.000265016
7,D2R MSN-3,P4ha1,ENSRNOG00000050655,0.324844704,0.008606998
7,D2R MSN-3,Stim2,ENSRNOG00000002956,0.324419929,0.01908843
7,D2R MSN-3,Metap2,ENSRNOG00000021881,0.322347108,0.017355687
7,D2R MSN-3,Xkr6,ENSRNOG00000011634,0.318800276,0.017585875
7,D2R MSN-3,Son,ENSRNOG00000002021,-0.317834748,0.012640605
7,D2R MSN-3,Ncam1,ENSRNOG00000031890,0.305362494,0.033370255
7,D2R MSN-3,Usp47,ENSRNOG00000026754,0.29845412,0.018017734
7,D2R MSN-3,Slco3a1,ENSRNOG00000032798,0.293395579,0.022384444
7,D2R MSN-3,Rab5c,ENSRNOG00000018568,0.293286631,0.021410062
7,D2R MSN-3,Lman2l,ENSRNOG00000015699,0.28824645,0.048886257
7,D2R MSN-3,Nalcn,ENSRNOG00000004752,-0.287698649,0.029776802
7,D2R MSN-3,Rabgap1l,ENSRNOG00000002736,-0.276918998,0.02462533
7,D2R MSN-3,Herc3,ENSRNOG00000007304,0.275706544,0.008158263
7,D2R MSN-3,Cnksr2,ENSRNOG00000007014,-0.270410759,0.048380207
7,D2R MSN-3,Itsn2,ENSRNOG00000046741,0.269245273,0.01903325
7,D2R MSN-3,Pan3,ENSRNOG00000000942,0.26748272,0.025003055
7,D2R MSN-3,Stk32c,ENSRNOG00000006962,0.262956649,0.036718669
7,D2R MSN-3,Txlng,ENSRNOG00000004971,0.262826996,0.043273674
7,D2R MSN-3,Prim1,ENSRNOG00000031993,0.260738584,0.044930606
7,D2R MSN-3,Fdps,ENSRNOG00000043377,0.257622208,0.043118412
7,D2R MSN-3,Dcun1d4,ENSRNOG00000002152,0.257192123,0.03696291
7,D2R MSN-3,Neo1,ENSRNOG00000006490,-0.253404224,0.038138383
7,D2R MSN-3,AABR07027306.1,ENSRNOG00000014264,0.245023838,0.019063602
7,D2R MSN-3,Cdc42bpa,ENSRNOG00000002841,0.242466499,0.018307615
7,D2R MSN-3,Ap3s1,ENSRNOG00000003829,0.219308454,0.020823485
7,D2R MSN-3,Nol10,ENSRNOG00000005344,-0.212132765,0.035568958
7,D2R MSN-3,Tanc2,ENSRNOG00000052840,0.195720625,0.015129779
7,D2R MSN-3,Vps13a,ENSRNOG00000025539,0.180801543,0.019221717
7,D2R MSN-3,Chka,ENSRNOG00000016791,-0.167950141,0.009359666
7,D2R MSN-3,Mboat2,ENSRNOG00000061050,0.163564765,0.012488512
7,D2R MSN-3,Rabgap1,ENSRNOG00000009402,-0.161457518,0.013071289
7,D2R MSN-3,Lrrc1,ENSRNOG00000005970,0.158075251,0.040952775
8,D2R MSN-2,AABR07032496.1,ENSRNOG00000057780,-1.812166865,0.019158923
8,D2R MSN-2,Bcl2,ENSRNOG00000002791,-1.68583152,0.019158923
8,D2R MSN-2,Rab27b,ENSRNOG00000012176,-1.51257852,0.019158923
8,D2R MSN-2,Rsrp1,ENSRNOG00000017309,-1.175192694,0.036720237
8,D2R MSN-2,Mboat2,ENSRNOG00000061050,1.15862963,0.036794396
8,D2R MSN-2,Gpr137c,ENSRNOG00000026328,1.109802824,0.028819867
8,D2R MSN-2,Rps6ka3,ENSRNOG00000006632,1.020629258,0.019158923
8,D2R MSN-2,Adam23,ENSRNOG00000012424,-1.005623188,0.028819867
8,D2R MSN-2,Hsp90b1,ENSRNOG00000026963,0.972336964,0.030543716
8,D2R MSN-2,Itfg1,ENSRNOG00000015843,-0.953700414,0.045075579
8,D2R MSN-2,Nexn,ENSRNOG00000012512,0.860462429,0.028819867
8,D2R MSN-2,Eml6,ENSRNOG00000037462,0.846997065,0.045075579
8,D2R MSN-2,Bach2,ENSRNOG00000006170,-0.839002703,0.035414918
8,D2R MSN-2,Gng7,ENSRNOG00000019857,0.758373911,0.028819867
8,D2R MSN-2,Rap1gap2,ENSRNOG00000002652,0.740762124,0.028819867
8,D2R MSN-2,R3hdm1,ENSRNOG00000004099,-0.702299076,0.028819867
8,D2R MSN-2,Thada,ENSRNOG00000025899,-0.245938918,0.028819867
9,D2R MSN-1,Rsrp1,ENSRNOG00000017309,-1.562162842,0.009302091
9,D2R MSN-1,Ercc6l2,ENSRNOG00000019175,-1.328206583,0.034556978
9,D2R MSN-1,Mcf2l,ENSRNOG00000028426,0.329531843,0.027409926
10,MSN-2,Rsrp1,ENSRNOG00000017309,-1.685746695,0.000127418
10,MSN-2,Dnaja1,ENSRNOG00000007029,1.281363531,0.029894251
10,MSN-2,Hsp90b1,ENSRNOG00000026963,1.153586661,0.011591214
10,MSN-2,Ptpro,ENSRNOG00000006231,1.077212419,0.03989468
10,MSN-2,Hsph1,ENSRNOG00000000902,1.005289369,0.009617631
10,MSN-2,Canx,ENSRNOG00000003343,0.979878086,0.01924315
10,MSN-2,Tmem65,ENSRNOG00000008934,0.966566845,0.016006171
10,MSN-2,Hsp90ab1,ENSRNOG00000019834,0.916590651,0.047951374
10,MSN-2,Atp2a2,ENSRNOG00000001285,0.904091153,0.01161388
10,MSN-2,Mboat2,ENSRNOG00000061050,0.901217587,0.002226435
10,MSN-2,Stip1,ENSRNOG00000021164,0.830078768,0.002226435
10,MSN-2,Dph6,ENSRNOG00000037356,-0.800296313,0.002614307
10,MSN-2,Naa16,ENSRNOG00000045863,0.783925255,0.007884739
10,MSN-2,Thrb,ENSRNOG00000006649,0.757353281,0.049809666
10,MSN-2,Med13l,ENSRNOG00000001120,0.742623249,0.035232627
10,MSN-2,Itfg1,ENSRNOG00000015843,-0.730972829,0.011995695
10,MSN-2,Kcnc3,ENSRNOG00000019959,0.730679356,0.049809666
10,MSN-2,Ero1b,ENSRNOG00000002609,0.727291123,0.009617631
10,MSN-2,Osbpl3,ENSRNOG00000010011,0.626996196,0.030045081
10,MSN-2,Luc7l2,ENSRNOG00000006001,-0.594545414,0.012381713
10,MSN-2,Cnnm1,ENSRNOG00000016302,0.584660952,0.03989468
10,MSN-2,Sv2c,ENSRNOG00000018094,-0.546986367,0.014864854
10,MSN-2,Csrnp3,ENSRNOG00000005359,-0.421175746,0.04946249
10,MSN-2,Pspc1,ENSRNOG00000020782,-0.364506382,0.009617631
10,MSN-2,Cacnb4,ENSRNOG00000007666,0.333997851,0.049809666
10,MSN-2,Ercc6l2,ENSRNOG00000019175,-0.230838809,0.014864854
10,MSN-2,Mcf2l,ENSRNOG00000028426,0.216117262,0.014864854
10,MSN-2,Babam2,ENSRNOG00000004364,-0.215474894,0.023097333
10,MSN-2,Pdia3,ENSRNOG00000015018,0.212290128,0.035232627
17,Pvalb Interneuron,AABR07052897.3,ENSRNOG00000060635,0.885482166,0.04912683
17,Pvalb Interneuron,Atp2a2,ENSRNOG00000001285,1.027281987,0.04912683
17,Pvalb Interneuron,Atp8a1,ENSRNOG00000034200,0.888566107,0.04338586
17,Pvalb Interneuron,Dmxl1,ENSRNOG00000024671,0.842798756,0.015859806
17,Pvalb Interneuron,Epha4,ENSRNOG00000013213,-0.979729293,0.016951274
17,Pvalb Interneuron,Gtdc1,ENSRNOG00000031038,-1.298723622,0.015859806
17,Pvalb Interneuron,Kcnab1,ENSRNOG00000056697,-0.395397778,0.011829417
17,Pvalb Interneuron,Luc7l2,ENSRNOG00000006001,-0.840989721,0.04338586
17,Pvalb Interneuron,Mrps6,ENSRNOG00000059381,1.572969583,0.001632484
17,Pvalb Interneuron,Pde7b,ENSRNOG00000013436,1.89533005,0.015859806
17,Pvalb Interneuron,Pdia3,ENSRNOG00000015018,1.43770374,0.016004457
17,Pvalb Interneuron,Plcxd3,ENSRNOG00000014550,1.140467007,0.034008487
17,Pvalb Interneuron,Sgsm1,ENSRNOG00000000708,1.062764429,0.015859806
17,Pvalb Interneuron,Shc3,ENSRNOG00000014366,0.187529645,0.04912683
17,Pvalb Interneuron,Sik2,ENSRNOG00000043498,0.952980452,0.046464818
17,Pvalb Interneuron,Sik3,ENSRNOG00000045931,0.626256703,0.04912683
17,Pvalb Interneuron,Slc8a1,ENSRNOG00000008479,0.905079701,0.04048987
17,Pvalb Interneuron,Tspan5,ENSRNOG00000015913,0.92791106,0.046464818
17,Pvalb Interneuron,Vwc2l,ENSRNOG00000027400,1.050414076,0.046464818
18,Oligodendrocyte-4,Cryab,ENSRNOG00000010524,2.399403757,0.001874333
18,Oligodendrocyte-4,Rsrp1,ENSRNOG00000017309,-1.983904393,0.000154073
18,Oligodendrocyte-4,Hsph1,ENSRNOG00000000902,1.84773828,0.000154073
18,Oligodendrocyte-4,P4ha1,ENSRNOG00000050655,1.661535966,0.001537529
18,Oligodendrocyte-4,Gpatch4,ENSRNOG00000018969,-1.627622125,0.039146942
18,Oligodendrocyte-4,Mrps6,ENSRNOG00000059381,1.544744585,0.000154073
18,Oligodendrocyte-4,Hsp90ab1,ENSRNOG00000019834,1.393488861,0.00332591
18,Oligodendrocyte-4,Tmc7,ENSRNOG00000016679,1.380398799,0.005963385
18,Oligodendrocyte-4,Tmem132b,ENSRNOG00000038406,-1.342036577,0.001028653
18,Oligodendrocyte-4,Cdc37l1,ENSRNOG00000010967,-1.320941775,0.033583797
18,Oligodendrocyte-4,Naa16,ENSRNOG00000045863,1.306624707,0.000154073
18,Oligodendrocyte-4,Dnaja1,ENSRNOG00000007029,1.234168717,0.013845809
18,Oligodendrocyte-4,Swt1,ENSRNOG00000032258,1.234030039,0.00332591
18,Oligodendrocyte-4,Nt5e,ENSRNOG00000011071,-1.216218754,0.000228609
18,Oligodendrocyte-4,Fxr1,ENSRNOG00000051480,1.203149442,0.001028653
18,Oligodendrocyte-4,Map4k5,ENSRNOG00000004923,1.201421165,0.000194124
18,Oligodendrocyte-4,Pkp4,ENSRNOG00000005504,1.197343447,0.000154073
18,Oligodendrocyte-4,Rab31,ENSRNOG00000042189,-1.176191941,0.046250639
18,Oligodendrocyte-4,Deptor,ENSRNOG00000004328,-1.138401577,0.003999701
18,Oligodendrocyte-4,St13,ENSRNOG00000019070,1.05302842,0.000903988
18,Oligodendrocyte-4,Ikzf2,ENSRNOG00000027430,-1.045450374,0.003444787
18,Oligodendrocyte-4,Mboat2,ENSRNOG00000061050,1.030562778,0.000154073
18,Oligodendrocyte-4,Dscaml1,ENSRNOG00000016502,-0.989650614,0.002521443
18,Oligodendrocyte-4,Pbx3,ENSRNOG00000022162,0.966660132,0.00290824
18,Oligodendrocyte-4,Sort1,ENSRNOG00000031814,0.922662382,0.001576451
18,Oligodendrocyte-4,AABR07028769.1,ENSRNOG00000016670,-0.916337103,0.008334399
18,Oligodendrocyte-4,Foxn3,ENSRNOG00000004709,0.89582327,0.000592856
18,Oligodendrocyte-4,Lrrc4c,ENSRNOG00000029798,0.88507475,0.009002183
18,Oligodendrocyte-4,Luc7l2,ENSRNOG00000006001,-0.864397643,0.000726642
18,Oligodendrocyte-4,Dip2a,ENSRNOG00000043212,0.856096604,0.007847626
18,Oligodendrocyte-4,Cct3,ENSRNOG00000019090,0.851355497,0.02217114
18,Oligodendrocyte-4,Abhd3,ENSRNOG00000029370,0.844026603,0.031154976
18,Oligodendrocyte-4,Mitf,ENSRNOG00000008658,0.837557114,0.005963385
18,Oligodendrocyte-4,AABR07070131.1,ENSRNOG00000053537,0.834858023,0.003444787
18,Oligodendrocyte-4,Trim2,ENSRNOG00000010124,-0.827446176,0.011365283
18,Oligodendrocyte-4,Appl2,ENSRNOG00000008174,0.805405667,0.001028653
18,Oligodendrocyte-4,Mink1,ENSRNOG00000033508,0.805039362,0.005028248
18,Oligodendrocyte-4,Trim9,ENSRNOG00000007031,0.804985227,0.005963385
18,Oligodendrocyte-4,Kcnq3,ENSRNOG00000005206,0.795917423,0.003113896
18,Oligodendrocyte-4,Tanc1,ENSRNOG00000025394,0.790871006,0.00332591
18,Oligodendrocyte-4,Jakmip3,ENSRNOG00000027590,0.784381888,0.005963385
18,Oligodendrocyte-4,Hspa5,ENSRNOG00000018294,0.782209375,0.040987611
18,Oligodendrocyte-4,Reps2,ENSRNOG00000061508,0.771235225,0.002521443
18,Oligodendrocyte-4,Tle4,ENSRNOG00000013239,0.758431425,0.010002088
18,Oligodendrocyte-4,Sdk2,ENSRNOG00000024711,0.755194749,0.001305068
18,Oligodendrocyte-4,Abca8a,ENSRNOG00000004147,0.749957175,0.010154136
18,Oligodendrocyte-4,Dync1h1,ENSRNOG00000006178,0.747909344,0.042083863
18,Oligodendrocyte-4,Srgap1,ENSRNOG00000004603,0.747592289,0.000351596
18,Oligodendrocyte-4,Tmem98,ENSRNOG00000021316,0.743951502,0.015198914
18,Oligodendrocyte-4,Dixdc1,ENSRNOG00000010260,0.736118233,0.001084496
18,Oligodendrocyte-4,Mog,ENSRNOG00000000775,-0.735239554,0.000194124
18,Oligodendrocyte-4,Gng12,ENSRNOG00000050231,-0.72711819,0.020210393
18,Oligodendrocyte-4,Mobp,ENSRNOG00000018700,-0.713280224,0.008076873
18,Oligodendrocyte-4,Dock5,ENSRNOG00000024703,0.694817011,0.00290824
18,Oligodendrocyte-4,Zdhhc14,ENSRNOG00000029049,0.693477801,0.00290824
18,Oligodendrocyte-4,Gpm6b,ENSRNOG00000004613,-0.678049028,0.00332591
18,Oligodendrocyte-4,Slc6a6,ENSRNOG00000009019,0.67604275,0.013845809
18,Oligodendrocyte-4,Jam3,ENSRNOG00000009149,0.675478097,0.010369058
18,Oligodendrocyte-4,Dnajb2,ENSRNOG00000019506,0.668631927,0.005963385
18,Oligodendrocyte-4,Setd7,ENSRNOG00000013045,-0.664526269,0.046250639
18,Oligodendrocyte-4,Ankib1,ENSRNOG00000005502,0.664269083,0.005375065
18,Oligodendrocyte-4,Erbin,ENSRNOG00000047137,-0.646558472,0.040627448
18,Oligodendrocyte-4,Fam171a1,ENSRNOG00000016534,0.63274646,0.013845809
18,Oligodendrocyte-4,Fmnl2,ENSRNOG00000055567,0.632414121,0.020621072
18,Oligodendrocyte-4,Ptpra,ENSRNOG00000021223,0.626052179,0.002121644
18,Oligodendrocyte-4,Armh3,ENSRNOG00000025523,-0.623959303,0.039559881
18,Oligodendrocyte-4,Washc4,ENSRNOG00000008331,0.610422926,0.028333307
18,Oligodendrocyte-4,Ube3a,ENSRNOG00000015734,-0.60757665,0.026156191
18,Oligodendrocyte-4,Arid1b,ENSRNOG00000017030,0.60621029,0.030740719
18,Oligodendrocyte-4,Cct6a,ENSRNOG00000000923,0.602604239,0.020621072
18,Oligodendrocyte-4,Bcat1,ENSRNOG00000015514,-0.596689707,0.019637541
18,Oligodendrocyte-4,Slc38a2,ENSRNOG00000006305,0.589813328,0.004101307
18,Oligodendrocyte-4,Tesk2,ENSRNOG00000017282,-0.585758787,0.040014704
18,Oligodendrocyte-4,Tmtc2,ENSRNOG00000004585,0.585030577,0.035148923
18,Oligodendrocyte-4,Rdx,ENSRNOG00000012237,0.583303359,0.042006126
18,Oligodendrocyte-4,Klf9,ENSRNOG00000014215,-0.582704633,0.030740719
18,Oligodendrocyte-4,Sash1,ENSRNOG00000013160,0.581713311,0.003826427
18,Oligodendrocyte-4,Cdk17,ENSRNOG00000004148,0.575598425,0.004198926
18,Oligodendrocyte-4,Atp8a1,ENSRNOG00000034200,0.567819328,0.005841126
18,Oligodendrocyte-4,Ccp110,ENSRNOG00000027405,0.56715117,0.033169234
18,Oligodendrocyte-4,Cux1,ENSRNOG00000001424,0.557959491,0.013845809
18,Oligodendrocyte-4,Herc4,ENSRNOG00000061040,0.557367096,0.00290824
18,Oligodendrocyte-4,Myo1d,ENSRNOG00000003276,0.553555176,0.007013518
18,Oligodendrocyte-4,Ypel3,ENSRNOG00000019721,0.5504224,0.044484688
18,Oligodendrocyte-4,Ercc6l2,ENSRNOG00000019175,-0.549394151,0.042006126
18,Oligodendrocyte-4,Papola,ENSRNOG00000004827,0.545881306,0.02217114
18,Oligodendrocyte-4,RGD1304624,ENSRNOG00000006986,0.53445296,0.02217114
18,Oligodendrocyte-4,Ptk2,ENSRNOG00000007916,-0.533091621,0.033583797
18,Oligodendrocyte-4,Fryl,ENSRNOG00000002248,0.524864689,0.035148923
18,Oligodendrocyte-4,Ube2h,ENSRNOG00000048205,0.514091984,0.033583797
18,Oligodendrocyte-4,Gnai1,ENSRNOG00000057096,0.511946232,0.045033018
18,Oligodendrocyte-4,Rfx7,ENSRNOG00000060367,-0.509025502,0.014926262
18,Oligodendrocyte-4,LOC108349594,ENSRNOG00000051039,-0.50723115,0.013845809
18,Oligodendrocyte-4,Aspa,ENSRNOG00000019659,-0.505046518,0.040627448
18,Oligodendrocyte-4,Abcd3,ENSRNOG00000011929,0.504947022,0.049270322
18,Oligodendrocyte-4,Pspc1,ENSRNOG00000020782,-0.499320982,0.00761381
18,Oligodendrocyte-4,Slc24a2,ENSRNOG00000008169,0.494362229,0.000154073
18,Oligodendrocyte-4,Dym,ENSRNOG00000018425,0.492350576,0.049539459
18,Oligodendrocyte-4,Mia2,ENSRNOG00000005101,0.485532806,0.021139671
18,Oligodendrocyte-4,Hecw2,ENSRNOG00000013257,-0.48419775,0.046250639
18,Oligodendrocyte-4,Ninj2,ENSRNOG00000010282,0.483997555,0.007013518
18,Oligodendrocyte-4,Mob3b,ENSRNOG00000009453,0.483802761,0.007013518
18,Oligodendrocyte-4,AABR07046961.1,ENSRNOG00000060950,0.483488135,0.002521443
18,Oligodendrocyte-4,Hipk2,ENSRNOG00000007034,0.481118369,0.005963385
18,Oligodendrocyte-4,Prorp,ENSRNOG00000007043,-0.475962147,0.038586816
18,Oligodendrocyte-4,Septin8,ENSRNOG00000007462,0.458129934,0.013845809
18,Oligodendrocyte-4,Dtnb,ENSRNOG00000011914,0.455990144,0.042006126
18,Oligodendrocyte-4,Ppp4r3b,ENSRNOG00000003712,-0.453929204,0.031154976
18,Oligodendrocyte-4,Slc44a1,ENSRNOG00000055089,-0.443478595,0.00290824
18,Oligodendrocyte-4,Pds5b,ENSRNOG00000001098,0.439782027,0.037275645
18,Oligodendrocyte-4,Ppip5k2,ENSRNOG00000011613,0.428615746,0.0183385
18,Oligodendrocyte-4,Top1,ENSRNOG00000047611,0.427017434,0.030738955
18,Oligodendrocyte-4,Lap3,ENSRNOG00000003289,0.423615942,0.028333307
18,Oligodendrocyte-4,Lgmn,ENSRNOG00000007089,0.409644299,0.04284447
18,Oligodendrocyte-4,Ube2r2,ENSRNOG00000010727,0.407790337,0.045282783
18,Oligodendrocyte-4,Rere,ENSRNOG00000017940,0.40376276,0.016240125
18,Oligodendrocyte-4,Mapt,ENSRNOG00000005133,0.398060336,0.040562603
18,Oligodendrocyte-4,Kif5c,ENSRNOG00000004680,0.394392917,0.021393081
18,Oligodendrocyte-4,Csnk1g1,ENSRNOG00000016620,-0.392101849,0.033583797
18,Oligodendrocyte-4,Ttll5,ENSRNOG00000009318,0.385533524,0.024054568
18,Oligodendrocyte-4,Padi2,ENSRNOG00000007574,0.382379019,0.022075759
18,Oligodendrocyte-4,Prkdc,ENSRNOG00000025028,0.38206387,0.040627448
18,Oligodendrocyte-4,Ank2,ENSRNOG00000011076,0.374781108,0.006733177
18,Oligodendrocyte-4,Sox2,ENSRNOG00000012199,0.373033349,0.02217114
18,Oligodendrocyte-4,Pak7,ENSRNOG00000005509,0.356714847,0.013845809
18,Oligodendrocyte-4,Phlpp1,ENSRNOG00000002821,0.327633511,0.040627448
18,Oligodendrocyte-4,Adgrv1,ENSRNOG00000016306,-0.325898026,0.043561373
18,Oligodendrocyte-4,Rnf43,ENSRNOG00000007606,-0.218136613,0.013845809
18,Oligodendrocyte-4,Creb5,ENSRNOG00000008622,-0.181577157,0.017118476
18,Oligodendrocyte-4,Zeb2,ENSRNOG00000004677,-0.181194223,0.035148923
18,Oligodendrocyte-4,Ak3,ENSRNOG00000052506,-0.16551936,0.005963385
19,Oligodendrocyte-3,Zbtb16,ENSRNOG00000029980,-2.886506776,0.022063282
19,Oligodendrocyte-3,Mrps6,ENSRNOG00000059381,2.035913637,1.20331E-05
19,Oligodendrocyte-3,Cryab,ENSRNOG00000010524,1.950832865,0.001354742
19,Oligodendrocyte-3,P4ha1,ENSRNOG00000050655,1.752971706,4.1471E-05
19,Oligodendrocyte-3,Pbx3,ENSRNOG00000022162,1.662835314,0.000345105
19,Oligodendrocyte-3,Hsph1,ENSRNOG00000000902,1.654212264,0.000615928
19,Oligodendrocyte-3,Rsrp1,ENSRNOG00000017309,-1.548755193,1.2465E-05
19,Oligodendrocyte-3,Gpatch4,ENSRNOG00000018969,-1.47870162,0.030277035
19,Oligodendrocyte-3,Cdc37l1,ENSRNOG00000010967,-1.412508953,0.000760916
19,Oligodendrocyte-3,Dscaml1,ENSRNOG00000016502,-1.406258417,0.010431145
19,Oligodendrocyte-3,Hsp90ab1,ENSRNOG00000019834,1.340777685,0.001253801
19,Oligodendrocyte-3,Rab31,ENSRNOG00000042189,-1.318402635,0.016097123
19,Oligodendrocyte-3,Trim2,ENSRNOG00000010124,-1.289088341,0.000260365
19,Oligodendrocyte-3,Gpd1,ENSRNOG00000056457,-1.27048969,0.000152328
19,Oligodendrocyte-3,Nt5e,ENSRNOG00000011071,-1.237829745,0.000149373
19,Oligodendrocyte-3,Rcan2,ENSRNOG00000010350,-1.211719987,0.017729542
19,Oligodendrocyte-3,Dnaja1,ENSRNOG00000007029,1.206224957,0.000986818
19,Oligodendrocyte-3,Tmc7,ENSRNOG00000016679,1.183549936,0.000775772
19,Oligodendrocyte-3,Srgap1,ENSRNOG00000004603,1.166750452,1.08797E-06
19,Oligodendrocyte-3,Map4k5,ENSRNOG00000004923,1.160332505,4.1471E-05
19,Oligodendrocyte-3,Pde8a,ENSRNOG00000019005,-1.090935754,0.002337657
19,Oligodendrocyte-3,Swt1,ENSRNOG00000032258,1.075590996,0.000775772
19,Oligodendrocyte-3,Mboat2,ENSRNOG00000061050,1.049348634,1.36993E-05
19,Oligodendrocyte-3,Naa16,ENSRNOG00000045863,1.019029778,0.000260365
19,Oligodendrocyte-3,Ak3,ENSRNOG00000052506,-0.99595543,0.000806614
19,Oligodendrocyte-3,Pkp4,ENSRNOG00000005504,0.992254226,4.1471E-05
19,Oligodendrocyte-3,Mog,ENSRNOG00000000775,-0.972582673,0.003706162
19,Oligodendrocyte-3,Ncam2,ENSRNOG00000002126,-0.950449173,0.001846276
19,Oligodendrocyte-3,Fxr1,ENSRNOG00000051480,0.943606861,0.000374609
19,Oligodendrocyte-3,Dync1h1,ENSRNOG00000006178,0.927652171,0.0052333
19,Oligodendrocyte-3,Mobp,ENSRNOG00000018700,-0.894135942,0.003914612
19,Oligodendrocyte-3,Mitf,ENSRNOG00000008658,0.868022897,5.57322E-06
19,Oligodendrocyte-3,Tanc1,ENSRNOG00000025394,0.867755306,0.000615928
19,Oligodendrocyte-3,Ikzf2,ENSRNOG00000027430,-0.861913511,0.003790562
19,Oligodendrocyte-3,Rnf43,ENSRNOG00000007606,-0.854480172,0.000986818
19,Oligodendrocyte-3,Tbcel,ENSRNOG00000032364,-0.844107793,0.000260365
19,Oligodendrocyte-3,Htra1,ENSRNOG00000020533,-0.837073363,0.011244037
19,Oligodendrocyte-3,Slc8a1,ENSRNOG00000008479,-0.831679117,0.001125732
19,Oligodendrocyte-3,Cct3,ENSRNOG00000019090,0.822074756,0.001846276
19,Oligodendrocyte-3,Sort1,ENSRNOG00000031814,0.816433937,2.33116E-05
19,Oligodendrocyte-3,Adpgk,ENSRNOG00000026178,-0.814833361,0.049966425
19,Oligodendrocyte-3,Mfn1,ENSRNOG00000011057,-0.813796523,0.022657775
19,Oligodendrocyte-3,Hspa5,ENSRNOG00000018294,0.798812692,0.0075313
19,Oligodendrocyte-3,Dip2a,ENSRNOG00000043212,0.790588609,0.000478435
19,Oligodendrocyte-3,Slc38a2,ENSRNOG00000006305,0.784138636,0.008527995
19,Oligodendrocyte-3,Atp8a1,ENSRNOG00000034200,0.781423823,2.95633E-05
19,Oligodendrocyte-3,Luc7l2,ENSRNOG00000006001,-0.77320444,0.000751911
19,Oligodendrocyte-3,AABR07043711.1,ENSRNOG00000060858,-0.743808445,0.012591562
19,Oligodendrocyte-3,Gsta6,ENSRNOG00000033402,-0.739979648,0.025115727
19,Oligodendrocyte-3,St13,ENSRNOG00000019070,0.72911267,0.000260365
19,Oligodendrocyte-3,Dlg1,ENSRNOG00000038597,0.724794391,5.57322E-06
19,Oligodendrocyte-3,Snx24,ENSRNOG00000017488,-0.689927142,0.032407344
19,Oligodendrocyte-3,B3galnt2,ENSRNOG00000016855,-0.676278772,0.002740319
19,Oligodendrocyte-3,Tbc1d5,ENSRNOG00000010637,-0.658371009,0.000645521
19,Oligodendrocyte-3,Coro2b,ENSRNOG00000015257,0.657777466,7.69286E-05
19,Oligodendrocyte-3,Slc44a1,ENSRNOG00000055089,-0.656468731,2.79916E-05
19,Oligodendrocyte-3,Fmnl2,ENSRNOG00000055567,0.651348975,0.000622632
19,Oligodendrocyte-3,Rps6ka5,ENSRNOG00000004362,-0.646495295,0.04389744
19,Oligodendrocyte-3,Ccp110,ENSRNOG00000027405,0.644141644,0.000279556
19,Oligodendrocyte-3,Dixdc1,ENSRNOG00000010260,0.628843813,0.00143134
19,Oligodendrocyte-3,Jakmip3,ENSRNOG00000027590,0.625039481,0.000806614
19,Oligodendrocyte-3,Arap2,ENSRNOG00000056826,-0.624048678,0.008349757
19,Oligodendrocyte-3,Appl2,ENSRNOG00000008174,0.623332884,0.000805237
19,Oligodendrocyte-3,Slc24a2,ENSRNOG00000008169,0.622598381,5.11809E-05
19,Oligodendrocyte-3,Hspa4,ENSRNOG00000016596,0.398443011,0.006456564
19,Oligodendrocyte-3,Nsmce2,ENSRNOG00000003964,-0.396442234,0.027536928
19,Oligodendrocyte-3,Kif13b,ENSRNOG00000013089,0.396027239,0.002272891
19,Oligodendrocyte-3,Prrg1,ENSRNOG00000026044,0.39589648,0.001049934
19,Oligodendrocyte-3,Pspc1,ENSRNOG00000020782,-0.395671964,0.000633188
19,Oligodendrocyte-3,Cdk19,ENSRNOG00000000583,0.392440117,0.008527995
19,Oligodendrocyte-3,Zmynd8,ENSRNOG00000019154,-0.390083936,0.048613277
19,Oligodendrocyte-3,Lgmn,ENSRNOG00000007089,0.387985621,0.008606433
19,Oligodendrocyte-3,Mier1,ENSRNOG00000007175,-0.386334635,0.003265779
19,Oligodendrocyte-3,Tacc1,ENSRNOG00000016423,-0.379461521,0.023845671
19,Oligodendrocyte-3,Braf,ENSRNOG00000010957,-0.378944092,0.003605567
19,Oligodendrocyte-3,Eea1,ENSRNOG00000021681,0.376964503,0.040290053
19,Oligodendrocyte-3,Glrb,ENSRNOG00000010199,-0.368788649,0.010045628
19,Oligodendrocyte-3,Kdm6a,ENSRNOG00000052721,-0.368467571,0.030741631
19,Oligodendrocyte-3,Ptk2,ENSRNOG00000007916,-0.368334586,0.027443991
19,Oligodendrocyte-3,Agmo,ENSRNOG00000023116,-0.366620902,0.01948655
19,Oligodendrocyte-3,Eps15,ENSRNOG00000010299,-0.365776533,0.030629713
19,Oligodendrocyte-3,Atp9b,ENSRNOG00000032039,-0.360033189,0.045245281
19,Oligodendrocyte-3,Sox2,ENSRNOG00000012199,0.359442267,0.002818144
19,Oligodendrocyte-3,Pak7,ENSRNOG00000005509,0.356630826,0.001365215
19,Oligodendrocyte-3,Fryl,ENSRNOG00000002248,0.353961872,0.00381936
19,Oligodendrocyte-3,Pcca,ENSRNOG00000057042,-0.343367381,0.007768126
19,Oligodendrocyte-3,Atf2,ENSRNOG00000001597,-0.342253598,0.012591562
19,Oligodendrocyte-3,Ube2g1,ENSRNOG00000010041,-0.340627151,0.026595284
19,Oligodendrocyte-3,Morf4l1,ENSRNOG00000058412,-0.33827898,0.010419644
19,Oligodendrocyte-3,Apba1,ENSRNOG00000014928,0.338067521,0.008349757
19,Oligodendrocyte-3,Ube2h,ENSRNOG00000048205,0.335270793,0.005297462
19,Oligodendrocyte-3,Chn2,ENSRNOG00000009411,0.334287228,0.040484086
19,Oligodendrocyte-3,Gatad2b,ENSRNOG00000015553,-0.331948575,0.032974986
19,Oligodendrocyte-3,Stag2,ENSRNOG00000029885,0.329361525,0.0052333
19,Oligodendrocyte-3,RGD1304624,ENSRNOG00000006986,0.327832689,0.000986818
19,Oligodendrocyte-3,Rere,ENSRNOG00000017940,0.327750567,0.045589208
19,Oligodendrocyte-3,Zfp622,ENSRNOG00000010589,0.327398583,0.006786595
19,Oligodendrocyte-3,Plekhh1,ENSRNOG00000010650,0.326428853,0.020298251
19,Oligodendrocyte-3,Kpna4,ENSRNOG00000010768,-0.326104776,0.027607038
19,Oligodendrocyte-3,AC096473.3,ENSRNOG00000055700,0.323798853,0.028246585
19,Oligodendrocyte-3,Wipi1,ENSRNOG00000003827,0.315152729,0.036029533
19,Oligodendrocyte-3,AABR07059258.1,ENSRNOG00000060937,0.312374119,0.006040049
19,Oligodendrocyte-3,Ambra1,ENSRNOG00000017422,-0.301693444,0.010419644
19,Oligodendrocyte-3,Ate1,ENSRNOG00000024414,0.294856941,0.00409835
19,Oligodendrocyte-3,Crebbp,ENSRNOG00000005330,0.292818883,0.041145711
19,Oligodendrocyte-3,Mdm4,ENSRNOG00000009696,-0.292142156,0.049006806
19,Oligodendrocyte-3,Map7,ENSRNOG00000012701,0.287333916,0.003993215
19,Oligodendrocyte-3,Agap3,ENSRNOG00000012764,0.285316567,0.040693614
19,Oligodendrocyte-3,Septin8,ENSRNOG00000007462,0.28342826,0.002959535
19,Oligodendrocyte-3,Zfp407,ENSRNOG00000043357,-0.282827465,0.023011516
19,Oligodendrocyte-3,Pdia3,ENSRNOG00000015018,0.282320147,0.02316882
19,Oligodendrocyte-3,Mbnl2,ENSRNOG00000010737,0.279366585,0.001538606
19,Oligodendrocyte-3,Oxct1,ENSRNOG00000043094,0.277298399,0.001671734
19,Oligodendrocyte-3,Brd9,ENSRNOG00000015676,0.266593765,0.006040049
19,Oligodendrocyte-3,Cwf19l2,ENSRNOG00000024372,-0.265018271,0.000958824
19,Oligodendrocyte-3,Fcho2,ENSRNOG00000015334,0.264308672,0.019871016
19,Oligodendrocyte-3,Pds5b,ENSRNOG00000001098,0.263302857,0.005713569
19,Oligodendrocyte-3,Bzw2,ENSRNOG00000005096,0.263133322,0.024753737
19,Oligodendrocyte-3,Specc1,ENSRNOG00000002903,-0.260177223,0.02068194
19,Oligodendrocyte-3,Zfand6,ENSRNOG00000013506,-0.25307997,0.044612002
19,Oligodendrocyte-3,Ube2d1,ENSRNOG00000000611,0.249703923,0.003706162
19,Oligodendrocyte-3,Phlpp1,ENSRNOG00000002821,0.247848149,0.004147701
19,Oligodendrocyte-3,Rock1,ENSRNOG00000031092,0.245085789,0.036119544
19,Oligodendrocyte-3,Cecr2,ENSRNOG00000011566,0.244443386,0.023428409
19,Oligodendrocyte-3,Snx29,ENSRNOG00000002294,0.240813472,0.013961158
19,Oligodendrocyte-3,Mib1,ENSRNOG00000013281,0.237895237,0.041637279
19,Oligodendrocyte-3,AABR07031445.1,ENSRNOG00000047261,0.236612219,0.033042039
19,Oligodendrocyte-3,Il1rapl1,ENSRNOG00000029663,-0.235518607,0.023428409
19,Oligodendrocyte-3,Lcorl,ENSRNOG00000003787,0.23345354,0.036579087
19,Oligodendrocyte-3,Fam193a,ENSRNOG00000013832,0.232644412,0.01325389
19,Oligodendrocyte-3,Ppp4r3b,ENSRNOG00000003712,-0.232189561,0.041454349
19,Oligodendrocyte-3,Adk,ENSRNOG00000012325,-0.227431217,0.043214947
19,Oligodendrocyte-3,AABR07068161.1,ENSRNOG00000053200,0.221974496,0.001175968
19,Oligodendrocyte-3,Dclk1,ENSRNOG00000032922,0.21971009,0.030463946
19,Oligodendrocyte-3,Ptprd,ENSRNOG00000005711,0.219408366,0.010100533
19,Oligodendrocyte-3,Dpp7,ENSRNOG00000012640,0.21774239,0.031514689
19,Oligodendrocyte-3,Ube2r2,ENSRNOG00000010727,0.213655267,0.006040049
19,Oligodendrocyte-3,Ckap5,ENSRNOG00000016067,-0.210519304,0.036119544
19,Oligodendrocyte-3,Zeb2,ENSRNOG00000004677,-0.209251661,0.036119544
19,Oligodendrocyte-3,Add1,ENSRNOG00000013039,0.209101373,0.032235533
19,Oligodendrocyte-3,Marchf8,ENSRNOG00000012297,0.203256604,0.030639663
19,Oligodendrocyte-3,Rusc2,ENSRNOG00000045843,0.20061177,0.024061692
19,Oligodendrocyte-3,Myo9a,ENSRNOG00000011619,0.199882383,0.037543487
19,Oligodendrocyte-3,Foxj3,ENSRNOG00000061851,0.199300428,0.029575519
19,Oligodendrocyte-3,Rsrc2,ENSRNOG00000001238,-0.186088735,0.040940795
19,Oligodendrocyte-3,Tbl1xr1,ENSRNOG00000011216,0.174971539,0.014903781
19,Oligodendrocyte-3,Faf1,ENSRNOG00000008523,-0.169320466,0.039690458
19,Oligodendrocyte-3,Xpo7,ENSRNOG00000013288,0.14188345,0.037131408
19,Oligodendrocyte-3,Hsp90b1,ENSRNOG00000026963,0.621983503,0.031514689
19,Oligodendrocyte-3,Ptpra,ENSRNOG00000021223,0.618384253,0.000280415
19,Oligodendrocyte-3,Jam3,ENSRNOG00000009149,0.615364798,0.000805237
19,Oligodendrocyte-3,Foxn3,ENSRNOG00000004709,0.612302519,0.000986431
19,Oligodendrocyte-3,AABR07028769.1,ENSRNOG00000016670,-0.611793817,0.012714637
19,Oligodendrocyte-3,Gpm6b,ENSRNOG00000004613,-0.608953055,0.005553805
19,Oligodendrocyte-3,Kcnq3,ENSRNOG00000005206,0.601601414,0.000806614
19,Oligodendrocyte-3,Ankib1,ENSRNOG00000005502,0.599998222,0.000260365
19,Oligodendrocyte-3,Erbin,ENSRNOG00000047137,-0.599065487,0.023774581
19,Oligodendrocyte-3,Mink1,ENSRNOG00000033508,0.593063797,0.000751911
19,Oligodendrocyte-3,Fam13c,ENSRNOG00000000275,0.591227583,0.032974986
19,Oligodendrocyte-3,Abhd3,ENSRNOG00000029370,0.588065339,0.000775772
19,Oligodendrocyte-3,Tle4,ENSRNOG00000013239,0.585811498,0.005567741
19,Oligodendrocyte-3,Aspa,ENSRNOG00000019659,-0.578865019,0.034143132
19,Oligodendrocyte-3,Klf9,ENSRNOG00000014215,-0.577975595,0.001175968
19,Oligodendrocyte-3,Hipk2,ENSRNOG00000007034,0.575660932,0.036119544
19,Oligodendrocyte-3,Stk39,ENSRNOG00000024808,0.57262866,0.006048037
19,Oligodendrocyte-3,Ypel3,ENSRNOG00000019721,0.568940837,0.005847739
19,Oligodendrocyte-3,Setd7,ENSRNOG00000013045,-0.566109961,0.004599802
19,Oligodendrocyte-3,Abca8a,ENSRNOG00000004147,0.540177318,0.000335306
19,Oligodendrocyte-3,Papola,ENSRNOG00000004827,0.535627903,4.1471E-05
19,Oligodendrocyte-3,Mvb12b,ENSRNOG00000017172,0.534285859,0.000775772
19,Oligodendrocyte-3,Ppfibp2,ENSRNOG00000019667,0.530927494,0.000260365
19,Oligodendrocyte-3,Hecw2,ENSRNOG00000013257,-0.529111908,0.009928667
19,Oligodendrocyte-3,Gab1,ENSRNOG00000017879,0.529090849,0.033619547
19,Oligodendrocyte-3,Sipa1l1,ENSRNOG00000007646,0.528747183,0.003338448
19,Oligodendrocyte-3,Lap3,ENSRNOG00000003289,0.523550389,0.024570138
19,Oligodendrocyte-3,Ercc6l2,ENSRNOG00000019175,-0.51529012,0.020298251
19,Oligodendrocyte-3,AABR07060133.1,ENSRNOG00000054990,0.513181035,0.001579279
19,Oligodendrocyte-3,Herc4,ENSRNOG00000061040,0.512314655,0.003790562
19,Oligodendrocyte-3,AABR07046961.1,ENSRNOG00000060950,0.505235866,0.00010894
19,Oligodendrocyte-3,Ptprm,ENSRNOG00000011700,0.502795071,0.000233812
19,Oligodendrocyte-3,Ptges3,ENSRNOG00000002642,0.50230227,0.003706162
19,Oligodendrocyte-3,Dnajb2,ENSRNOG00000019506,0.500001123,0.001049934
19,Oligodendrocyte-3,Tesk2,ENSRNOG00000017282,-0.498375548,0.006456564
19,Oligodendrocyte-3,Ank2,ENSRNOG00000011076,0.492698949,5.16432E-07
19,Oligodendrocyte-3,Myo1d,ENSRNOG00000003276,0.491637458,0.000280415
19,Oligodendrocyte-3,Kmt2c,ENSRNOG00000061080,0.489101421,0.003914612
19,Oligodendrocyte-3,Itfg1,ENSRNOG00000015843,-0.48623088,0.002272891
19,Oligodendrocyte-3,Pde4b,ENSRNOG00000005905,0.484747159,0.000392792
19,Oligodendrocyte-3,Slc6a6,ENSRNOG00000009019,0.474833873,0.00235544
19,Oligodendrocyte-3,Slc25a17,ENSRNOG00000018920,-0.474551886,0.027607038
19,Oligodendrocyte-3,Stard13,ENSRNOG00000001090,0.468629954,0.000260365
19,Oligodendrocyte-3,Ddx5,ENSRNOG00000030680,0.465055991,0.002298343
19,Oligodendrocyte-3,Tle1,ENSRNOG00000005882,0.460005973,0.04184753
19,Oligodendrocyte-3,Cct4,ENSRNOG00000009642,0.457612804,0.031670059
19,Oligodendrocyte-3,Tmtc2,ENSRNOG00000004585,0.456980933,0.023845671
19,Oligodendrocyte-3,Ermn,ENSRNOG00000021472,0.449416787,0.00764734
19,Oligodendrocyte-3,Pdzd2,ENSRNOG00000013140,0.447770311,0.008606433
19,Oligodendrocyte-3,Grik4,ENSRNOG00000030910,0.442019308,0.006373897
19,Oligodendrocyte-3,Ncald,ENSRNOG00000042978,0.441693918,0.009287125
19,Oligodendrocyte-3,Mrps28,ENSRNOG00000032630,-0.440974571,0.006040049
19,Oligodendrocyte-3,Epb41l4b,ENSRNOG00000056550,0.439784725,0.005846082
19,Oligodendrocyte-3,Ninj2,ENSRNOG00000010282,0.437073271,0.000842922
19,Oligodendrocyte-3,Fam126a,ENSRNOG00000010517,0.434026787,0.003342966
19,Oligodendrocyte-3,Usp33,ENSRNOG00000011294,0.433310933,0.006040049
19,Oligodendrocyte-3,Fam168a,ENSRNOG00000018873,0.42386594,0.034897923
19,Oligodendrocyte-3,Fam53b,ENSRNOG00000061348,0.422437612,0.022063282
19,Oligodendrocyte-3,RGD1565616,ENSRNOG00000021237,0.419051084,0.004762376
19,Oligodendrocyte-3,Qdpr,ENSRNOG00000003253,0.418223883,0.01234069
19,Oligodendrocyte-3,Kmt2e,ENSRNOG00000021614,0.416299823,0.006356655
19,Oligodendrocyte-3,Rdx,ENSRNOG00000012237,0.41503319,0.012591562
19,Oligodendrocyte-3,Arhgap32,ENSRNOG00000008709,0.412371483,0.039690458
19,Oligodendrocyte-3,Tcf12,ENSRNOG00000057754,0.410701303,0.007981277
19,Oligodendrocyte-3,Zdhhc14,ENSRNOG00000029049,0.409426061,0.004599802
19,Oligodendrocyte-3,Ttll5,ENSRNOG00000009318,0.409365773,0.002338339
19,Oligodendrocyte-3,Arid1b,ENSRNOG00000017030,0.406504473,0.028896469
19,Oligodendrocyte-3,Rtn4,ENSRNOG00000004621,0.402996419,0.036119544
20,Oligodendrocyte-2,P4ha1,ENSRNOG00000050655,0.35473782,0.034295965
20,Oligodendrocyte-2,Dscaml1,ENSRNOG00000016502,-0.33248821,0.030089142
20,Oligodendrocyte-2,Slc24a2,ENSRNOG00000008169,0.330985927,0.036363915
20,Oligodendrocyte-2,Zfp622,ENSRNOG00000010589,0.310808126,0.027589575
20,Oligodendrocyte-2,Tbcel,ENSRNOG00000032364,-0.217092573,0.022887038
20,Oligodendrocyte-2,Arhgap32,ENSRNOG00000008709,0.186300165,0.030089142
20,Oligodendrocyte-2,Sema3e,ENSRNOG00000006631,-0.180615764,0.039914886
20,Oligodendrocyte-2,Hsph1,ENSRNOG00000000902,2.323330385,0.002773311
20,Oligodendrocyte-2,Mrps6,ENSRNOG00000059381,2.080074318,4.09108E-05
20,Oligodendrocyte-2,Dnaja1,ENSRNOG00000007029,1.692625843,0.019062015
20,Oligodendrocyte-2,Gpd1,ENSRNOG00000056457,-1.632413839,0.012194615
20,Oligodendrocyte-2,Rab31,ENSRNOG00000042189,-1.572945937,0.010277284
20,Oligodendrocyte-2,Pbx3,ENSRNOG00000022162,1.510066417,0.000463029
20,Oligodendrocyte-2,Rsrp1,ENSRNOG00000017309,-1.418985931,1.52677E-05
20,Oligodendrocyte-2,Chordc1,ENSRNOG00000026643,1.401553681,0.002773311
20,Oligodendrocyte-2,Rpe65,ENSRNOG00000009582,-1.397458331,0.03561709
20,Oligodendrocyte-2,Naa16,ENSRNOG00000045863,1.341236774,0.000165041
20,Oligodendrocyte-2,Rcan2,ENSRNOG00000010350,-1.33473624,0.003585592
20,Oligodendrocyte-2,Abhd3,ENSRNOG00000029370,1.334699415,0.009767876
20,Oligodendrocyte-2,Fxr1,ENSRNOG00000051480,1.318477233,0.001369955
20,Oligodendrocyte-2,Hsp90ab1,ENSRNOG00000019834,1.299551875,0.030089142
20,Oligodendrocyte-2,Trim2,ENSRNOG00000010124,-1.23630136,0.001463504
20,Oligodendrocyte-2,Sgk1,ENSRNOG00000011815,-1.213114045,0.048745189
20,Oligodendrocyte-2,Swt1,ENSRNOG00000032258,1.212542153,0.018442425
20,Oligodendrocyte-2,St13,ENSRNOG00000019070,1.165036013,0.002318192
20,Oligodendrocyte-2,Tmc7,ENSRNOG00000016679,1.162358834,0.012743001
20,Oligodendrocyte-2,Pde8a,ENSRNOG00000019005,-1.122370429,0.025950005
20,Oligodendrocyte-2,Slc38a2,ENSRNOG00000006305,1.113217728,0.021478104
20,Oligodendrocyte-2,Appl2,ENSRNOG00000008174,1.032903864,0.012772205
20,Oligodendrocyte-2,Srgap1,ENSRNOG00000004603,1.028666109,0.012636194
20,Oligodendrocyte-2,Gpatch4,ENSRNOG00000018969,-0.954582168,0.01755926
20,Oligodendrocyte-2,Rnf43,ENSRNOG00000007606,-0.95404949,0.008530507
20,Oligodendrocyte-2,Sort1,ENSRNOG00000031814,0.937347774,0.002607421
20,Oligodendrocyte-2,Map4k5,ENSRNOG00000004923,0.925925193,0.019062015
20,Oligodendrocyte-2,Gsta6,ENSRNOG00000033402,-0.821663746,0.027589575
20,Oligodendrocyte-2,Svep1,ENSRNOG00000033110,-0.81778308,0.025950005
20,Oligodendrocyte-2,Ppp2r3a,ENSRNOG00000022999,-0.771989794,0.006338355
20,Oligodendrocyte-2,Tmem65,ENSRNOG00000008934,0.730589957,0.030089142
20,Oligodendrocyte-2,Rasal2,ENSRNOG00000004917,-0.716083131,0.014245069
20,Oligodendrocyte-2,Padi2,ENSRNOG00000007574,0.70768403,0.029790333
20,Oligodendrocyte-2,Mboat2,ENSRNOG00000061050,0.701586165,0.031159006
20,Oligodendrocyte-2,Hspa4,ENSRNOG00000016596,0.634813617,0.030089142
20,Oligodendrocyte-2,Mvb12b,ENSRNOG00000017172,0.624235398,0.036363915
20,Oligodendrocyte-2,Akap7,ENSRNOG00000013202,-0.589525836,0.036363915
20,Oligodendrocyte-2,Bcat1,ENSRNOG00000015514,-0.504227105,0.030089142
20,Oligodendrocyte-2,Mog,ENSRNOG00000000775,-0.485046703,0.019062015
20,Oligodendrocyte-2,Dlg1,ENSRNOG00000038597,0.47707673,0.027942312
20,Oligodendrocyte-2,Mobp,ENSRNOG00000018700,-0.465633467,0.039914886
20,Oligodendrocyte-2,Tbc1d5,ENSRNOG00000010637,-0.454878163,0.024315751
20,Oligodendrocyte-2,Slc44a1,ENSRNOG00000055089,-0.424245317,0.00328175
21,Oligodendrocyte-1,Hsph1,ENSRNOG00000000902,2.396852619,0.002410013
22,OPC,Maml2,ENSRNOG00000005879,0.397390154,0.023189846
22,OPC,Chst11,ENSRNOG00000008885,0.826333553,0.023189846
22,OPC,Hsp90b1,ENSRNOG00000026963,1.052882615,0.023189846
22,OPC,Hsph1,ENSRNOG00000000902,1.038979152,0.031560855
22,OPC,Usp54,ENSRNOG00000027012,-1.187768299,0.023189846
24,Astrocyte-2,Zbtb16,ENSRNOG00000029980,-2.416304579,0.000155865
24,Astrocyte-2,Npas2,ENSRNOG00000013408,-2.221867289,2.10512E-06
24,Astrocyte-2,Mical2,ENSRNOG00000016244,-1.820594291,0.00012119
24,Astrocyte-2,Hdac4,ENSRNOG00000020372,1.805105433,6.44687E-05
24,Astrocyte-2,Asap2,ENSRNOG00000061519,-1.650936109,0.000554954
24,Astrocyte-2,Rsrp1,ENSRNOG00000017309,-1.628171031,3.55797E-06
24,Astrocyte-2,Nt5c2,ENSRNOG00000020179,-1.583129445,2.79856E-06
24,Astrocyte-2,Pde7b,ENSRNOG00000013436,1.553703371,0.00012119
24,Astrocyte-2,Tmtc2,ENSRNOG00000004585,-1.55283676,2.10512E-06
24,Astrocyte-2,Hsph1,ENSRNOG00000000902,1.419032756,0.000424953
24,Astrocyte-2,Rps6ka5,ENSRNOG00000004362,-1.408181844,2.83331E-05
24,Astrocyte-2,Dnaja1,ENSRNOG00000007029,1.370302748,0.000289409
24,Astrocyte-2,Acsl3,ENSRNOG00000014718,-1.362759703,0.000859986
24,Astrocyte-2,Stard13,ENSRNOG00000001090,1.35762035,3.55797E-06
24,Astrocyte-2,P4ha1,ENSRNOG00000050655,1.316469521,0.0002423
24,Astrocyte-2,Usp54,ENSRNOG00000027012,-1.264200854,0.00030426
24,Astrocyte-2,Hspa5,ENSRNOG00000018294,1.237899094,0.003258056
24,Astrocyte-2,Pdia3,ENSRNOG00000015018,1.233571383,0.000234903
24,Astrocyte-2,Gab2,ENSRNOG00000011882,-1.22703914,3.47005E-05
24,Astrocyte-2,Abca1,ENSRNOG00000018126,-1.22044368,0.000330378
24,Astrocyte-2,Hip1,ENSRNOG00000001448,-1.197363734,0.001801259
24,Astrocyte-2,Crebrf,ENSRNOG00000020769,-1.17969289,0.003282374
24,Astrocyte-2,Mertk,ENSRNOG00000017319,-1.17532645,0.000414366
24,Astrocyte-2,Sgip1,ENSRNOG00000006357,1.16635375,0.000119157
24,Astrocyte-2,LOC103693129,ENSRNOG00000049584,-1.150700677,0.000927165
24,Astrocyte-2,Camk2g,ENSRNOG00000009783,-1.14771292,0.000990751
24,Astrocyte-2,Plce1,ENSRNOG00000014276,-1.137930338,0.00017029
24,Astrocyte-2,Hsp90ab1,ENSRNOG00000019834,1.122638404,0.004475893
24,Astrocyte-2,Naa16,ENSRNOG00000045863,1.120714985,0.000142711
24,Astrocyte-2,Gsta6,ENSRNOG00000033402,-1.117292885,0.005443858
24,Astrocyte-2,Acss1,ENSRNOG00000007102,-1.115156994,0.032065892
24,Astrocyte-2,Igf1r,ENSRNOG00000014187,-1.099993442,0.010722244
24,Astrocyte-2,Lmod1,ENSRNOG00000051548,-1.097820865,0.000139806
24,Astrocyte-2,Rapgef3,ENSRNOG00000059961,-1.089343761,0.003195379
24,Astrocyte-2,Sntb1,ENSRNOG00000004821,1.089239569,2.10512E-06
24,Astrocyte-2,Hsp90b1,ENSRNOG00000026963,1.084946339,0.000554954
24,Astrocyte-2,Htra1,ENSRNOG00000020533,-1.052907479,0.00497855
24,Astrocyte-2,Farp1,ENSRNOG00000011203,-1.047070529,4.33435E-05
24,Astrocyte-2,Lix1,ENSRNOG00000012988,1.044155528,0.001306417
24,Astrocyte-2,Prr5,ENSRNOG00000012475,-1.020968705,0.009836464
24,Astrocyte-2,Setx,ENSRNOG00000013491,-1.017805093,0.019270669
24,Astrocyte-2,Ppp2r2b,ENSRNOG00000018851,1.017544789,0.000687253
24,Astrocyte-2,Tnrc6b,ENSRNOG00000024907,-1.003785734,0.00012119
24,Astrocyte-2,Aifm3,ENSRNOG00000037957,-0.979958596,0.042269873
24,Astrocyte-2,Arhgef28,ENSRNOG00000016544,-0.954043117,0.003226769
24,Astrocyte-2,Smox,ENSRNOG00000021255,-0.943684538,0.003764738
24,Astrocyte-2,Ildr2,ENSRNOG00000025151,0.941533052,0.001197661
24,Astrocyte-2,Klf9,ENSRNOG00000014215,-0.936037972,0.005984038
24,Astrocyte-2,Wwc1,ENSRNOG00000008065,0.93260089,6.44687E-05
24,Astrocyte-2,Hacd2,ENSRNOG00000038761,-0.932157788,8.11756E-05
24,Astrocyte-2,Ptk2b,ENSRNOG00000027839,-0.930765031,0.001197661
24,Astrocyte-2,Asap1,ENSRNOG00000058733,0.924940953,1.46216E-05
24,Astrocyte-2,Pitpnm2,ENSRNOG00000029260,-0.907396827,0.005443858
24,Astrocyte-2,Pnpla7,ENSRNOG00000008190,-0.90710788,0.00055409
24,Astrocyte-2,Hdac8,ENSRNOG00000003122,-0.900313546,0.007410276
24,Astrocyte-2,Gabbr2,ENSRNOG00000008431,0.898069792,0.002453337
24,Astrocyte-2,Camk1d,ENSRNOG00000017882,-0.895811748,0.002453337
24,Astrocyte-2,Oxct1,ENSRNOG00000043094,0.895502742,3.04447E-05
24,Astrocyte-2,Fchsd2,ENSRNOG00000019319,0.874460677,3.02835E-06
24,Astrocyte-2,St13,ENSRNOG00000019070,0.856195611,0.000155865
24,Astrocyte-2,Rapgef2,ENSRNOG00000021581,0.852589543,0.000414366
24,Astrocyte-2,Tafa5,ENSRNOG00000049349,0.831021437,0.000223576
24,Astrocyte-2,Luc7l3,ENSRNOG00000002835,-0.813160981,0.025820885
24,Astrocyte-2,Eya1,ENSRNOG00000007590,-0.813155455,0.001306417
24,Astrocyte-2,Afdn,ENSRNOG00000023753,-0.803746352,0.040403043
24,Astrocyte-2,Rasa3,ENSRNOG00000017671,0.801039614,0.02656519
24,Astrocyte-2,Ahcyl1,ENSRNOG00000018569,-0.799413925,0.000119157
24,Astrocyte-2,Abhd3,ENSRNOG00000029370,0.788789073,0.00206397
24,Astrocyte-2,Tnfrsf19,ENSRNOG00000014265,0.758795806,0.005978561
24,Astrocyte-2,Pkp4,ENSRNOG00000005504,0.755399867,0.001617787
24,Astrocyte-2,Mrps6,ENSRNOG00000059381,0.753403955,0.000388044
24,Astrocyte-2,Fgd6,ENSRNOG00000054515,-0.750642153,0.010218526
24,Astrocyte-2,Slc4a4,ENSRNOG00000003134,-0.750475781,2.7565E-05
24,Astrocyte-2,Tmem65,ENSRNOG00000008934,0.75011863,0.000119157
24,Astrocyte-2,Camk2d,ENSRNOG00000011589,0.742746704,0.000581451
24,Astrocyte-2,Rgcc,ENSRNOG00000042960,0.736780993,0.000554954
24,Astrocyte-2,Chst11,ENSRNOG00000008885,0.731182312,0.001253741
24,Astrocyte-2,Canx,ENSRNOG00000003343,0.728639036,0.00108607
24,Astrocyte-2,Mboat2,ENSRNOG00000061050,0.725039731,0.003321549
24,Astrocyte-2,Snta1,ENSRNOG00000016062,0.716927582,0.003614174
24,Astrocyte-2,Arid1b,ENSRNOG00000017030,0.716798259,0.000414366
24,Astrocyte-2,Tfdp2,ENSRNOG00000011241,-0.715677445,0.004621767
24,Astrocyte-2,Tle1,ENSRNOG00000005882,0.714296338,0.008215175
24,Astrocyte-2,Swt1,ENSRNOG00000032258,0.712850504,0.001524312
24,Astrocyte-2,Clybl,ENSRNOG00000014075,-0.69689293,0.002390473
24,Astrocyte-2,Maml2,ENSRNOG00000005879,0.696883676,0.006348183
24,Astrocyte-2,Atp8a1,ENSRNOG00000034200,0.689533895,0.025221832
24,Astrocyte-2,Nim1k,ENSRNOG00000016353,0.681924289,0.000388044
24,Astrocyte-2,Smarca2,ENSRNOG00000011931,-0.674002493,0.00055409
24,Astrocyte-2,Nol4,ENSRNOG00000014775,0.662786012,0.002592779
24,Astrocyte-2,Pik3r1,ENSRNOG00000018903,-0.656929928,0.002390473
24,Astrocyte-2,Ppp1r12a,ENSRNOG00000004925,0.653468215,0.002453337
24,Astrocyte-2,Slc22a23,ENSRNOG00000017210,0.642010345,0.000490477
24,Astrocyte-2,Hlf,ENSRNOG00000002456,-0.611321553,0.046730269
24,Astrocyte-2,Srsf5,ENSRNOG00000005513,-0.602320511,0.039865329
24,Astrocyte-2,Osbpl6,ENSRNOG00000010812,0.597020824,0.025466657
24,Astrocyte-2,Stox2,ENSRNOG00000009590,-0.596729313,0.022858634
24,Astrocyte-2,Pcdhgc3,ENSRNOG00000019799,0.595860679,0.040403043
24,Astrocyte-2,Slc7a11,ENSRNOG00000010210,0.587680616,0.002134946
24,Astrocyte-2,Gulp1,ENSRNOG00000003242,0.582677205,0.001197661
24,Astrocyte-2,Atp2a2,ENSRNOG00000001285,0.576287449,0.008683709
24,Astrocyte-2,Chka,ENSRNOG00000016791,-0.564610046,0.013866645
24,Astrocyte-2,Rai1,ENSRNOG00000060615,0.562372596,0.000672161
24,Astrocyte-2,Magi2,ENSRNOG00000013962,-0.560477753,0.005443858
24,Astrocyte-2,Rpn2,ENSRNOG00000007492,0.559150417,0.009773869
24,Astrocyte-2,Map2,ENSRNOG00000011841,-0.559090951,0.002592779
24,Astrocyte-2,Ash1l,ENSRNOG00000020386,0.549597641,0.008185079
24,Astrocyte-2,Nav1,ENSRNOG00000008425,0.547939218,0.018817489
24,Astrocyte-2,Gramd2b,ENSRNOG00000015225,-0.545182596,0.022761352
24,Astrocyte-2,Nktr,ENSRNOG00000049128,0.54202005,0.007950664
24,Astrocyte-2,Mpdz,ENSRNOG00000007894,0.539342768,0.002763015
24,Astrocyte-2,Brwd1,ENSRNOG00000001632,0.538390573,0.001436296
24,Astrocyte-2,Apba2,ENSRNOG00000016358,0.537257313,0.003289627
24,Astrocyte-2,Slc1a2,ENSRNOG00000005479,-0.531930471,0.015875697
24,Astrocyte-2,Insr,ENSRNOG00000029986,-0.528122326,0.041285883
24,Astrocyte-2,Chchd3,ENSRNOG00000013211,0.524040359,0.007877725
24,Astrocyte-2,Siah1,ENSRNOG00000015143,-0.522410553,0.02656519
24,Astrocyte-2,Hspd1,ENSRNOG00000014525,0.520258488,0.037194034
24,Astrocyte-2,Grm3,ENSRNOG00000005519,0.520037516,0.001458109
24,Astrocyte-2,Mmd2,ENSRNOG00000001113,0.518294938,0.037898825
24,Astrocyte-2,Caskin1,ENSRNOG00000003195,0.505021618,0.013325218
24,Astrocyte-2,Nedd4l,ENSRNOG00000017610,0.505012615,0.044836175
24,Astrocyte-2,Ptprn2,ENSRNOG00000005003,0.502927606,0.02107081
24,Astrocyte-2,Ptn,ENSRNOG00000011946,0.500917803,0.035740575
24,Astrocyte-2,Rab10,ENSRNOG00000047088,0.500507777,0.003173631
24,Astrocyte-2,Car2,ENSRNOG00000009629,0.492434756,0.042250303
24,Astrocyte-2,Fam49a,ENSRNOG00000052758,-0.487680071,0.045926204
24,Astrocyte-2,Mapk4,ENSRNOG00000015401,-0.487187879,0.047060139
24,Astrocyte-2,Ppip5k1,ENSRNOG00000014436,0.485300334,0.005933168
24,Astrocyte-2,Dab1,ENSRNOG00000007410,0.481508584,0.039371382
24,Astrocyte-2,Dtna,ENSRNOG00000016671,-0.476837314,0.034861969
24,Astrocyte-2,St3gal3,ENSRNOG00000019843,0.47468272,0.039308476
24,Astrocyte-2,Sncaip,ENSRNOG00000018254,0.474204804,0.028020207
24,Astrocyte-2,Fbxl4,ENSRNOG00000005641,-0.473915063,0.02160957
24,Astrocyte-2,Prrx1,ENSRNOG00000003720,0.467274353,0.048680796
24,Astrocyte-2,Daam1,ENSRNOG00000004345,0.46710994,0.014141096
24,Astrocyte-2,Vti1a,ENSRNOG00000042786,0.460038378,0.003772653
24,Astrocyte-2,Ube2k,ENSRNOG00000027088,0.459016506,0.005659122
24,Astrocyte-2,Arap2,ENSRNOG00000056826,-0.457876511,0.002453337
24,Astrocyte-2,Mkln1,ENSRNOG00000054514,-0.45652764,0.046611683
24,Astrocyte-2,Tp53bp2,ENSRNOG00000003237,-0.454992663,0.007877725
24,Astrocyte-2,AC241873.1,ENSRNOG00000060617,-0.453945098,0.027369797
24,Astrocyte-2,Sclt1,ENSRNOG00000014139,-0.452828193,0.044836175
24,Astrocyte-2,Luc7l2,ENSRNOG00000006001,-0.450017399,0.014724758
24,Astrocyte-2,Nf2,ENSRNOG00000007948,0.442648986,0.008683709
24,Astrocyte-2,Gbf1,ENSRNOG00000026048,0.441177599,0.046730269
24,Astrocyte-2,Ptges3,ENSRNOG00000002642,0.436774249,0.007337484
24,Astrocyte-2,Disp1,ENSRNOG00000003635,0.434564476,0.011683457
24,Astrocyte-2,Cdh10,ENSRNOG00000009771,0.426366129,0.001332791
24,Astrocyte-2,Ezr,ENSRNOG00000018524,0.420043019,0.000757145
24,Astrocyte-2,Hspa4,ENSRNOG00000016596,0.419005641,0.003195379
24,Astrocyte-2,AABR07059663.1,ENSRNOG00000051922,-0.418548591,0.034861969
24,Astrocyte-2,Ntrk2,ENSRNOG00000018839,0.417713849,0.001008294
24,Astrocyte-2,Enah,ENSRNOG00000031934,-0.416472178,0.015801955
24,Astrocyte-2,Rgs20,ENSRNOG00000008100,0.411317527,0.040766156
24,Astrocyte-2,NEWGENE-1310139,ENSRNOG00000027002,-0.410986525,0.01531823
24,Astrocyte-2,Rgs3,ENSRNOG00000024501,-0.408046619,0.032065892
24,Astrocyte-2,Txndc11,ENSRNOG00000002452,0.407651911,0.039786249
24,Astrocyte-2,Asph,ENSRNOG00000007445,-0.402488184,0.025773744
24,Astrocyte-2,Ctif,ENSRNOG00000018342,0.401275521,0.038080852
24,Astrocyte-2,Far1,ENSRNOG00000013176,0.396680364,0.035740575
24,Astrocyte-2,Micos10,ENSRNOG00000042696,0.379944852,0.025820885
24,Astrocyte-2,Tax1bp1,ENSRNOG00000008393,-0.37921076,0.035081895
24,Astrocyte-2,Lrp11,ENSRNOG00000014303,0.375731685,0.024478913
24,Astrocyte-2,Kctd1,ENSRNOG00000016467,0.373733738,0.014123003
24,Astrocyte-2,Nwd1,ENSRNOG00000052129,-0.372689281,0.005323755
24,Astrocyte-2,Etv6,ENSRNOG00000005984,0.367840664,0.042250303
24,Astrocyte-2,Ankrd28,ENSRNOG00000019697,-0.364676968,0.022789928
24,Astrocyte-2,Fam193a,ENSRNOG00000013832,0.363601193,0.005074624
24,Astrocyte-2,Anxa6,ENSRNOG00000010668,0.360076274,0.0416212
24,Astrocyte-2,Mbtd1,ENSRNOG00000049988,-0.359065888,0.011721843
24,Astrocyte-2,Usp34,ENSRNOG00000051889,0.357220327,0.021624355
24,Astrocyte-2,Gap43,ENSRNOG00000001528,0.354309551,0.025773744
24,Astrocyte-2,Sik3,ENSRNOG00000045931,0.35427998,0.003106139
24,Astrocyte-2,Igsf11,ENSRNOG00000001525,0.351661164,0.003289627
24,Astrocyte-2,Cbfa2t2,ENSRNOG00000016352,0.351487827,0.037090261
24,Astrocyte-2,Nrf1,ENSRNOG00000008752,0.345008039,0.005791207
24,Astrocyte-2,Snd1,ENSRNOG00000031173,0.336581179,0.035740575
24,Astrocyte-2,Ift74,ENSRNOG00000008075,-0.333803653,0.034356079
24,Astrocyte-2,Micu2,ENSRNOG00000011168,-0.332467911,0.043378493
24,Astrocyte-2,Aig1,ENSRNOG00000010753,0.326826076,0.032065892
24,Astrocyte-2,Srsf6,ENSRNOG00000006380,-0.3260923,0.027369797
24,Astrocyte-2,Ssbp2,ENSRNOG00000016213,0.321197049,0.02160957
24,Astrocyte-2,Prorp,ENSRNOG00000007043,-0.319315918,0.035740575
24,Astrocyte-2,Tnik,ENSRNOG00000012422,-0.309098352,0.01408817
24,Astrocyte-2,Ttc7a,ENSRNOG00000014879,0.300441687,0.048680796
24,Astrocyte-2,Psmd4,ENSRNOG00000021042,0.300006956,0.035740575
24,Astrocyte-2,Ralgapa1,ENSRNOG00000046256,0.296876304,0.048823104
24,Astrocyte-2,Cdc42,ENSRNOG00000013536,0.28415653,0.047060139
24,Astrocyte-2,Gramd4,ENSRNOG00000016968,0.271826014,0.042083731
24,Astrocyte-2,AABR07037451.2,ENSRNOG00000062231,0.264595646,0.0416212
24,Astrocyte-2,Atp1a2,ENSRNOG00000007290,-0.254213069,0.040403043
24,Astrocyte-2,Fgfr2,ENSRNOG00000016374,0.242891298,0.001801259
24,Astrocyte-2,Soga3,ENSRNOG00000012324,0.23949884,0.035740575
24,Astrocyte-2,Adam10,ENSRNOG00000054257,0.239312616,0.031728987
24,Astrocyte-2,Cnot2,ENSRNOG00000004909,0.22512522,0.035740575
24,Astrocyte-2,Kmt2c,ENSRNOG00000061080,0.221859812,0.030285965
24,Astrocyte-2,Macf1,ENSRNOG00000016047,0.208263885,0.027306937
24,Astrocyte-2,Gpatch8,ENSRNOG00000021044,-0.20773519,0.003835707
24,Astrocyte-2,Nrcam,ENSRNOG00000004067,0.206520674,0.022943523
24,Astrocyte-2,Rasa1,ENSRNOG00000029185,0.202534369,0.047099377
24,Astrocyte-2,Slc1a3,ENSRNOG00000016163,-0.192178179,0.014334946
24,Astrocyte-2,Xpr1,ENSRNOG00000000042,-0.183847821,0.011600021
24,Astrocyte-2,Nxn,ENSRNOG00000008178,-0.174405321,0.009087836
24,Astrocyte-2,Klhl5,ENSRNOG00000008421,-0.168872824,0.009705242
27,Microglia,P4ha1,ENSRNOG00000050655,2.73759245,0.013786539
27,Microglia,Tanc2,ENSRNOG00000052840,1.484373936,0.006602955
27,Microglia,Hsph1,ENSRNOG00000000902,1.348329953,0.024597439
27,Microglia,Nav3,ENSRNOG00000052157,-1.234723672,0.007215728
27,Microglia,AABR07068161.1,ENSRNOG00000053200,0.758266052,0.014003573