"cell_type","pathway","p_adj_BH","intersection_size","term_size"
"Astrocyte_A","Metabolism",5.49339677545779e-07,535,1823
"Astrocyte_A","Fatty acid metabolism",7.19716553608161e-05,63,145
"Astrocyte_A","NOTCH3 Intracellular Domain Regulates Transcription",0.00538817270815897,15,22
"Astrocyte_A","Metallothioneins bind metals",0.00538817270815897,8,8
"Astrocyte_A","Signaling by RNF43 mutants",0.0160672864605656,7,7
"Astrocyte_A","Response to metal ions",0.0250640399064499,9,11
"Astrocyte_B","Extracellular matrix organization",5.28928897230861e-07,76,244
"Astrocyte_B","Signal Transduction",1.72180002993824e-05,415,2137
"Astrocyte_B","Metallothioneins bind metals",0.000194700089305057,8,8
"Astrocyte_B","Non-integrin membrane-ECM interactions",0.000344655757754188,24,56
"Astrocyte_B","RUNX2 regulates bone development",0.000510388817350099,15,27
"Astrocyte_B","Interleukin-4 and Interleukin-13 signaling",0.000510388817350099,29,77
"Astrocyte_B","Response to metal ions",0.000520896485257355,9,11
"Astrocyte_B","Syndecan interactions",0.000758013499905605,14,25
"Astrocyte_B","ECM proteoglycans",0.00186106369464832,25,67
"Astrocyte_B","RUNX2 regulates osteoblast differentiation",0.00237972617539343,12,21
"Astrocyte_B","Metabolism of carbohydrates and carbohydrate derivatives",0.00312723582863977,64,252
"Astrocyte_B","Fatty acid metabolism",0.00312723582863977,42,145
"Astrocyte_B","NOTCH3 Intracellular Domain Regulates Transcription",0.00346654718149164,12,22
"Astrocyte_B","Metabolism",0.00600735252650956,337,1823
"Astrocyte_B","Signaling by Receptor Tyrosine Kinases",0.00600735252650956,105,476
"Astrocyte_B","Post-translational protein phosphorylation",0.00636332591726252,27,82
"Astrocyte_B","Regulation of Insulin-like Growth Factor (IGF) transport and uptake by Insulin-like Growth Factor Binding Proteins (IGFBPs)",0.0074191835868879,28,88
"Astrocyte_B","Molecules associated with elastic fibres",0.0074191835868879,14,31
"Astrocyte_B","Regulation of beta-cell development",0.0074191835868879,12,24
"Astrocyte_B","Elastic fibre formation",0.0074191835868879,16,38
"Astrocyte_B","Defective B3GALT6 causes EDSP2 and SEMDJL1",0.0137590961251348,10,19
"Astrocyte_B","YAP1- and WWTR1 (TAZ)-stimulated gene expression",0.0137590961251348,7,10
"Astrocyte_B","Defective B3GAT3 causes JDSSDHD",0.0137590961251348,10,19
"Astrocyte_B","Defective B4GALT7 causes EDS, progeroid type",0.0137590961251348,10,19
"Astrocyte_B","RHO GTPases Activate Rhotekin and Rhophilins",0.0196967307404046,6,8
"Astrocyte_B","RHOB GTPase cycle",0.0196967307404046,22,67
"Astrocyte_B","Ion homeostasis",0.0196967307404046,18,50
"Astrocyte_B","CDC42 GTPase cycle",0.0206617587769288,40,152
"Astrocyte_B","Transport of inorganic cations/anions and amino acids/oligopeptides",0.024711032125037,27,91
"Astrocyte_B","A tetrasaccharide linker sequence is required for GAG synthesis",0.0304903057490104,11,25
"Astrocyte_B","Threonine catabolism",0.0304903057490104,4,4
"Astrocyte_B","Differentiation of Keratinocytes in Interfollicular Epidermis in Mammalian Skin",0.0304903057490104,9,18
"Astrocyte_B","Diseases of metabolism",0.0304903057490104,51,212
"Astrocyte_B","Visual phototransduction",0.0304903057490104,21,66
"Astrocyte_B","Developmental Cell Lineages",0.0304903057490104,9,18
"Astrocyte_B","PLCG1 events in ERBB2 signaling",0.0304903057490104,4,4
"Astrocyte_B","Astrocytic Glutamate-Glutamine Uptake And Metabolism",0.0304903057490104,4,4
"Astrocyte_B","Neurotransmitter uptake and metabolism In glial cells",0.0304903057490104,4,4
"Astrocyte_B","RHOC GTPase cycle",0.0325746309609606,22,71
"Astrocyte_B","RHOJ GTPase cycle",0.0361147988178775,18,54
"Astrocyte_B","RHO GTPase cycle",0.0361147988178775,90,427
"Astrocyte_B","Muscle contraction",0.0362802410328414,41,164
"Astrocyte_B","Response to elevated platelet cytosolic Ca2+",0.0378268581916492,30,110
"Astrocyte_B","Platelet degranulation ",0.0378268581916492,29,105
"Astrocyte_B","Signaling by NOTCH3",0.0378268581916492,16,46
"Astrocyte_B","Laminin interactions",0.0383329727228385,12,30
"Astrocyte_B","Collagen formation",0.0383329727228385,24,82
"Astrocyte_B","Nuclear signaling by ERBB4",0.0383329727228385,12,30
"Astrocyte_B","Metabolism of lipids",0.0448795894902431,128,649
"DRD1_MSN_A","Neuronal System",4.09820727768815e-08,89,361
"DRD1_MSN_A","Neurotransmitter receptors and postsynaptic signal transmission",0.000233743694729812,45,171
"DRD1_MSN_A","Transmission across Chemical Synapses",0.000247048862786329,55,230
"DRD1_MSN_A","GPCR downstream signalling",0.000308083226942191,87,429
"DRD1_MSN_A","Signaling by GPCR",0.000653001851166231,94,484
"DRD1_MSN_A","Effects of PIP2 hydrolysis",0.0012071493173751,13,27
"DRD1_MSN_A","Glutamate binding, activation of AMPA receptors and synaptic plasticity",0.00584900257567591,12,27
"DRD1_MSN_A","Trafficking of AMPA receptors",0.00584900257567591,12,27
"DRD1_MSN_A","Opioid Signalling",0.016891792489214,23,83
"DRD1_MSN_A","Potassium Channels",0.0209182243056147,24,90
"DRD1_MSN_A","G alpha (i) signalling events",0.0244828174294189,43,203
"DRD1_MSN_A","Regulation of commissural axon pathfinding by SLIT and ROBO",0.0253651205693519,6,9
"DRD1_MSN_A","Voltage gated Potassium channels",0.0306539449929409,13,37
"DRD1_MSN_A","GABA receptor activation",0.0334631070714663,16,52
"DRD1_MSN_B","Neuronal System",2.00495650319097e-17,80,361
"DRD1_MSN_B","Neurotransmitter receptors and postsynaptic signal transmission",1.4787985060375e-13,47,171
"DRD1_MSN_B","Transmission across Chemical Synapses",2.29648257346181e-13,55,230
"DRD1_MSN_B","GPCR downstream signalling",7.41472909397503e-13,79,429
"DRD1_MSN_B","Signaling by GPCR",2.61347707315493e-12,84,484
"DRD1_MSN_B","Opioid Signalling",1.93287434410001e-06,23,83
"DRD1_MSN_B","Protein-protein interactions at synapses",3.16002862364499e-06,23,86
"DRD1_MSN_B","Activation of NMDA receptors and postsynaptic events",3.16002862364499e-06,22,80
"DRD1_MSN_B","Post NMDA receptor activation events",3.16002862364499e-06,20,67
"DRD1_MSN_B","Muscle contraction",5.11358667050913e-06,33,164
"DRD1_MSN_B","G alpha (i) signalling events",1.07830833443655e-05,37,203
"DRD1_MSN_B","Neurexins and neuroligins",1.97642634254724e-05,17,56
"DRD1_MSN_B","Cardiac conduction",2.19741476879325e-05,25,112
"DRD1_MSN_B","GABA receptor activation",3.16870320187851e-05,16,52
"DRD1_MSN_B","CREB1 phosphorylation through NMDA receptor-mediated activation of RAS signaling",3.43153872220821e-05,11,25
"DRD1_MSN_B","Long-term potentiation",4.45022942409744e-05,10,21
"DRD1_MSN_B","G-protein mediated events",0.000115993417058419,15,51
"DRD1_MSN_B","G alpha (q) signalling events",0.00012119471366697,29,157
"DRD1_MSN_B","PLC beta mediated events",0.000186610861279516,14,47
"DRD1_MSN_B","Ca-dependent events",0.000186610861279516,12,35
"DRD1_MSN_B","Unblocking of NMDA receptors, glutamate binding and activation",0.000231648998338472,9,20
"DRD1_MSN_B","G alpha (s) signalling events",0.000249218177836542,22,106
"DRD1_MSN_B","Platelet homeostasis",0.000252074849691354,18,76
"DRD1_MSN_B","Activation of kainate receptors upon glutamate binding",0.000442430019466023,10,27
"DRD1_MSN_B","Trafficking of AMPA receptors",0.000442430019466023,10,27
"DRD1_MSN_B","Glutamate binding, activation of AMPA receptors and synaptic plasticity",0.000442430019466023,10,27
"DRD1_MSN_B","CaM pathway",0.000458152917813281,11,33
"DRD1_MSN_B","DAG and IP3 signaling",0.000458152917813281,12,39
"DRD1_MSN_B","Calmodulin induced events",0.000458152917813281,11,33
"DRD1_MSN_B","G alpha (z) signalling events",0.00102718658028509,12,42
"DRD1_MSN_B","Signal Transduction",0.00154280726328551,197,2137
"DRD1_MSN_B","Negative regulation of NMDA receptor-mediated neuronal transmission",0.00154280726328551,8,20
"DRD1_MSN_B","Regulation of insulin secretion",0.0037932405240764,15,70
"DRD1_MSN_B","Ras activation upon Ca2+ influx through NMDA receptor",0.00560079324282811,7,18
"DRD1_MSN_B","Nitric oxide stimulates guanylate cyclase",0.0080905780342992,7,19
"DRD1_MSN_B","Adrenaline,noradrenaline inhibits insulin secretion",0.00852508647014231,8,25
"DRD1_MSN_B","NCAM signaling for neurite out-growth",0.00974196132102952,12,53
"DRD1_MSN_B","Phase 1 - inactivation of fast Na+ channels",0.0114557293650109,4,6
"DRD1_MSN_B","Activation of Ca-permeable Kainate Receptor",0.0114557293650109,5,10
"DRD1_MSN_B","Ionotropic activity of kainate receptors",0.0114557293650109,5,10
"DRD1_MSN_B","Integration of energy metabolism",0.0138755680571476,17,97
"DRD1_MSN_B","MAPK1/MAPK3 signaling",0.0138755680571476,32,241
"DRD1_MSN_B","Presynaptic depolarization and calcium channel opening",0.0181035983932671,5,11
"DRD1_MSN_B","RSK activation",0.0224266526460722,4,7
"DRD1_MSN_B","RAF/MAP kinase cascade",0.0224266526460722,31,238
"DRD1_MSN_B","GPCR ligand binding",0.0224814050498592,34,270
"DRD1_MSN_B","Voltage gated Potassium channels",0.0246857686331377,9,37
"DRD1_MSN_B","Phase 0 - rapid depolarisation",0.0246857686331377,8,30
"DRD1_MSN_B","Assembly and cell surface presentation of NMDA receptors",0.0246857686331377,9,37
"DRD1_MSN_B","MAPK family signaling cascades",0.0285751832212973,34,275
"DRD1_MSN_B","NCAM1 interactions",0.0290684459634979,9,38
"DRD1_MSN_B","Nervous system development",0.0374244275866177,57,538
"DRD1_MSN_B","Potassium Channels",0.0397348962347329,15,90
"DRD1_MSN_B","G alpha (12/13) signalling events",0.04249020496508,13,73
"DRD1_MSN_C","Peptide chain elongation",1.118206166162e-70,80,87
"DRD1_MSN_C","Eukaryotic Translation Elongation",1.118206166162e-70,82,91
"DRD1_MSN_C","Viral mRNA Translation",7.42208217998257e-69,79,87
"DRD1_MSN_C","Selenocysteine synthesis",4.1220711609018e-68,80,90
"DRD1_MSN_C","Nonsense Mediated Decay (NMD) independent of the Exon Junction Complex (EJC)",1.12674043812089e-65,80,93
"DRD1_MSN_C","Eukaryotic Translation Termination",1.37257165232632e-65,79,91
"DRD1_MSN_C","Formation of a pool of free 40S subunits",1.5137303216401e-61,80,99
"DRD1_MSN_C","Response of EIF2AK4 (GCN2) to amino acid deficiency",1.5137303216401e-61,80,99
"DRD1_MSN_C","L13a-mediated translational silencing of Ceruloplasmin expression",1.5137303216401e-61,84,109
"DRD1_MSN_C","GTP hydrolysis and joining of the 60S ribosomal subunit",1.62715619006817e-59,83,110
"DRD1_MSN_C","Selenoamino acid metabolism",1.91572815286781e-59,81,105
"DRD1_MSN_C","Cap-dependent Translation Initiation",2.41796020391384e-57,84,117
"DRD1_MSN_C","Eukaryotic Translation Initiation",2.41796020391384e-57,84,117
"DRD1_MSN_C","SRP-dependent cotranslational protein targeting to membrane",9.66843117444631e-57,81,110
"DRD1_MSN_C","Nonsense Mediated Decay (NMD) enhanced by the Exon Junction Complex (EJC)",7.34412512039522e-54,80,113
"DRD1_MSN_C","Nonsense-Mediated Decay (NMD)",7.34412512039522e-54,80,113
"DRD1_MSN_C","Influenza Viral RNA Transcription and Replication",7.10230127717555e-48,81,130
"DRD1_MSN_C","Cellular response to starvation",5.34114164457183e-42,82,151
"DRD1_MSN_C","Influenza Infection",3.00256769241309e-41,81,150
"DRD1_MSN_C","Regulation of expression of SLITs and ROBOs",1.85424084990003e-40,84,164
"DRD1_MSN_C","Major pathway of rRNA processing in the nucleolus and cytosol",2.35893851790061e-40,87,176
"DRD1_MSN_C","rRNA processing in the nucleus and cytosol",5.99239635279777e-38,87,186
"DRD1_MSN_C","rRNA processing",9.52702765482879e-36,87,196
"DRD1_MSN_C","Signaling by ROBO receptors",9.8411909182973e-36,90,209
"DRD1_MSN_C","Translation",1.63855373633282e-31,98,270
"DRD1_MSN_C","SARS-CoV-1 modulates host translation machinery",5.61593988965865e-29,33,36
"DRD1_MSN_C","Axon guidance",2.85219006066938e-23,128,513
"DRD1_MSN_C","Metabolism of amino acids and derivatives",3.59341068146847e-22,92,310
"DRD1_MSN_C","Nervous system development",8.52929484348458e-22,129,538
"DRD1_MSN_C","Translation initiation complex formation",5.14771956778435e-21,36,58
"DRD1_MSN_C","Activation of the mRNA upon binding of the cap-binding complex and eIFs, and subsequent binding to 43S",1.16141278828865e-20,36,59
"DRD1_MSN_C","SARS-CoV-2 modulates host translation machinery",1.65214542771821e-20,33,50
"DRD1_MSN_C","Formation of the ternary complex, and subsequently, the 43S complex",4.12577827186811e-20,33,51
"DRD1_MSN_C","Ribosomal scanning and start codon recognition",6.89321163064012e-20,35,58
"DRD1_MSN_C","SARS-CoV-1-host interactions",1.17890132803024e-15,39,89
"DRD1_MSN_C","SARS-CoV-1 Infection",1.34621416286214e-12,44,131
"DRD1_MSN_C","Developmental Biology",2.35294391515104e-12,164,961
"DRD1_MSN_C","Cellular responses to stress",5.04782144142482e-10,122,691
"DRD1_MSN_C","Cellular responses to stimuli",1.43393106438054e-09,122,702
"DRD1_MSN_C","Viral Infection Pathways",2.26529653823197e-07,115,704
"DRD1_MSN_C","Metabolism of RNA",7.58091758454054e-07,111,687
"DRD1_MSN_C","SARS-CoV-2-host interactions",3.20930586628348e-06,40,172
"DRD1_MSN_C","Infectious disease",3.75070492567297e-06,131,874
"DRD1_MSN_C","Neuronal System",6.62983869054943e-05,63,361
"DRD1_MSN_C","Signaling by GPCR",0.000101096576993178,78,484
"DRD1_MSN_C","Muscle contraction",0.000152029308760311,35,164
"DRD1_MSN_C","GPCR downstream signalling",0.00020059328850393,70,429
"DRD1_MSN_C","SARS-CoV-2 Infection",0.000264291215453846,48,262
"DRD1_MSN_C","Neurotransmitter receptors and postsynaptic signal transmission",0.000377152085512491,35,171
"DRD1_MSN_C","G alpha (i) signalling events",0.00132325998911038,38,203
"DRD1_MSN_C","Cardiac conduction",0.00139968250172635,25,112
"DRD1_MSN_C","Metabolism of proteins",0.002101179053893,214,1753
"DRD1_MSN_C","Transmission across Chemical Synapses",0.00430144282354037,40,230
"DRD1_MSN_C","Ion homeostasis",0.00509784050852252,14,50
"DRD1_MSN_C","G-protein mediated events",0.00629809403607637,14,51
"DRD1_MSN_C","Metabolism",0.00771844152202097,217,1823
"DRD1_MSN_C","SARS-CoV Infections",0.00839790293351758,56,367
"DRD1_MSN_C","Amine ligand-binding receptors",0.00849216557989329,10,30
"DRD1_MSN_C","PLC beta mediated events",0.00894898835642467,13,47
"DRD1_MSN_C","NCAM signaling for neurite out-growth",0.00894898835642467,14,53
"DRD1_MSN_C","Voltage gated Potassium channels",0.0125511117779789,11,37
"DRD1_MSN_C","Opioid Signalling",0.0184885990651206,18,83
"DRD1_MSN_C","Ca-dependent events",0.0306581346417237,10,35
"DRD1_MSN_C","Activation of NMDA receptors and postsynaptic events",0.0315819873653227,17,80
"DRD1_MSN_C","Potassium Channels",0.0470325385157805,18,90
"DRD1_MSN_D","Neuronal System",1.52158681296458e-12,53,361
"DRD1_MSN_D","Transmission across Chemical Synapses",9.93518427966068e-10,37,230
"DRD1_MSN_D","Signaling by GPCR",1.84973908979314e-07,52,484
"DRD1_MSN_D","Neurotransmitter receptors and postsynaptic signal transmission",7.61803809816073e-07,27,171
"DRD1_MSN_D","GPCR downstream signalling",3.48800248735918e-06,45,429
"DRD1_MSN_D","GPCR ligand binding",0.000220285762838311,30,270
"DRD1_MSN_D","Cardiac conduction",0.000629016223206317,17,112
"DRD1_MSN_D","Potassium Channels",0.000629016223206317,15,90
"DRD1_MSN_D","GABA receptor activation",0.00098038819281789,11,52
"DRD1_MSN_D","Class A/1 (Rhodopsin-like receptors)",0.00149378770394843,22,188
"DRD1_MSN_D","G alpha (i) signalling events",0.00149378770394843,23,203
"DRD1_MSN_D","Muscle contraction",0.00165809865801493,20,164
"DRD1_MSN_D","Signal Transduction",0.00228414231254289,127,2137
"DRD1_MSN_D","Opioid Signalling",0.00302386409153629,13,83
"DRD1_MSN_D","SARS-CoV-2 targets host intracellular signalling and regulatory pathways",0.00336531983734544,5,11
"DRD1_MSN_D","G alpha (q) signalling events",0.0072015422097184,18,157
"DRD1_MSN_D","Regulation of insulin secretion",0.00933621941149845,11,70
"DRD1_MSN_D","SARS-CoV-1 targets host intracellular signalling and regulatory pathways",0.0109332622814333,5,14
"DRD1_MSN_D","G-protein mediated events",0.0134092563230942,9,51
"DRD1_MSN_D","Activation of NMDA receptors and postsynaptic events",0.0251017769523307,11,80
"DRD1_MSN_D","Serotonin Neurotransmitter Release Cycle",0.0251017769523307,5,17
"DRD1_MSN_D","Neurotoxicity of clostridium toxins",0.0251017769523307,4,10
"DRD1_MSN_D","PLC beta mediated events",0.031350670803367,8,47
"DRD1_MSN_D","Voltage gated Potassium channels",0.0335337914172293,7,37
"DRD1_MSN_D","DAG and IP3 signaling",0.043498916648949,7,39
"DRD1_MSN_D","Peptide ligand-binding receptors",0.043498916648949,12,101
"DRD1_MSN_D","Negative regulation of NMDA receptor-mediated neuronal transmission",0.0457349988724488,5,20
"DRD1_MSN_D","Activated NTRK2 signals through CDK5",0.0470012731392646,3,6
"DRD1_MSN_D","Amine ligand-binding receptors",0.0470012731392646,6,30
"DRD1_MSN_D","Phase 1 - inactivation of fast Na+ channels",0.0470012731392646,3,6
"DRD1_MSN_D","Long-term potentiation",0.049338576235764,5,21
"DRD1_MSN_D","Ca2+ pathway",0.049338576235764,8,53
"DRD1_MSN_D","NCAM signaling for neurite out-growth",0.049338576235764,8,53
"DRD2_MSN_A","Neuronal System",1.43548019017039e-08,93,361
"DRD2_MSN_A","Transmission across Chemical Synapses",5.32872164161961e-05,59,230
"DRD2_MSN_A","Neurotransmitter receptors and postsynaptic signal transmission",8.4697256383391e-05,47,171
"DRD2_MSN_A","GPCR downstream signalling",0.000617621334767168,89,429
"DRD2_MSN_A","Signaling by GPCR",0.000840065243770323,97,484
"DRD2_MSN_A","Glutamate binding, activation of AMPA receptors and synaptic plasticity",0.00175577580781806,13,27
"DRD2_MSN_A","Trafficking of AMPA receptors",0.00175577580781806,13,27
"DRD2_MSN_A","Effects of PIP2 hydrolysis",0.00942270171200061,12,27
"DRD2_MSN_A","GABA receptor activation",0.0216196581889317,17,52
"DRD2_MSN_A","Muscle contraction",0.0216196581889317,38,164
"DRD2_MSN_A","Neurexins and neuroligins",0.0216196581889317,18,56
"DRD2_MSN_A","Opioid Signalling",0.025828857596775,23,83
"DRD2_MSN_A","Nitric oxide stimulates guanylate cyclase",0.0271312234492059,9,19
"DRD2_MSN_A","G alpha (i) signalling events",0.0271312234492059,44,203
"DRD2_MSN_A","Protein-protein interactions at synapses",0.0364681848631238,23,86
"DRD2_MSN_B","Neuronal System",7.02015618358459e-16,90,361
"DRD2_MSN_B","Transmission across Chemical Synapses",1.51699680828617e-06,51,230
"DRD2_MSN_B","Protein-protein interactions at synapses",1.37248095648462e-05,26,86
"DRD2_MSN_B","Voltage gated Potassium channels",1.74858856532059e-05,16,37
"DRD2_MSN_B","Neurotransmitter receptors and postsynaptic signal transmission",2.1226710532058e-05,39,171
"DRD2_MSN_B","Potassium Channels",7.83479283802408e-05,25,90
"DRD2_MSN_B","Long-term potentiation",0.000119182679047775,11,21
"DRD2_MSN_B","Unblocking of NMDA receptors, glutamate binding and activation",0.000603394573891272,10,20
"DRD2_MSN_B","Muscle contraction",0.000790211872919035,34,164
"DRD2_MSN_B","Cardiac conduction",0.00110383174838716,26,112
"DRD2_MSN_B","Presynaptic depolarization and calcium channel opening",0.0017486998083834,7,11
"DRD2_MSN_B","Neurexins and neuroligins",0.0034288031170704,16,56
"DRD2_MSN_B","Negative regulation of NMDA receptor-mediated neuronal transmission",0.0034288031170704,9,20
"DRD2_MSN_B","Amine ligand-binding receptors",0.00395669644994968,11,30
"DRD2_MSN_B","Phase 0 - rapid depolarisation",0.00395669644994968,11,30
"DRD2_MSN_B","Receptor-type tyrosine-protein phosphatases",0.0139015211077419,8,19
"DRD2_MSN_B","GABA receptor activation",0.0156582896794624,14,52
"DRD2_MSN_B","Post NMDA receptor activation events",0.0227206934948568,16,67
"DRD2_MSN_B","Activation of NMDA receptors and postsynaptic events",0.0227206934948568,18,80
"DRD2_MSN_B","Synaptic adhesion-like molecules",0.0253365759958819,8,21
"DRD2_MSN_B","Regulation of insulin secretion",0.034878651846948,16,70
"DRD2_MSN_B","CaMK IV-mediated phosphorylation of CREB",0.0405798991823383,5,9
"DRD2_MSN_B","Signaling by GPCR",0.0438302087458881,66,484
"DRD2_MSN_B","Ras activation upon Ca2+ influx through NMDA receptor",0.0438302087458881,7,18
"Endothelial","Signal Transduction",6.87033719286206e-33,625,2137
"Endothelial","REACTOME root term",2.70937479500266e-29,1936,8706
"Endothelial","Cytokine Signaling in Immune system",4.27233864690596e-29,239,617
"Endothelial","Immune System",1.1764771685904e-25,469,1577
"Endothelial","Extracellular matrix organization",7.10405291739109e-24,119,244
"Endothelial","Eukaryotic Translation Elongation",3.79131229863883e-23,63,91
"Endothelial","Peptide chain elongation",6.50234559753277e-23,61,87
"Endothelial","Viral mRNA Translation",5.660353700161e-22,60,87
"Endothelial","Disease",9.7118324433335e-22,445,1538
"Endothelial","Response of EIF2AK4 (GCN2) to amino acid deficiency",3.27383383482045e-21,64,99
"Endothelial","Eukaryotic Translation Termination",1.56114259735283e-20,60,91
"Endothelial","Formation of a pool of free 40S subunits",2.13723879317596e-20,63,99
"Endothelial","Selenocysteine synthesis",4.69143686815163e-20,59,90
"Endothelial","Developmental Biology",5.85521298312727e-20,302,961
"Endothelial","SRP-dependent cotranslational protein targeting to membrane",1.88499601903272e-19,66,110
"Endothelial","Nonsense Mediated Decay (NMD) independent of the Exon Junction Complex (EJC)",4.51520878511923e-19,59,93
"Endothelial","Interferon alpha/beta signaling",2.50205749354387e-18,44,59
"Endothelial","L13a-mediated translational silencing of Ceruloplasmin expression",3.23652378301513e-18,64,109
"Endothelial","GTP hydrolysis and joining of the 60S ribosomal subunit",5.99340762850353e-18,64,110
"Endothelial","Nervous system development",9.96990637153201e-18,189,538
"Endothelial","Selenoamino acid metabolism",4.47920308935924e-17,61,105
"Endothelial","Hemostasis",7.59321697853958e-17,173,486
"Endothelial","Interferon Signaling",1.63909782663793e-16,100,227
"Endothelial","Axon guidance",1.7150852076995e-16,179,513
"Endothelial","Nonsense-Mediated Decay (NMD)",1.7150852076995e-16,63,113
"Endothelial","Nonsense Mediated Decay (NMD) enhanced by the Exon Junction Complex (EJC)",1.7150852076995e-16,63,113
"Endothelial","Signaling by Interleukins",2.57808682296147e-16,139,365
"Endothelial","Eukaryotic Translation Initiation",3.08084168213002e-16,64,117
"Endothelial","Cap-dependent Translation Initiation",3.08084168213002e-16,64,117
"Endothelial","ECM proteoglycans",4.39441552503625e-16,45,67
"Endothelial","Signaling by Receptor Tyrosine Kinases",2.66837602978841e-15,166,476
"Endothelial","Integrin cell surface interactions",7.71842349675444e-15,46,73
"Endothelial","Infectious disease",7.83384242735291e-15,263,874
"Endothelial","Influenza Viral RNA Transcription and Replication",5.54119208431183e-14,65,130
"Endothelial","Innate Immune System",5.54119208431183e-14,244,807
"Endothelial","Signaling by ROBO receptors",1.0085051019045e-13,89,209
"Endothelial","SARS-CoV-1 modulates host translation machinery",1.03033028973508e-13,29,36
"Endothelial","Cellular response to starvation",1.47719592122109e-13,71,151
"Endothelial","Regulation of expression of SLITs and ROBOs",1.55905972417906e-13,75,164
"Endothelial","Platelet activation, signaling and aggregation",2.32235643350291e-13,92,222
"Endothelial","Influenza Infection",3.4763397056778e-13,70,150
"Endothelial","Laminin interactions",1.88435720171146e-12,25,30
"Endothelial","RHO GTPase cycle",2.34283342266546e-12,145,427
"Endothelial","Interleukin-4 and Interleukin-13 signaling",4.0950550500321e-12,44,77
"Endothelial","SARS-CoV-1-host interactions",6.06448285485084e-12,48,89
"Endothelial","Non-integrin membrane-ECM interactions",3.45380133942269e-11,35,56
"Endothelial","Formation of the ternary complex, and subsequently, the 43S complex",3.66946888937347e-11,33,51
"Endothelial","Interferon gamma signaling",6.99554570755524e-11,43,79
"Endothelial","Viral Infection Pathways",4.55406601608666e-10,205,704
"Endothelial","SARS-CoV Infections",4.69020765962665e-10,123,367
"Endothelial","Platelet degranulation ",7.80631721160914e-10,50,105
"Endothelial","SARS-CoV-1 Infection",8.28656188439288e-10,58,131
"Endothelial","Signaling by Rho GTPases",8.85234176573023e-10,179,599
"Endothelial","Signaling by Rho GTPases, Miro GTPases and RHOBTB3",1.24604825944821e-09,182,614
"Endothelial","Degradation of the extracellular matrix",1.58581868791334e-09,51,110
"Endothelial","Diseases of signal transduction by growth factor receptors and second messengers",3.02723170022853e-09,130,405
"Endothelial","MET promotes cell motility",3.02723170022853e-09,26,39
"Endothelial","Ribosomal scanning and start codon recognition",4.52346966015926e-09,33,58
"Endothelial","Translation initiation complex formation",4.52346966015926e-09,33,58
"Endothelial","Response to elevated platelet cytosolic Ca2+",5.44733029073198e-09,50,110
"Endothelial","Activation of the mRNA upon binding of the cap-binding complex and eIFs, and subsequent binding to 43S",8.13374805910674e-09,33,59
"Endothelial","Elastic fibre formation",9.93983033768506e-09,25,38
"Endothelial","SARS-CoV-2 modulates host translation machinery",3.01034365949795e-08,29,50
"Endothelial","Assembly of collagen fibrils and other multimeric structures",3.43478684076108e-08,30,53
"Endothelial","Cell surface interactions at the vascular wall",6.10148437817765e-08,45,100
"Endothelial","RAC1 GTPase cycle",7.32744337937215e-08,67,177
"Endothelial","Cellular responses to stimuli",8.04643186751522e-08,195,702
"Endothelial","Regulation of Insulin-like Growth Factor (IGF) transport and uptake by Insulin-like Growth Factor Binding Proteins (IGFBPs)",8.50322100696596e-08,41,88
"Endothelial","Collagen degradation",8.55804291939227e-08,28,49
"Endothelial","Molecules associated with elastic fibres",1.06330145124759e-07,21,31
"Endothelial","rRNA processing in the nucleus and cytosol",1.06330145124759e-07,69,186
"Endothelial","Major pathway of rRNA processing in the nucleolus and cytosol",1.3742315373423e-07,66,176
"Endothelial","Cell-extracellular matrix interactions",1.72997046194643e-07,15,18
"Endothelial","TGF-beta receptor signaling activates SMADs",2.13396644119825e-07,26,45
"Endothelial","Transcriptional regulation by RUNX3",2.3559902573758e-07,42,94
"Endothelial","Post-translational protein phosphorylation",3.40745479564223e-07,38,82
"Endothelial","Collagen formation",3.40745479564223e-07,38,82
"Endothelial","MET activates PTK2 signaling",3.49045806745256e-07,20,30
"Endothelial","Signaling by PDGF",4.50336703624371e-07,28,52
"Endothelial","rRNA processing",4.51707179895909e-07,70,196
"Endothelial","CDC42 GTPase cycle",4.96641885156038e-07,58,152
"Endothelial","Signaling by TGFB family members",6.59703362382293e-07,47,114
"Endothelial","Cellular responses to stress",6.92964458609619e-07,188,691
"Endothelial","Neutrophil degranulation",7.98518093034581e-07,119,395
"Endothelial","Signaling by MET",9.12617188718893e-07,35,75
"Endothelial","Signaling by TGF-beta Receptor Complex",9.12617188718893e-07,39,88
"Endothelial","RHOA GTPase cycle",1.02689603943014e-06,55,144
"Endothelial","Collagen biosynthesis and modifying enzymes",1.09144818966638e-06,32,66
"Endothelial","RHOC GTPase cycle",2.41900465382522e-06,33,71
"Endothelial","Smooth Muscle Contraction",4.52616547899894e-06,22,39
"Endothelial","Programmed Cell Death",5.06213065328856e-06,65,188
"Endothelial","Leishmania infection",5.25997424165821e-06,53,143
"Endothelial","Parasitic Infection Pathways",5.25997424165821e-06,53,143
"Endothelial","Death Receptor Signaling",5.62396942957523e-06,54,147
"Endothelial","RHOB GTPase cycle",6.22948363339384e-06,31,67
"Endothelial","Collagen chain trimerization",8.24873187323474e-06,23,43
"Endothelial","SARS-CoV-2-host interactions",9.68042388576679e-06,60,172
"Endothelial","SARS-CoV-2 Infection",1.69815995200717e-05,82,262
"Endothelial","RAC3 GTPase cycle",2.4251218393353e-05,37,91
"Endothelial","Platelet Aggregation (Plug Formation)",2.46713396865527e-05,17,28
"Endothelial","Metabolism of amino acids and derivatives",2.52601868052507e-05,93,310
"Endothelial","Crosslinking of collagen fibrils",2.52601868052507e-05,13,18
"Endothelial","Cell-Cell communication",2.58525205345408e-05,45,120
"Endothelial","Signaling by VEGF",2.62189418783155e-05,40,102
"Endothelial","RHOG GTPase cycle",2.71262824923842e-05,31,71
"Endothelial","RUNX3 regulates YAP1-mediated transcription",3.13403774266608e-05,8,8
"Endothelial","Apoptosis",4.3793556356941e-05,55,160
"Endothelial","Binding and Uptake of Ligands by Scavenger Receptors",4.5488491831675e-05,17,29
"Endothelial","Translation",5.78602039229849e-05,82,270
"Endothelial","Cell junction organization",6.50241473152788e-05,36,91
"Endothelial","Amyloid fiber formation",9.14246538706304e-05,22,45
"Endothelial","Syndecan interactions",0.000117234506934082,15,25
"Endothelial","Regulated Necrosis",0.000120160024299875,24,52
"Endothelial","Transcriptional regulation by RUNX2",0.000126653897767436,40,108
"Endothelial","RUNX3 regulates CDKN1A transcription",0.000153426567840926,7,7
"Endothelial","Extra-nuclear estrogen signaling",0.000177373539320307,27,63
"Endothelial","Metabolism of proteins",0.000206435329338537,398,1753
"Endothelial","Signaling by GPCR",0.000224419125397285,129,484
"Endothelial","FOXO-mediated transcription",0.000224610533961972,25,57
"Endothelial","Signaling by CSF1 (M-CSF) in myeloid cells",0.000233443606503647,16,29
"Endothelial","Regulation of necroptotic cell death",0.000233443606503647,16,29
"Endothelial","RIPK1-mediated regulated necrosis",0.000233443606503647,16,29
"Endothelial","Scavenging by Class A Receptors",0.000306135524014218,11,16
"Endothelial","Antiviral mechanism by IFN-stimulated genes",0.000319301552690953,46,135
"Endothelial","Signaling by ALK in cancer",0.00032137141252136,31,79
"Endothelial","Signaling by ALK fusions and activated point mutants",0.00032137141252136,31,79
"Endothelial","RAC2 GTPase cycle",0.000399126925314628,33,87
"Endothelial","Antigen processing-Cross presentation",0.000470818042314175,35,95
"Endothelial","NOTCH2 Activation and Transmission of Signal to the Nucleus",0.000537431377498286,13,22
"Endothelial","Transport of small molecules",0.000537431377498286,156,616
"Endothelial","VEGFA-VEGFR2 Pathway",0.000552241593846299,34,92
"Endothelial","Downregulation of TGF-beta receptor signaling",0.000602441268469664,14,25
"Endothelial","Antigen Presentation: Folding, assembly and peptide loading of class I MHC",0.000636294074239776,15,28
"Endothelial","FOXO-mediated transcription of cell cycle genes",0.000659927187964696,11,17
"Endothelial","p75 NTR receptor-mediated signalling",0.000693157347387459,34,93
"Endothelial","ER-Phagosome pathway",0.000700583501648061,31,82
"Endothelial","TRAIL  signaling",0.000860568484401971,7,8
"Endothelial","MyD88 dependent cascade initiated on endosome",0.000917243625105404,35,98
"Endothelial","Toll Like Receptor 7/8 (TLR7/8) Cascade",0.000917243625105404,35,98
"Endothelial","Integrin signaling",0.000949499499417708,13,23
"Endothelial","Constitutive Signaling by NOTCH1 HD Domain Mutants",0.000970811660989548,10,15
"Endothelial","Anchoring fibril formation",0.000970811660989548,10,15
"Endothelial","Signaling by NOTCH1 HD Domain Mutants in Cancer",0.000970811660989548,10,15
"Endothelial","GPCR downstream signalling",0.00105903448373465,113,429
"Endothelial","G alpha (12/13) signalling events",0.00110577089079609,28,73
"Endothelial","Interleukin-1 family signaling",0.00110577089079609,44,134
"Endothelial","Toll Like Receptor 4 (TLR4) Cascade",0.00110577089079609,43,130
"Endothelial","MyD88:MAL(TIRAP) cascade initiated on plasma membrane",0.00113463477994064,36,103
"Endothelial","Toll Like Receptor TLR6:TLR2 Cascade",0.00113463477994064,36,103
"Endothelial","DDX58/IFIH1-mediated induction of interferon-alpha/beta",0.00114378481174755,26,66
"Endothelial","Differentiation of Keratinocytes in Interfollicular Epidermis in Mammalian Skin",0.00124039893965366,11,18
"Endothelial","Developmental Cell Lineages",0.00124039893965366,11,18
"Endothelial","Diseases associated with glycosaminoglycan metabolism",0.00125808726942648,18,39
"Endothelial","Signaling by Non-Receptor Tyrosine Kinases",0.00126609701057141,21,49
"Endothelial","Signaling by PTK6",0.00126609701057141,21,49
"Endothelial","TICAM1-dependent activation of IRF3/IRF7",0.0013090369864627,9,13
"Endothelial","Metabolism",0.0013090369864627,404,1823
"Endothelial","TRIF (TICAM1)-mediated TLR4 signaling ",0.0013090369864627,36,104
"Endothelial","Toll Like Receptor 3 (TLR3) Cascade",0.0013090369864627,35,100
"Endothelial","Toll Like Receptor 2 (TLR2) Cascade",0.0013090369864627,36,104
"Endothelial","NF-kB is activated and signals survival",0.0013090369864627,9,13
"Endothelial","MyD88-independent TLR4 cascade ",0.0013090369864627,36,104
"Endothelial","Toll Like Receptor TLR1:TLR2 Cascade",0.0013090369864627,36,104
"Endothelial","RUNX2 regulates osteoblast differentiation",0.00135499611431308,12,21
"Endothelial","Signaling by NOTCH3",0.00136306565588124,20,46
"Endothelial","Toll-like Receptor Cascades",0.00142724549658036,47,148
"Endothelial","Signaling by NOTCH2",0.00143244450500641,15,30
"Endothelial","RUNX2 regulates bone development",0.00145557937177426,14,27
"Endothelial","TRAF6 mediated induction of NFkB and MAP kinases upon TLR7/8 or 9 activation",0.00146159945373822,34,97
"Endothelial","SLC-mediated transmembrane transport",0.00149111210438583,60,202
"Endothelial","Interleukin-12 family signaling",0.00162958406793554,21,50
"Endothelial","TGF-beta receptor signaling in EMT (epithelial to mesenchymal transition)",0.00177713910000635,10,16
"Endothelial","p75NTR signals via NF-kB",0.00177713910000635,10,16
"Endothelial","Eicosanoid ligand-binding receptors",0.0018215074597947,8,11
"Endothelial","Toll Like Receptor 9 (TLR9) Cascade",0.00183257806898085,35,102
"Endothelial","SMAD2/SMAD3:SMAD4 heterotrimer regulates transcription",0.00201301441675197,16,34
"Endothelial","RHO GTPases Activate ROCKs",0.00209833322004094,11,19
"Endothelial","RHOQ GTPase cycle",0.00216897919862919,23,58
"Endothelial","Downregulation of SMAD2/3:SMAD4 transcriptional activity",0.00225948355889533,14,28
"Endothelial","NOTCH3 Activation and Transmission of Signal to the Nucleus",0.00229902723040727,13,25
"Endothelial","Diseases of glycosylation",0.00234315583050392,41,127
"Endothelial","Regulation by c-FLIP",0.00234605361404362,7,9
"Endothelial","Potential therapeutics for SARS",0.00234605361404362,31,88
"Endothelial","CASP8 activity is inhibited",0.00234605361404362,7,9
"Endothelial","Regulation of PTEN localization",0.00234605361404362,7,9
"Endothelial","InlA-mediated entry of Listeria monocytogenes into host cells",0.00234605361404362,7,9
"Endothelial","CHL1 interactions",0.00234605361404362,7,9
"Endothelial","Dissolution of Fibrin Clot",0.00234605361404362,7,9
"Endothelial","Dimerization of procaspase-8",0.00234605361404362,7,9
"Endothelial","Defective LFNG causes SCDO3",0.00259019364144539,5,5
"Endothelial","Caspase activation via Death Receptors in the presence of ligand",0.00259019364144539,9,14
"Endothelial","RUNX3 regulates BCL2L11 (BIM) transcription",0.00259019364144539,5,5
"Endothelial","Signaling by NOTCH",0.00261074248032925,52,173
"Endothelial","Signaling by Nuclear Receptors",0.00262261006133502,61,211
"Endothelial","Metabolism of vitamins and cofactors",0.00265147207465151,51,169
"Endothelial","Defective B4GALT1 causes B4GALT1-CDG (CDG-2d)",0.00277744891493875,6,7
"Endothelial","RUNX3 regulates WNT signaling",0.00277744891493875,6,7
"Endothelial","Binding of TCF/LEF:CTNNB1 to target gene promoters",0.00277744891493875,6,7
"Endothelial","Toll Like Receptor 5 (TLR5) Cascade",0.00283313764586866,32,93
"Endothelial","Toll Like Receptor 10 (TLR10) Cascade",0.00283313764586866,32,93
"Endothelial","MyD88 cascade initiated on plasma membrane",0.00283313764586866,32,93
"Endothelial","Semaphorin interactions",0.00286319790576102,24,63
"Endothelial","Transport of bile salts and organic acids, metal ions and amine compounds",0.00286319790576102,24,63
"Endothelial","Metal ion SLC transporters",0.00332430416881129,11,20
"Endothelial","Formation of Fibrin Clot (Clotting Cascade)",0.00332430416881129,11,20
"Endothelial","Sema4D induced cell migration and growth-cone collapse",0.00332430416881129,11,20
"Endothelial","Beta-catenin independent WNT signaling",0.0035219938905244,42,134
"Endothelial","Nuclear events mediated by NFE2L2",0.00413368205311756,31,91
"Endothelial","Cell death signalling via NRAGE, NRIF and NADE",0.00423731047064296,26,72
"Endothelial","Parasite infection",0.00465883263764192,21,54
"Endothelial","Nucleotide-binding domain, leucine rich repeat containing receptor (NLR) signaling pathways",0.00465883263764192,21,54
"Endothelial","Leishmania phagocytosis",0.00465883263764192,21,54
"Endothelial","FCGR3A-mediated phagocytosis",0.00465883263764192,21,54
"Endothelial","Signaling by EGFR",0.00478948752848839,19,47
"Endothelial","Negative regulation of FLT3",0.00478948752848839,9,15
"Endothelial","Transcriptional activity of SMAD2/SMAD3:SMAD4 heterotrimer",0.00478948752848839,19,47
"Endothelial","Adaptive Immune System",0.00486265149066246,154,640
"Endothelial","Caspase activation via extrinsic apoptotic signalling pathway",0.00519554013471421,12,24
"Endothelial","Sema4D in semaphorin signaling",0.00519554013471421,12,24
"Endothelial","RHO GTPases activate CIT",0.00519554013471421,10,18
"Endothelial","ESR-mediated signaling",0.00519554013471421,45,149
"Endothelial","Regulation of NF-kappa B signaling",0.00519554013471421,10,18
"Endothelial","Interleukin-10 signaling",0.00519554013471421,12,24
"Endothelial","Pre-NOTCH Processing in Golgi",0.00519554013471421,10,18
"Endothelial","YAP1- and WWTR1 (TAZ)-stimulated gene expression",0.00544510304614788,7,10
"Endothelial","Signaling by NOTCH4",0.00544510304614788,28,81
"Endothelial","PECAM1 interactions",0.00544510304614788,7,10
"Endothelial","PKR-mediated signaling",0.00566893038591311,24,66
"Endothelial","FLT3 Signaling",0.0057849477102629,15,34
"Endothelial","Negative regulators of DDX58/IFIH1 signaling",0.0057849477102629,15,34
"Endothelial","Gene and protein expression by JAK-STAT signaling after Interleukin-12 stimulation",0.0057849477102629,15,34
"Endothelial","Oncogenic MAPK signaling",0.00642483381347782,27,78
"Endothelial","Activated NOTCH1 Transmits Signal to the Nucleus",0.00649953922822847,14,31
"Endothelial","Regulation of TNFR1 signaling",0.00714136142842928,18,45
"Endothelial","Regulation of MITF-M-dependent genes involved in cell cycle and proliferation",0.00719775991099934,8,13
"Endothelial","Co-inhibition by PD-1",0.00719775991099934,8,13
"Endothelial","Phosphorylation of CD3 and TCR zeta chains",0.00719775991099934,8,13
"Endothelial","p75NTR recruits signalling complexes",0.00719775991099934,8,13
"Endothelial","Platelet Adhesion to exposed collagen",0.00719775991099934,8,13
"Endothelial","PIP3 activates AKT signaling",0.00721019528214328,63,229
"Endothelial","Metallothioneins bind metals",0.00756576185877984,6,8
"Endothelial","RHO GTPases Activate Rhotekin and Rhophilins",0.00756576185877984,6,8
"Endothelial","Regulation of cytoskeletal remodeling and cell spreading by IPP complex components",0.00756576185877984,6,8
"Endothelial","Transport of organic anions",0.00756576185877984,6,8
"Endothelial","EPH-Ephrin signaling",0.00786899717841869,29,87
"Endothelial","RHOH GTPase cycle",0.00786899717841869,15,35
"Endothelial","Interleukin-1 signaling",0.00789190957528912,34,107
"Endothelial","NFE2L2 regulating anti-oxidant/detoxification enzymes",0.00794093509201958,9,16
"Endothelial","Respiratory syncytial virus (RSV) attachment and entry",0.00796089182994755,11,22
"Endothelial","Leishmania parasite growth and survival",0.00799982056967182,23,64
"Endothelial","Anti-inflammatory response favouring Leishmania parasite infection",0.00799982056967182,23,64
"Endothelial","Signaling by Hippo",0.00808065896428013,10,19
"Endothelial","Apoptotic cleavage of cellular proteins",0.00880958316507337,14,32
"Endothelial","Loss of Function of SMAD2/3 in Cancer",0.00982607446416017,5,6
"Endothelial","RUNX2 regulates genes involved in cell migration",0.00982607446416017,5,6
"Endothelial","Prostanoid ligand receptors",0.00982607446416017,5,6
"Endothelial","Nicotinate metabolism",0.00985299619728738,13,29
"Endothelial","G-protein beta:gamma signalling",0.00985299619728738,13,29
"Endothelial","Maturation of protein E",0.0100734674211492,4,4
"Endothelial","Maturation of protein E",0.0100734674211492,4,4
"Endothelial","Localization of the PINCH-ILK-PARVIN complex to focal adhesions",0.0100734674211492,4,4
"Endothelial","Neurophilin interactions with VEGF and VEGFR",0.0100734674211492,4,4
"Endothelial","Interleukin-12 signaling",0.0102805728410509,17,43
"Endothelial","Ovarian tumor domain proteases",0.010391865740593,15,36
"Endothelial","GRB2:SOS provides linkage to MAPK signaling for Integrins ",0.0106136438621281,7,11
"Endothelial","Response to metal ions",0.0106136438621281,7,11
"Endothelial","Regulation of innate immune responses to cytosolic DNA",0.0106136438621281,7,11
"Endothelial","TP53 Regulates Transcription of Death Receptors and Ligands",0.0106136438621281,7,11
"Endothelial","EPHA-mediated growth cone collapse",0.0106307505031596,12,26
"Endothelial","FOXO-mediated transcription of oxidative stress, metabolic and neuronal genes",0.0116886391038826,11,23
"Endothelial","KEAP1-NFE2L2 pathway",0.0117552329320229,36,118
"Endothelial","RHOD GTPase cycle",0.0121687326855444,19,51
"Endothelial","Regulation of T cell activation by CD28 family",0.0121687326855444,19,51
"Endothelial","Evasion by RSV of host interferon responses",0.0123194380335347,10,20
"Endothelial","Chaperone Mediated Autophagy",0.0123194380335347,10,20
"Endothelial","MAPK family signaling cascades",0.0123511445231902,72,275
"Endothelial","Plasma lipoprotein assembly, remodeling, and clearance",0.0128793822305649,20,55
"Endothelial","RHOF GTPase cycle",0.015700251222452,16,41
"Endothelial","Defective B3GALTL causes PpS",0.0161801200517255,14,34
"Endothelial","Formation of axial mesoderm",0.0164357929841638,6,9
"Endothelial","Translocation of ZAP-70 to Immunological synapse",0.0164357929841638,6,9
"Endothelial","Endosomal/Vacuolar pathway",0.0164357929841638,6,9
"Endothelial","AKT phosphorylates targets in the nucleus",0.0164357929841638,6,9
"Endothelial","Signaling by BRAF and RAF1 fusions",0.0168551748555607,21,60
"Endothelial","Class B/2 (Secretin family receptors)",0.0177666045965238,23,68
"Endothelial","Immunoregulatory interactions between a Lymphoid and a non-Lymphoid cell",0.0179794513072823,24,72
"Endothelial","Kidney development",0.0185040591169647,13,31
"Endothelial","Estrogen-dependent nuclear events downstream of ESR-membrane signaling",0.018560572977933,10,21
"Endothelial","Thromboxane signalling through TP receptor",0.018560572977933,10,21
"Endothelial","Regulation of signaling by CBL",0.018560572977933,10,21
"Endothelial","Ca2+ pathway",0.019119963821901,19,53
"Endothelial","Downregulation of ERBB2:ERBB3 signaling",0.0193782045016902,7,12
"Endothelial","TRAF6 mediated IRF7 activation in TLR7/8 or 9 signaling",0.0193782045016902,7,12
"Endothelial","p130Cas linkage to MAPK signaling for integrins",0.0193782045016902,7,12
"Endothelial","Repression of WNT target genes",0.0193782045016902,7,12
"Endothelial","TP53 Regulates Transcription of Cell Death Genes",0.019508328740027,16,42
"Endothelial","Interleukin-3, Interleukin-5 and GM-CSF signaling",0.019508328740027,16,42
"Endothelial","TAK1-dependent IKK and NF-kappa-B activation  ",0.019508328740027,16,42
"Endothelial","Nicotinamide salvage",0.019508328740027,9,18
"Endothelial","Signaling by BMP",0.0205509071363493,12,28
"Endothelial","EGR2 and SOX10-mediated initiation of Schwann cell myelination",0.0205509071363493,12,28
"Endothelial","Signal amplification",0.0205509071363493,12,28
"Endothelial","O-glycosylation of TSR domain-containing proteins",0.020574985314266,14,35
"Endothelial","ISG15 antiviral mechanism",0.0205995923363599,23,69
"Endothelial","Diseases associated with O-glycosylation of proteins",0.0231722097271432,19,54
"Endothelial","RHOJ GTPase cycle",0.0231722097271432,19,54
"Endothelial","Downstream signal transduction",0.0232599643875433,11,25
"Endothelial","Thrombin signalling through proteinase activated receptors (PARs)",0.0232599643875433,11,25
"Endothelial","Regulation of Complement cascade",0.0232599643875433,11,25
"Endothelial","Signaling by NOTCH1 t(7;9)(NOTCH1:M1580_K2555) Translocation Mutant",0.0232894216520152,5,7
"Endothelial","Signaling by high-kinase activity BRAF mutants",0.0232894216520152,13,32
"Endothelial","Modulation by Mtb of host immune system",0.0232894216520152,5,7
"Endothelial","Defective CHST6 causes MCDC1",0.0232894216520152,5,7
"Endothelial","Constitutive Signaling by NOTCH1 t(7;9)(NOTCH1:M1580_K2555) Translocation Mutant",0.0232894216520152,5,7
"Endothelial","TNFR1-induced NF-kappa-B signaling pathway",0.0232894216520152,13,32
"Endothelial","Defective ST3GAL3 causes MCT12 and EIEE15",0.0232894216520152,5,7
"Endothelial","Ethanol oxidation",0.0232894216520152,5,7
"Endothelial","FLT3 signaling by CBL mutants",0.0232894216520152,5,7
"Endothelial","Signaling by TGF-beta Receptor Complex in Cancer",0.0232894216520152,5,7
"Endothelial","Vesicle-mediated transport",0.0233731187051212,141,607
"Endothelial","Metabolism of water-soluble vitamins and cofactors",0.0240171228439702,33,111
"Endothelial","GPCR ligand binding",0.0247924927711179,69,270
"Endothelial","G beta:gamma signalling through PI3Kgamma",0.0253584966416264,10,22
"Endothelial","Myogenesis",0.0253584966416264,10,22
"Endothelial","Cellular response to chemical stress",0.0258959913743535,52,194
"Endothelial","MAP2K and MAPK activation",0.0259374796473482,14,36
"Endothelial","Diseases of metabolism",0.0262259393659955,56,212
"Endothelial","Translation of Structural Proteins",0.0268077418352483,12,29
"Endothelial","NRAGE signals death through JNK",0.0272039936700739,19,55
"Endothelial","Cytosolic sensors of pathogen-associated DNA ",0.0277858355257034,20,59
"Endothelial","Inflammasomes",0.0278363815071683,9,19
"Endothelial","Signaling by NOTCH1",0.0282634143439639,23,71
"Endothelial","TCR signaling",0.0287917294898054,31,104
"Endothelial","NFE2L2 regulating tumorigenic genes",0.0290900772294123,6,10
"Endothelial","Regulation of CDH11 function",0.0290900772294123,6,10
"Endothelial","Common Pathway of Fibrin Clot Formation",0.0290900772294123,6,10
"Endothelial","Respiratory Syncytial Virus Infection Pathway",0.0293110557015365,30,100
"Endothelial","Sensory processing of sound by outer hair cells of the cochlea",0.0294942422579182,16,44
"Endothelial","Signaling by ERBB2",0.0294942422579182,16,44
"Endothelial","NRIF signals cell death from the nucleus",0.0294942422579182,8,16
"Endothelial","Retinoid metabolism and transport",0.0297130775599775,13,33
"Endothelial","Intracellular signaling by second messengers",0.0297130775599775,68,268
"Endothelial","Transcriptional regulation of pluripotent stem cells",0.0301712993860853,7,13
"Endothelial","Acyl chain remodelling of PS",0.0301712993860853,7,13
"Endothelial","RUNX1 regulates expression of components of tight junctions",0.031480262935605,4,5
"Endothelial","Constitutive Signaling by NOTCH1 HD+PEST Domain Mutants",0.031480262935605,19,56
"Endothelial","LTC4-CYSLTR mediated IL4 production",0.031480262935605,4,5
"Endothelial","Constitutive Signaling by NOTCH1 PEST Domain Mutants",0.031480262935605,19,56
"Endothelial","Signaling by NOTCH1 in Cancer",0.031480262935605,19,56
"Endothelial","Removal of aminoterminal propeptides from gamma-carboxylated proteins",0.031480262935605,4,5
"Endothelial","PTK6 promotes HIF1A stabilization",0.031480262935605,4,5
"Endothelial","Signaling by NOTCH1 PEST Domain Mutants in Cancer",0.031480262935605,19,56
"Endothelial","Signaling by NOTCH1 HD+PEST Domain Mutants in Cancer",0.031480262935605,19,56
"Endothelial","TGFBR1 KD Mutants in Cancer",0.031480262935605,4,5
"Endothelial","SMAD2/3 Phosphorylation Motif Mutants in Cancer",0.031480262935605,4,5
"Endothelial","NOSTRIN mediated eNOS trafficking",0.031480262935605,4,5
"Endothelial","Metabolism of fat-soluble vitamins",0.0315035191012495,14,37
"Endothelial","SARS-CoV-1 activates/modulates innate immune responses",0.0315035191012495,14,37
"Endothelial","G alpha (q) signalling events",0.0323534482474558,43,157
"Endothelial","Apoptotic execution phase",0.033358298643775,15,41
"Endothelial","Inactivation of CSF3 (G-CSF) signaling",0.033358298643775,10,23
"Endothelial","Oncogene Induced Senescence",0.033358298643775,12,30
"Endothelial","Purinergic signaling in leishmaniasis infection",0.033358298643775,10,23
"Endothelial","Cell recruitment (pro-inflammatory response)",0.033358298643775,10,23
"Endothelial","Deactivation of the beta-catenin transactivating complex",0.033358298643775,15,41
"Endothelial","Downstream TCR signaling",0.0353628095915956,26,85
"Endothelial","Fcgamma receptor (FCGR) dependent phagocytosis",0.0360587490781449,25,81
"Endothelial","Signaling by the B Cell Receptor (BCR)",0.0366653490426486,30,102
"Endothelial","NOTCH4 Intracellular Domain Regulates Transcription",0.0367526255194472,9,20
"Endothelial","Defective VWF binding to collagen type I ",0.0367526255194472,3,3
"Endothelial","Regulation of actin dynamics for phagocytic cup formation",0.0367526255194472,19,57
"Endothelial","Extrinsic Pathway of Fibrin Clot Formation",0.0367526255194472,3,3
"Endothelial","Signalling to STAT3",0.0367526255194472,3,3
"Endothelial","Microbial modulation of RIPK1-mediated regulated necrosis",0.0367526255194472,3,3
"Endothelial","Loss of Function of TGFBR2 in Cancer",0.0367526255194472,3,3
"Endothelial","Classical antibody-mediated complement activation",0.0367526255194472,3,3
"Endothelial","The NLRP1 inflammasome",0.0367526255194472,3,3
"Endothelial","CD22 mediated BCR regulation",0.0367526255194472,3,3
"Endothelial","Interleukin-37 signaling",0.0367526255194472,9,20
"Endothelial","Signaling by ERBB4",0.0367526255194472,18,53
"Endothelial","TGFBR2 Kinase Domain Mutants in Cancer",0.0367526255194472,3,3
"Endothelial","Downregulation of ERBB2 signaling",0.0378833372185533,11,27
"Endothelial","Signaling by NTRK1 (TRKA)",0.0378833372185533,32,111
"Endothelial","FLT3 signaling in disease",0.0378833372185533,11,27
"Endothelial","Signaling by WNT",0.0392840867956675,64,254
"Endothelial","Constitutive Signaling by Ligand-Responsive EGFR Cancer Variants",0.0402088686758078,8,17
"Endothelial","Paradoxical activation of RAF signaling by kinase inactive BRAF",0.0402088686758078,15,42
"Endothelial","Signaling by moderate kinase activity BRAF mutants",0.0402088686758078,15,42
"Endothelial","Signaling downstream of RAS mutants",0.0402088686758078,15,42
"Endothelial","G beta:gamma signalling through CDC42",0.0402088686758078,8,17
"Endothelial","Cardiogenesis",0.0402088686758078,8,17
"Endothelial","Signaling by RAS mutants",0.0402088686758078,15,42
"Endothelial","Growth hormone receptor signaling",0.0402088686758078,8,17
"Endothelial","Signaling by Ligand-Responsive EGFR Variants in Cancer",0.0402088686758078,8,17
"Endothelial","Signaling by NTRKs",0.0407516724241776,36,129
"Endothelial","MAPK1/MAPK3 signaling",0.0409159099322556,61,241
"Endothelial","Formation of definitive endoderm",0.0414227513104218,5,8
"Endothelial","PTK6 Regulates RTKs and Their Effectors AKT1 and DOK1",0.0414227513104218,5,8
"Endothelial","Downregulation of ERBB4 signaling",0.0414227513104218,5,8
"Endothelial","VEGF ligand-receptor interactions",0.0414227513104218,5,8
"Endothelial","Acyl chain remodelling of PI",0.0414227513104218,5,8
"Endothelial","VEGF binds to VEGFR leading to receptor dimerization",0.0414227513104218,5,8
"Endothelial","Apoptotic cleavage of cell adhesion  proteins",0.0414227513104218,5,8
"Endothelial","Signalling to ERKs",0.0414227513104218,12,31
"Endothelial","Golgi Associated Vesicle Biogenesis",0.041805970750218,18,54
"Endothelial","TNF signaling",0.041805970750218,18,54
"Endothelial","Basigin interactions",0.0425046154982555,10,24
"Endothelial","Pexophagy",0.044014689104431,6,11
"Endothelial","Dermatan sulfate biosynthesis",0.044014689104431,6,11
"Endothelial","NOTCH4 Activation and Transmission of Signal to the Nucleus",0.044014689104431,6,11
"Endothelial","Regulation of BACH1 activity",0.044014689104431,6,11
"Endothelial","Glycosaminoglycan metabolism",0.0446684073108601,33,117
"Endothelial","UCH proteinases",0.0448657226419919,25,83
"Endothelial","RAF/MAP kinase cascade",0.0452899993041422,60,238
"Endothelial","Gastrulation",0.0472138414663452,28,96
"Endothelial","Signaling by CSF3 (G-CSF)",0.0478278358396013,11,28
"Endothelial","EGFR downregulation",0.0478278358396013,11,28
"Endothelial","IKK complex recruitment mediated by RIP1",0.0484101126514633,9,21
"Endothelial","G-protein activation",0.0484101126514633,9,21
"Endothelial","RHO GTPases activate PAKs",0.0484101126514633,9,21
"Endothelial","Signaling by EGFR in Cancer",0.0484101126514633,9,21
"Endothelial","ADP signalling through P2Y purinoceptor 1",0.0484101126514633,9,21
"Endothelial","Intrinsic Pathway for Apoptosis",0.0491260563160812,17,51
"Endothelial","Unfolded Protein Response (UPR)",0.0495244895404367,26,88
"Endothelial","PCP/CE pathway",0.0495244895404367,26,88
"Ependymal","Cilium Assembly",4.12875211259418e-09,75,180
"Ependymal","Intraflagellar transport",2.08567922267946e-08,28,42
"Ependymal","Organelle biogenesis and maintenance",2.82586139262039e-05,88,267
"Ependymal","Response to metal ions",0.00625488913200601,9,11
"Ependymal","Anchoring of the basal body to the plasma membrane",0.00891452693092885,35,93
"Ependymal","Metallothioneins bind metals",0.0202390706116771,7,8
"Excitatory","Neuronal System",8.2570022519848e-21,88,361
"Excitatory","Potassium Channels",2.53533376190868e-09,29,90
"Excitatory","Transmission across Chemical Synapses",2.53533376190868e-09,50,230
"Excitatory","Neurotransmitter receptors and postsynaptic signal transmission",1.83440099319242e-08,40,171
"Excitatory","GPCR downstream signalling",0.000206354017480388,61,429
"Excitatory","Signaling by GPCR",0.000564889162821098,65,484
"Excitatory","GPCR ligand binding",0.0018797090114769,41,270
"Excitatory","Tandem pore domain potassium channels",0.0018797090114769,6,9
"Excitatory","DAG and IP3 signaling",0.0114795474417568,11,39
"Excitatory","GABA receptor activation",0.0114795474417568,13,52
"Excitatory","G alpha (q) signalling events",0.0114795474417568,26,157
"Excitatory","Protein-protein interactions at synapses",0.0154474897443294,17,86
"Excitatory","Sensory processing of sound",0.0154474897443294,14,63
"Excitatory","Class A/1 (Rhodopsin-like receptors)",0.0154474897443294,29,188
"Excitatory","Ca-dependent events",0.0154474897443294,10,35
"Excitatory","Activation of NMDA receptors and postsynaptic events",0.018725915675284,16,80
"Excitatory","G alpha (i) signalling events",0.018725915675284,30,203
"Excitatory","Voltage gated Potassium channels",0.0198443767626246,10,37
"Excitatory","Phase 4 - resting membrane potential",0.0204013976630914,6,14
"Excitatory","Signal regulatory protein family interactions",0.0255493079889316,5,10
"Excitatory","TWIK related potassium channel (TREK)",0.0255493079889316,3,3
"Excitatory","Peptide ligand-binding receptors",0.0261407538247542,18,101
"Excitatory","CaM pathway",0.0277907486602952,9,33
"Excitatory","Calmodulin induced events",0.0277907486602952,9,33
"Excitatory","PLC beta mediated events",0.0279523293827625,11,47
"Excitatory","Neurexins and neuroligins",0.0359109008903312,12,56
"Excitatory","Glutamate Neurotransmitter Release Cycle",0.0376720538724452,7,22
"Excitatory","Serotonin Neurotransmitter Release Cycle",0.0453253550957019,6,17
"Excitatory","Sensory processing of sound by inner hair cells of the cochlea",0.0453253550957019,12,58
"Excitatory","G-protein mediated events",0.0483649481201328,11,51
"Excitatory","Post NMDA receptor activation events",0.0494080265012089,13,67
"Excitatory","Amine ligand-binding receptors",0.0498124394689091,8,30
"Inh_A","Aerobic respiration and respiratory electron transport",8.79134238385072e-17,65,203
"Inh_A","Respiratory electron transport",4.77954808666727e-14,43,112
"Inh_A","Neuronal System",7.69990735417194e-07,70,361
"Inh_A","GABA synthesis, release, reuptake and degradation",2.66472775101605e-05,11,18
"Inh_A","Complex I biogenesis",0.000125186411406171,19,57
"Inh_A","Formation of ATP by chemiosmotic coupling",0.00024538185116294,10,18
"Inh_A","Cristae formation",0.000311252860171786,13,31
"Inh_A","Mitochondrial protein degradation",0.000892863473015059,24,96
"Inh_A","Transmission across Chemical Synapses",0.00227829606230205,42,230
"Inh_A","Malate-aspartate shuttle",0.00621003619007269,6,9
"Inh_A","Potassium Channels",0.00762218400573755,21,90
"Inh_A","Metabolism",0.00766961554198244,215,1823
"Inh_A","Neurotransmitter release cycle",0.00866593591682553,14,48
"Inh_A","Voltage gated Potassium channels",0.0392864635362747,11,37
"Inh_A","Glycolysis",0.0499079365809618,15,63
"Inh_B","Neuronal System",7.68400462927903e-14,72,361
"Inh_B","Transmission across Chemical Synapses",5.86834336819236e-08,45,230
"Inh_B","GPCR ligand binding",9.10341454631917e-08,49,270
"Inh_B","Signaling by GPCR",1.00967682565322e-06,69,484
"Inh_B","GPCR downstream signalling",1.25107348264835e-06,63,429
"Inh_B","Amine ligand-binding receptors",5.66470809380411e-06,13,30
"Inh_B","Neurotransmitter receptors and postsynaptic signal transmission",7.79718149596946e-06,33,171
"Inh_B","Potassium Channels",1.72414643825953e-05,22,90
"Inh_B","G alpha (q) signalling events",3.13285283079852e-05,30,157
"Inh_B","Class A/1 (Rhodopsin-like receptors)",5.59190941455211e-05,33,188
"Inh_B","Cardiac conduction",0.000663370949544271,22,112
"Inh_B","GABA synthesis, release, reuptake and degradation",0.00121645728607404,8,18
"Inh_B","Neurotransmitter release cycle",0.0068625837728186,12,48
"Inh_B","Muscle contraction",0.0112172949748412,25,164
"Inh_B","Voltage gated Potassium channels",0.0112172949748412,10,37
"Inh_B","Glucagon-type ligand receptors",0.0112172949748412,8,24
"Inh_B","Highly calcium permeable postsynaptic nicotinic acetylcholine receptors",0.0118522255624154,5,9
"Inh_B","Class B/2 (Secretin family receptors)",0.0121991858291648,14,68
"Inh_B","Acetylcholine binding and downstream events",0.0181178529754328,5,10
"Inh_B","G alpha (s) signalling events",0.0181178529754328,18,106
"Inh_B","Postsynaptic nicotinic acetylcholine receptors",0.0181178529754328,5,10
"Inh_B","Toxicity of botulinum toxin type G (botG)",0.0200701236517642,3,3
"Inh_B","Adrenoceptors",0.0353746343612967,4,7
"Inh_B","Protein-protein interactions at synapses",0.0353746343612967,15,86
"Inh_B","GABA receptor activation",0.0353746343612967,11,52
"Inh_B","Signal Transduction",0.0362502258575131,181,2137
"Inh_B","Integration of energy metabolism",0.0390357948256548,16,97
"Inh_B","Signaling by Receptor Tyrosine Kinases",0.0390357948256548,51,476
"Inh_B","Crosslinking of collagen fibrils",0.0413826819380907,6,18
"Inh_B","SHC1 events in ERBB2 signaling",0.0413826819380907,6,18
"Inh_B","Activation of G protein gated Potassium channels",0.0451409799743403,7,25
"Inh_B","Inhibition  of voltage gated Ca2+ channels via Gbeta/gamma subunits",0.0451409799743403,7,25
"Inh_B","G protein gated Potassium channels",0.0451409799743403,7,25
"Inh_B","Highly calcium permeable nicotinic acetylcholine receptors",0.0479047035368547,4,8
"Inh_B","Muscarinic acetylcholine receptors",0.0479047035368547,3,4
"Inh_C","GPCR ligand binding",0.00578277506732512,36,270
"Inh_C","GPCR downstream signalling",0.00578277506732512,50,429
"Inh_C","Signaling by GPCR",0.00578277506732512,56,484
"Inh_C","G alpha (q) signalling events",0.0127807178996146,24,157
"Inh_C","Class A/1 (Rhodopsin-like receptors)",0.0280578723545786,26,188
"Inh_D","Cholesterol biosynthesis",7.63136766032666e-05,13,25
"Inh_D","Neuronal System",0.000208939467977941,63,361
"Inh_D","Activation of gene expression by SREBF (SREBP)",0.00300893856192912,14,40
"Inh_D","G alpha (s) signalling events",0.00767579987683677,24,106
"Inh_D","Glucagon signaling in metabolic regulation",0.00767579987683677,11,29
"Inh_D","PKA activation in glucagon signalling",0.0078511507191129,8,16
"Inh_D","ADORA2B mediated anti-inflammatory cytokines production",0.00952626871440101,12,36
"Inh_D","Regulation of cholesterol biosynthesis by SREBP (SREBF)",0.00952626871440101,15,53
"Inh_D","Role of second messengers in netrin-1 signaling",0.0148642390205457,6,10
"Inh_D","Signaling by GPCR",0.015122110399376,69,484
"Inh_D","GPER1 signaling",0.0162336392385587,12,39
"Inh_D","GPCR downstream signalling",0.0191202277195632,62,429
"Inh_D","Transmission across Chemical Synapses",0.0214177108213191,38,230
"Inh_D","Protein-protein interactions at synapses",0.0214177108213191,19,86
"Inh_D","Vasopressin regulates renal water homeostasis via Aquaporins",0.0214177108213191,11,35
"Inh_D","Acetylcholine Neurotransmitter Release Cycle",0.0271201903324918,7,16
"Inh_D","Integration of energy metabolism",0.0345520733248855,20,97
"Inh_D","CaM pathway",0.0362942904882636,10,33
"Inh_D","Metabolism of lipids",0.0362942904882636,84,649
"Inh_D","Calmodulin induced events",0.0362942904882636,10,33
"Inh_D","Aquaporin-mediated transport",0.0362942904882636,11,39
"Inh_D","PKA activation",0.0362942904882636,7,17
"Inh_D","PKA-mediated phosphorylation of CREB",0.0446447382651259,7,18
"Inh_E","Neuronal System",2.75395001150006e-06,60,361
"Inh_E","GPCR ligand binding",1.83563037393341e-05,47,270
"Inh_E","Signaling by GPCR",0.000745998693818115,65,484
"Inh_E","Transmission across Chemical Synapses",0.000745998693818115,38,230
"Inh_E","Amine ligand-binding receptors",0.00143410082824344,11,30
"Inh_E","Neurotransmitter receptors and postsynaptic signal transmission",0.00147294511614384,30,171
"Inh_E","Class A/1 (Rhodopsin-like receptors)",0.00147294511614384,32,188
"Inh_E","GPCR downstream signalling",0.00687995587827024,55,429
"Inh_E","Highly sodium permeable postsynaptic acetylcholine nicotinic receptors",0.0190324154547635,4,5
"Inh_E","L1CAM interactions",0.0190324154547635,20,109
"Inh_E","Regulation of insulin secretion",0.0190324154547635,15,70
"Inh_E","Golgi-to-ER retrograde transport",0.020460523217,21,120
"Inh_E","Post NMDA receptor activation events",0.0351623824480784,14,67
"Inh_E","COPI-independent Golgi-to-ER retrograde traffic",0.0367627394406419,11,46
"Inh_E","Activation of Ca-permeable Kainate Receptor",0.0367627394406419,5,10
"Inh_E","Ionotropic activity of kainate receptors",0.0367627394406419,5,10
"Inh_E","G alpha (q) signalling events",0.042677835047573,24,157
"Inh_E","Activation of kainate receptors upon glutamate binding",0.0434129074432708,8,27
"Inh_E","Kinesins",0.0445102494352523,11,48
"Inh_E","Recycling pathway of L1",0.0445102494352523,10,41
"Inh_E","Integration of energy metabolism",0.0445102494352523,17,97
"Inh_E","Activation of NMDA receptors and postsynaptic events",0.0445102494352523,15,80
"Inh_E","HSP90 chaperone cycle for steroid hormone receptors (SHR) in the presence of ligand",0.0455778582757007,11,49
"Inh_F","GPCR ligand binding",7.66194466897296e-09,29,270
"Inh_F","Neuronal System",1.1544570985637e-08,33,361
"Inh_F","Neurotransmitter receptors and postsynaptic signal transmission",5.65108089682157e-06,19,171
"Inh_F","Transmission across Chemical Synapses",2.42287650746058e-05,21,230
"Inh_F","Signaling by GPCR",2.45922165940891e-05,32,484
"Inh_F","GPCR downstream signalling",4.98715281117431e-05,29,429
"Inh_F","Class A/1 (Rhodopsin-like receptors)",5.4154695008843e-05,18,188
"Inh_F","Potassium Channels",0.000117722396513394,12,90
"Inh_F","G alpha (q) signalling events",0.00172405794334707,14,157
"Inh_F","Activation of NMDA receptors and postsynaptic events",0.00773185700513482,9,80
"Inh_F","Peptide ligand-binding receptors",0.00875335997264627,10,101
"Inh_F","Assembly and cell surface presentation of NMDA receptors",0.0121187860486077,6,37
"Inh_F","Class C/3 (Metabotropic glutamate/pheromone receptors)",0.0125594213880453,4,14
"Inh_F","Regulation of insulin secretion",0.0125594213880453,8,70
"Inh_F","G alpha (i) signalling events",0.0162425800117169,14,203
"Inh_F","TWIK-releated acid-sensitive K+ channel (TASK)",0.0238781123718011,2,2
"Inh_F","Post NMDA receptor activation events",0.0409636082636059,7,67
"Inh_F","GABA receptor activation",0.0415401838435622,6,52
"Inh_F","Class B/2 (Secretin family receptors)",0.0415401838435622,7,68
"Inh_F","Activation of Ca-permeable Kainate Receptor",0.0415401838435622,3,10
"Inh_F","Ionotropic activity of kainate receptors",0.0415401838435622,3,10
"Inh_F","Organic anion transporters",0.0415401838435622,3,10
"Inh_F","Cardiac conduction",0.0415401838435622,9,112
"Inh_F","Regulation of gene expression in early pancreatic precursor cells",0.0430359933221386,2,3
"Inh_F","Gap junction assembly",0.0430359933221386,4,22
"Inh_F","Glucagon-like Peptide-1 (GLP1) regulates insulin secretion",0.0430359933221386,5,37
"Inh_F","Voltage gated Potassium channels",0.0430359933221386,5,37
"Inh_F","Activation of GABAB receptors",0.0452544826863065,5,38
"Inh_F","GABA B receptor activation",0.0452544826863065,5,38
"Inh_F","Integration of energy metabolism",0.0486743422095674,8,97
"Inh_F","TRP channels",0.0499178086465036,4,24
"Microglia","Immune System",7.14599694721122e-61,716,1577
"Microglia","Innate Immune System",7.56154737494739e-49,412,807
"Microglia","Neutrophil degranulation",7.02249536932107e-28,212,395
"Microglia","Cytokine Signaling in Immune system",2.16953693654893e-27,294,617
"Microglia","Infectious disease",6.35822571610045e-27,383,874
"Microglia","Selenocysteine synthesis",1.19442674515525e-25,74,90
"Microglia","L13a-mediated translational silencing of Ceruloplasmin expression",1.38506394698508e-25,84,109
"Microglia","REACTOME root term",1.38506394698508e-25,2627,8706
"Microglia","Viral mRNA Translation",1.71492106098656e-25,72,87
"Microglia","Peptide chain elongation",1.71492106098656e-25,72,87
"Microglia","Eukaryotic Translation Elongation",2.58250589733802e-25,74,91
"Microglia","Nonsense Mediated Decay (NMD) independent of the Exon Junction Complex (EJC)",2.92187648670884e-25,75,93
"Microglia","Formation of a pool of free 40S subunits",4.40819080669515e-25,78,99
"Microglia","Cap-dependent Translation Initiation",6.7044093648373e-25,87,117
"Microglia","Eukaryotic Translation Initiation",6.7044093648373e-25,87,117
"Microglia","GTP hydrolysis and joining of the 60S ribosomal subunit",1.69494910338746e-24,83,110
"Microglia","Eukaryotic Translation Termination",1.93409743266034e-24,73,91
"Microglia","Response of EIF2AK4 (GCN2) to amino acid deficiency",3.17965015917425e-24,77,99
"Microglia","Influenza Viral RNA Transcription and Replication",5.55100607307979e-23,91,130
"Microglia","Nonsense Mediated Decay (NMD) enhanced by the Exon Junction Complex (EJC)",1.64826453929692e-21,81,113
"Microglia","Nonsense-Mediated Decay (NMD)",1.64826453929692e-21,81,113
"Microglia","Selenoamino acid metabolism",1.83235749749807e-21,77,105
"Microglia","Viral Infection Pathways",2.15968852000993e-21,307,704
"Microglia","Disease",5.17345372804358e-21,577,1538
"Microglia","Influenza Infection",1.2129970697222e-20,97,150
"Microglia","SRP-dependent cotranslational protein targeting to membrane",2.67366318016287e-20,78,110
"Microglia","Cellular response to starvation",5.6051364092425e-19,95,151
"Microglia","SARS-CoV Infections",3.49544634731619e-18,179,367
"Microglia","SARS-CoV-1 Infection",3.8019630695321e-16,82,131
"Microglia","SARS-CoV-1-host interactions",1.78722682472432e-15,62,89
"Microglia","Major pathway of rRNA processing in the nucleolus and cytosol",6.55264166462345e-14,97,176
"Microglia","Toll-like Receptor Cascades",1.45370437443898e-13,85,148
"Microglia","Interferon Signaling",1.70856113433967e-13,116,227
"Microglia","rRNA processing in the nucleus and cytosol",1.93780869877287e-13,100,186
"Microglia","Signaling by Interleukins",5.96713682978172e-13,165,365
"Microglia","Metabolism of RNA",9.24825814266296e-13,273,687
"Microglia","rRNA processing",1.58421599245218e-12,102,196
"Microglia","SARS-CoV-1 modulates host translation machinery",6.82538514753285e-12,31,36
"Microglia","SARS-CoV-2 Infection",8.43904132348765e-12,125,262
"Microglia","Activation of the mRNA upon binding of the cap-binding complex and eIFs, and subsequent binding to 43S",8.43904132348765e-12,43,59
"Microglia","Translation initiation complex formation",2.23034638959503e-11,42,58
"Microglia","SARS-CoV-2-host interactions",3.0250521145407e-11,90,172
"Microglia","Signaling by ROBO receptors",3.19860768664587e-11,104,209
"Microglia","Formation of the ternary complex, and subsequently, the 43S complex",6.23509689750354e-11,38,51
"Microglia","Cellular responses to stress",6.34133744514159e-11,267,691
"Microglia","Regulation of expression of SLITs and ROBOs",7.68497219179286e-11,86,164
"Microglia","Interferon gamma signaling",7.86497134748371e-11,51,79
"Microglia","Ribosomal scanning and start codon recognition",1.32463362424387e-10,41,58
"Microglia","Toll Like Receptor 4 (TLR4) Cascade",1.45109432249661e-10,72,130
"Microglia","Adaptive Immune System",1.45109432249661e-10,249,640
"Microglia","Cellular responses to stimuli",4.20677233829544e-10,267,702
"Microglia","Signal Transduction",2.10753014310361e-09,695,2137
"Microglia","Diseases associated with the TLR signaling cascade",1.24720813370986e-08,23,27
"Microglia","Diseases of Immune System",1.24720813370986e-08,23,27
"Microglia","Immunoregulatory interactions between a Lymphoid and a non-Lymphoid cell",3.06011798616422e-08,44,72
"Microglia","Translation",3.09115538188712e-08,118,270
"Microglia","SARS-CoV-2 activates/modulates innate and adaptive immune responses",3.81457559238502e-08,55,99
"Microglia","Interferon alpha/beta signaling",4.78785568956229e-08,38,59
"Microglia","Signaling by Rho GTPases, Miro GTPases and RHOBTB3",8.78909482327862e-08,229,614
"Microglia","Parasitic Infection Pathways",1.12472166214484e-07,71,143
"Microglia","Leishmania infection",1.12472166214484e-07,71,143
"Microglia","Signaling by Rho GTPases",1.62710301803653e-07,223,599
"Microglia","DDX58/IFIH1-mediated induction of interferon-alpha/beta",2.20895711701581e-07,40,66
"Microglia","Toll Like Receptor TLR6:TLR2 Cascade",2.30290389398458e-07,55,103
"Microglia","MyD88:MAL(TIRAP) cascade initiated on plasma membrane",2.30290389398458e-07,55,103
"Microglia","MyD88 dependent cascade initiated on endosome",2.3248874601167e-07,53,98
"Microglia","Toll Like Receptor 7/8 (TLR7/8) Cascade",2.3248874601167e-07,53,98
"Microglia","SUMO E3 ligases SUMOylate target proteins",2.39062256498393e-07,72,148
"Microglia","RHO GTPase cycle",2.63232634699551e-07,167,427
"Microglia","Toll Like Receptor 2 (TLR2) Cascade",3.22934756633715e-07,55,104
"Microglia","Toll Like Receptor TLR1:TLR2 Cascade",3.22934756633715e-07,55,104
"Microglia","MyD88-independent TLR4 cascade ",3.22934756633715e-07,55,104
"Microglia","TRIF (TICAM1)-mediated TLR4 signaling ",3.22934756633715e-07,55,104
"Microglia","Toll Like Receptor 9 (TLR9) Cascade",4.11267027422115e-07,54,102
"Microglia","TRAF6 mediated induction of NFkB and MAP kinases upon TLR7/8 or 9 activation",4.27588836496154e-07,52,97
"Microglia","SUMOylation",6.76215488879435e-07,73,154
"Microglia","RAC1 GTPase cycle",8.51197074759982e-07,81,177
"Microglia","SARS-CoV-2 modulates host translation machinery",9.00956569234782e-07,32,50
"Microglia","Toll Like Receptor 3 (TLR3) Cascade",1.5523529551586e-06,52,100
"Microglia","Regulated Necrosis",3.39936364546567e-06,32,52
"Microglia","Interleukin-4 and Interleukin-13 signaling",4.96637127512295e-06,42,77
"Microglia","Antigen processing-Cross presentation",4.96637127512295e-06,49,95
"Microglia","SARS-CoV-1 activates/modulates innate immune responses",5.75277591050735e-06,25,37
"Microglia","MyD88 cascade initiated on plasma membrane",6.13153890596883e-06,48,93
"Microglia","Toll Like Receptor 10 (TLR10) Cascade",6.13153890596883e-06,48,93
"Microglia","Toll Like Receptor 5 (TLR5) Cascade",6.13153890596883e-06,48,93
"Microglia","Cell recruitment (pro-inflammatory response)",8.37522205849354e-06,18,23
"Microglia","Purinergic signaling in leishmaniasis infection",8.37522205849354e-06,18,23
"Microglia","Processing of Capped Intron-Containing Pre-mRNA",8.37522205849354e-06,110,271
"Microglia","Nucleotide-binding domain, leucine rich repeat containing receptor (NLR) signaling pathways",1.03852624130848e-05,32,54
"Microglia","ZBP1(DAI) mediated induction of type I IFNs",1.90761110840736e-05,15,18
"Microglia","Interleukin-10 signaling",2.42938240852654e-05,18,24
"Microglia","TRAF3-dependent IRF activation pathway",2.81979290031541e-05,12,13
"Microglia","Death Receptor Signaling",2.95796502171442e-05,66,147
"Microglia","Hemostasis",3.56312195969827e-05,176,486
"Microglia","Cytosolic sensors of pathogen-associated DNA ",3.99824888620801e-05,33,59
"Microglia","RIP-mediated NFkB activation via ZBP1",4.36592569571013e-05,13,15
"Microglia","SUMOylation of DNA damage response and repair proteins",5.97344058512796e-05,37,70
"Microglia","Ovarian tumor domain proteases",6.48405394070703e-05,23,36
"Microglia","Fcgamma receptor (FCGR) dependent phagocytosis",7.41572432193568e-05,41,81
"Microglia","Negative regulators of DDX58/IFIH1 signaling",7.66545813977783e-05,22,34
"Microglia","Interleukin-1 family signaling",9.02301149329121e-05,60,134
"Microglia","Downregulation of SMAD2/3:SMAD4 transcriptional activity",0.000123688877950778,19,28
"Microglia","Gene expression (Transcription)",0.000123790201718996,433,1363
"Microglia","FCGR3A-mediated phagocytosis",0.000126473438533725,30,54
"Microglia","Parasite infection",0.000126473438533725,30,54
"Microglia","Leishmania phagocytosis",0.000126473438533725,30,54
"Microglia","Caspase activation via Death Receptors in the presence of ligand",0.000128345229359487,12,14
"Microglia","Endosomal/Vacuolar pathway",0.000130453367465349,9,9
"Microglia","Transcriptional activity of SMAD2/SMAD3:SMAD4 heterotrimer",0.000152759648257177,27,47
"Microglia","Regulation of actin dynamics for phagocytic cup formation",0.000154999902988461,31,57
"Microglia","Metabolism of amino acids and derivatives",0.00019594423358349,117,310
"Microglia","RNA Polymerase II Transcription",0.000209475190080882,386,1208
"Microglia","Programmed Cell Death",0.000236151694355781,77,188
"Microglia","Transcriptional Regulation by TP53",0.000236151694355781,128,346
"Microglia","Antiviral mechanism by IFN-stimulated genes",0.000237635240410481,59,135
"Microglia","Signaling by TGF-beta Receptor Complex",0.000318420097492523,42,88
"Microglia","Regulation of TP53 Activity",0.000343904205486939,65,154
"Microglia","Membrane Trafficking",0.000351927402853912,199,580
"Microglia","Vesicle-mediated transport",0.000367969807624958,207,607
"Microglia","Phosphorylation of CD3 and TCR zeta chains",0.000367969807624958,11,13
"Microglia","TICAM1-dependent activation of IRF3/IRF7",0.000367969807624958,11,13
"Microglia","Interleukin-1 processing",0.000431124306643535,8,8
"Microglia","Inflammasomes",0.000431124306643535,14,19
"Microglia","TAK1-dependent IKK and NF-kappa-B activation  ",0.000483086956687541,24,42
"Microglia","RHOA GTPase cycle",0.00050238930781408,61,144
"Microglia","RAC2 GTPase cycle",0.000535201815499096,41,87
"Microglia","Generic Transcription Pathway",0.000598490889158875,348,1091
"Microglia","Developmental Biology",0.00062505974399944,310,961
"Microglia","CDC42 GTPase cycle",0.000807122301251972,63,152
"Microglia","Metabolism of proteins",0.000862747107529968,536,1753
"Microglia","TRAF6 mediated NF-kB activation",0.000880958048962261,15,22
"Microglia","Axon guidance",0.000937169367532231,176,513
"Microglia","Diseases of signal transduction by growth factor receptors and second messengers",0.000980400082684729,143,405
"Microglia","Negative regulation of MET activity",0.000987683484937204,14,20
"Microglia","Signaling by CSF1 (M-CSF) in myeloid cells",0.00100528606293572,18,29
"Microglia","NF-kB activation through FADD/RIP-1 pathway mediated by caspase-8 and -10",0.00104733638678498,10,12
"Microglia","Deubiquitination",0.00104733638678498,89,233
"Microglia","Nervous system development",0.00110385949414956,183,538
"Microglia","TRAF6 mediated IRF7 activation",0.00113123941041955,12,16
"Microglia","Transport of Mature Transcript to Cytoplasm",0.0012526187900245,36,76
"Microglia","Regulation of NFE2L2 gene expression",0.0014052631416291,7,7
"Microglia","RUNX3 regulates CDKN1A transcription",0.0014052631416291,7,7
"Microglia","Antigen activates B Cell Receptor (BCR) leading to generation of second messengers",0.00144045015228884,16,25
"Microglia","RAC3 GTPase cycle",0.00167391016423285,41,91
"Microglia","mRNA Splicing",0.00171335086924746,80,208
"Microglia","Pyroptosis",0.00171335086924746,15,23
"Microglia","Signaling by Receptor Tyrosine Kinases",0.00172840160175266,163,476
"Microglia","ISG15 antiviral mechanism",0.00183173073831919,33,69
"Microglia","SUMOylation of ubiquitinylation proteins",0.00186663799005229,20,35
"Microglia","Antigen Presentation: Folding, assembly and peptide loading of class I MHC",0.00214346541007794,17,28
"Microglia","Transport of Mature mRNA derived from an Intron-Containing Transcript",0.00233262379538628,32,67
"Microglia","RUNX3 regulates p14-ARF",0.00240117248225098,8,9
"Microglia","TCR signaling",0.00240914141202592,45,104
"Microglia","RHO GTPase Effectors",0.00278850310510212,87,233
"Microglia","Erythropoietin activates Phosphoinositide-3-kinase (PI3K)",0.00290349037268687,9,11
"Microglia","Nuclear Pore Complex (NPC) Disassembly",0.002931544154466,18,31
"Microglia","Regulation of TP53 Expression and Degradation",0.00294028125411436,20,36
"Microglia","Signaling by the B Cell Receptor (BCR)",0.00294028125411436,44,102
"Microglia","Co-inhibition by PD-1",0.00294028125411436,10,13
"Microglia","IRAK4 deficiency (TLR2/4)",0.00294028125411436,10,13
"Microglia","RHOC GTPase cycle",0.0033186733316794,33,71
"Microglia","Platelet activation, signaling and aggregation",0.00348949508371745,83,222
"Microglia","Transcriptional regulation by RUNX3",0.00350398868904133,41,94
"Microglia","RIPK1-mediated regulated necrosis",0.00354518757691965,17,29
"Microglia","Regulation of necroptotic cell death",0.00354518757691965,17,29
"Microglia","SMAD2/SMAD3:SMAD4 heterotrimer regulates transcription",0.00366307174316163,19,34
"Microglia","Generation of second messenger molecules",0.00372776819382742,14,22
"Microglia","mRNA Splicing - Major Pathway",0.00401921671877602,76,201
"Microglia","Interleukin-3, Interleukin-5 and GM-CSF signaling",0.00420479841448813,22,42
"Microglia","TP53 Regulates Transcription of Cell Death Genes",0.00420479841448813,22,42
"Microglia","Loss of Function of SMAD2/3 in Cancer",0.00436560267091856,6,6
"Microglia","CLEC7A/inflammasome pathway",0.00436560267091856,6,6
"Microglia","Interleukin-1 signaling",0.00462354529227425,45,107
"Microglia","RAB GEFs exchange GTP for GDP on RABs",0.00522968603495662,38,87
"Microglia","p75 NTR receptor-mediated signalling",0.00546524061269869,40,93
"Microglia","HIV Life Cycle",0.00558558482000173,56,141
"Microglia","RHO GTPases Activate WASPs and WAVEs",0.00558706113442038,19,35
"Microglia","Interleukin-2 family signaling",0.00558706113442038,19,35
"Microglia","Regulation of TP53 Degradation",0.00558706113442038,19,35
"Microglia","Regulation of T cell activation by CD28 family",0.00601133397967028,25,51
"Microglia","MAP kinase activation",0.00601133397967028,29,62
"Microglia","Mitotic Prophase",0.00601133397967028,35,79
"Microglia","ER-Phagosome pathway",0.0061863753192474,36,82
"Microglia","Potential therapeutics for SARS",0.00649578584012608,38,88
"Microglia","Cross-presentation of particulate exogenous antigens (phagosomes)",0.00656066561626115,7,8
"Microglia","TRIF-mediated programmed cell death",0.00656066561626115,7,8
"Microglia","TRAIL  signaling",0.00656066561626115,7,8
"Microglia","The NLRP3 inflammasome",0.00665536938644872,10,14
"Microglia","Signaling by CSF3 (G-CSF)",0.00694716303489077,16,28
"Microglia","TNF receptor superfamily (TNFSF) members mediating non-canonical NF-kB pathway",0.00719222583072554,9,12
"Microglia","MyD88 deficiency (TLR2/4)",0.00719222583072554,9,12
"Microglia","NFE2L2 regulating tumorigenic genes",0.00720130772806034,8,10
"Microglia","Trafficking and processing of endosomal TLR",0.00720130772806034,8,10
"Microglia","STAT3 nuclear events downstream of ALK signaling",0.00720130772806034,8,10
"Microglia","IKK complex recruitment mediated by RIP1",0.00772728993963539,13,21
"Microglia","Regulation of signaling by CBL",0.00772728993963539,13,21
"Microglia","Rab regulation of trafficking",0.00805357497451149,47,116
"Microglia","Chromatin organization",0.00805357497451149,75,203
"Microglia","Interleukin-17 signaling",0.00805357497451149,30,66
"Microglia","C-type lectin receptors (CLRs)",0.00805357497451149,47,116
"Microglia","Chromatin modifying enzymes",0.00805357497451149,75,203
"Microglia","NOD1/2 Signaling Pathway",0.00805357497451149,19,36
"Microglia","Signaling by EGFR",0.00912769968962414,23,47
"Microglia","Listeria monocytogenes entry into host cells",0.0092387224962429,12,19
"Microglia","Regulation of TP53 Activity through Methylation",0.0092387224962429,12,19
"Microglia","Signaling by VEGF",0.0100116856011856,42,102
"Microglia","Caspase activation via extrinsic apoptotic signalling pathway",0.0105387826717308,14,24
"Microglia","Transport of Ribonucleoproteins into the Host Nucleus",0.0106230585638387,16,29
"Microglia","Regulation of TNFR1 signaling",0.0115387203819011,22,45
"Microglia","Nuclear Envelope Breakdown",0.0115387203819011,22,45
"Microglia","NS1 Mediated Effects on Host Pathways",0.0116776716094737,19,37
"Microglia","Negative regulation of FLT3",0.0128769738637074,10,15
"Microglia","TRAF6-mediated induction of TAK1 complex within TLR4 complex",0.0128769738637074,10,15
"Microglia","TGFBR1 KD Mutants in Cancer",0.0128769738637074,5,5
"Microglia","NFE2L2 regulating ER-stress associated genes",0.0128769738637074,5,5
"Microglia","Signaling by Erythropoietin",0.0128769738637074,13,22
"Microglia","IRAK2 mediated activation of TAK1 complex upon TLR7/8 or 9 stimulation",0.0128769738637074,10,15
"Microglia","RUNX3 regulates BCL2L11 (BIM) transcription",0.0128769738637074,5,5
"Microglia","RUNX3 Regulates Immune Response and Cell Migration",0.0128769738637074,5,5
"Microglia","SMAD2/3 Phosphorylation Motif Mutants in Cancer",0.0128769738637074,5,5
"Microglia","NFE2L2 regulating inflammation associated genes",0.0128769738637074,5,5
"Microglia","Regulation of HMOX1 expression and activity",0.0128769738637074,5,5
"Microglia","TNF signaling",0.0139261635913594,25,54
"Microglia","CLEC7A (Dectin-1) signaling",0.0145971853058748,39,95
"Microglia","VEGFA-VEGFR2 Pathway",0.0145971853058748,38,92
"Microglia","STING mediated induction of host immune responses",0.0150189111180408,9,13
"Microglia","Regulation of TLR by endogenous ligand",0.0150189111180408,9,13
"Microglia","Apoptosis",0.0150429130384335,60,160
"Microglia","Export of Viral Ribonucleoproteins from Nucleus",0.0155512464106049,16,30
"Microglia","Evasion by RSV of host interferon responses",0.0155512464106049,12,20
"Microglia","Interleukin-37 signaling",0.0155512464106049,12,20
"Microglia","Transport of Mature mRNA Derived from an Intronless Transcript",0.015991388686298,19,38
"Microglia","Deadenylation of mRNA",0.0160306097870801,14,25
"Microglia","Infection with Mycobacterium tuberculosis",0.0160306097870801,14,25
"Microglia","Modulation by Mtb of host immune system",0.0169337305351229,6,7
"Microglia","Oncogenic MAPK signaling",0.0169337305351229,33,78
"Microglia","Signaling by TGF-beta Receptor Complex in Cancer",0.0169337305351229,6,7
"Microglia","RSV-host interactions",0.0169337305351229,33,78
"Microglia","DEx/H-box helicases activate type I IFN and inflammatory cytokines production ",0.0169337305351229,6,7
"Microglia","IkBA variant leads to EDA-ID",0.0169337305351229,6,7
"Microglia","FCGR activation",0.0171955453512562,7,9
"Microglia","Regulation by c-FLIP",0.0171955453512562,7,9
"Microglia","BH3-only proteins associate with and inactivate anti-apoptotic BCL-2 members",0.0171955453512562,7,9
"Microglia","CASP8 activity is inhibited",0.0171955453512562,7,9
"Microglia","Dimerization of procaspase-8",0.0171955453512562,7,9
"Microglia","Signaling by SCF-KIT",0.0171955453512562,17,33
"Microglia","Translocation of ZAP-70 to Immunological synapse",0.0171955453512562,7,9
"Microglia","HCMV Late Events",0.0172257112825754,25,55
"Microglia","Regulation of Glucokinase by Glucokinase Regulatory Protein",0.0187485289724538,15,28
"Microglia","Defective TPR may confer susceptibility towards thyroid papillary carcinoma (TPC)",0.0187485289724538,15,28
"Microglia","FOXO-mediated transcription of oxidative stress, metabolic and neuronal genes",0.0193177690767237,13,23
"Microglia","Inactivation of CSF3 (G-CSF) signaling",0.0193177690767237,13,23
"Microglia","activated TAK1 mediates p38 MAPK activation",0.0193177690767237,13,23
"Microglia","Signaling by ALK in cancer",0.0204257849802649,33,79
"Microglia","Signaling by ALK fusions and activated point mutants",0.0204257849802649,33,79
"Microglia","Transport of Mature mRNAs Derived from Intronless Transcripts",0.0212847166079427,19,39
"Microglia","Transport of the SLBP independent Mature mRNA",0.0215365676940251,16,31
"Microglia","Nuclear import of Rev protein",0.0215365676940251,16,31
"Microglia","Vpr-mediated nuclear import of PICs",0.0215365676940251,16,31
"Microglia","p75NTR signals via NF-kB",0.0221779415726524,10,16
"Microglia","MAP3K8 (TPL2)-dependent MAPK1/3 activation",0.0221779415726524,10,16
"Microglia","TGF-beta receptor signaling in EMT (epithelial to mesenchymal transition)",0.0221779415726524,10,16
"Microglia","FLT3 Signaling",0.0243470084200886,17,34
"Microglia","Amyloid fiber formation",0.0243760023252643,21,45
"Microglia","Late Phase of HIV Life Cycle",0.0243767787019714,49,129
"Microglia","NEP/NS2 Interacts with the Cellular Export Machinery",0.0272929242838246,15,29
"Microglia","InlB-mediated entry of Listeria monocytogenes into host cell",0.0272929242838246,9,14
"Microglia","Clathrin-mediated endocytosis",0.0272929242838246,51,136
"Microglia","G-protein beta:gamma signalling",0.0272929242838246,15,29
"Microglia","FOXO-mediated transcription",0.0285709269096962,25,57
"Microglia","Translation of Structural Proteins",0.0285709269096962,25,57
"Microglia","EPHB-mediated forward signaling",0.0287484553201643,19,40
"Microglia","FCERI mediated Ca+2 mobilization",0.0296165401285161,13,24
"Microglia","Estrogen-dependent gene expression",0.0299235681332526,36,90
"Microglia","Metalloprotease DUBs",0.0301171497898196,11,19
"Microglia","Rev-mediated nuclear export of HIV RNA",0.0302099250470219,16,32
"Microglia","TNFR1-induced NF-kappa-B signaling pathway",0.0302099250470219,16,32
"Microglia","Transport of the SLBP Dependant Mature mRNA",0.0302099250470219,16,32
"Microglia","GPVI-mediated activation cascade",0.0302099250470219,16,32
"Microglia","TP53 Regulates Transcription of Caspase Activators and Caspases",0.0321327460020483,8,12
"Microglia","TRAF6 mediated IRF7 activation in TLR7/8 or 9 signaling",0.0321327460020483,8,12
"Microglia","Cell surface interactions at the vascular wall",0.0340805946740595,39,100
"Microglia","FLT3 signaling in disease",0.0340805946740595,14,27
"Microglia","Budding and maturation of HIV virion",0.0340805946740595,14,27
"Microglia","RUNX1 and FOXP3 control the development of regulatory T lymphocytes (Tregs)",0.0366426215185758,4,4
"Microglia","Lysosomal oligosaccharide catabolism",0.0366426215185758,4,4
"Microglia","PI Metabolism",0.0366426215185758,33,82
"Microglia","Transcriptional regulation of white adipocyte differentiation",0.0366426215185758,31,76
"Microglia","IRAK4 deficiency (TLR5)",0.0366426215185758,4,4
"Microglia","RUNX1 regulates transcription of genes involved in BCR signaling",0.0366426215185758,4,4
"Microglia","Interleukin-6 signaling",0.0374602367834623,7,10
"Microglia","SUMOylation of RNA binding proteins",0.0376204959611062,19,41
"Microglia","Oncogene Induced Senescence",0.0376651343673695,15,30
"Microglia","Endosomal Sorting Complex Required For Transport (ESCRT)",0.0376651343673695,15,30
"Microglia","Regulation of TP53 Activity through Acetylation",0.0376651343673695,15,30
"Microglia","Cellular response to chemical stress",0.041140636347673,68,194
"Microglia","NFE2L2 regulating MDR associated enzymes",0.0419398698614192,6,8
"Microglia","Formation of definitive endoderm",0.0419398698614192,6,8
"Microglia","PTK6 Regulates RTKs and Their Effectors AKT1 and DOK1",0.0419398698614192,6,8
"Microglia","NFE2L2 regulates pentose phosphate pathway genes",0.0419398698614192,6,8
"Microglia","Post-translational protein modification",0.0419957480004579,369,1241
"Microglia","Downregulation of TGF-beta receptor signaling",0.0423266740871303,13,25
"Microglia","Signaling by TGFB family members",0.0426098802294633,43,114
"Microglia","Erythropoietin activates STAT5",0.0430253874602745,5,6
"Microglia","Loss of Function of TGFBR1 in Cancer",0.0430253874602745,5,6
"Microglia","Erythropoietin activates Phospholipase C gamma (PLCG)",0.0430253874602745,5,6
"Microglia","Signaling by Nuclear Receptors",0.0430253874602745,73,211
"Microglia","RHOG GTPase cycle",0.0438165615713885,29,71
"Microglia","Cell Cycle, Mitotic",0.0447841068648053,141,441
"Microglia","TP53 regulates transcription of additional cell cycle genes whose exact role in the p53 pathway remain uncertain",0.0447841068648053,11,20
"Microglia","FOXO-mediated transcription of cell death genes",0.0447841068648053,9,15
"Microglia","TNFs bind their physiological receptors",0.0447841068648053,9,15
"Microglia","Interleukin-20 family signaling",0.0447841068648053,9,15
"Microglia","RHOU GTPase cycle",0.0457609517513854,18,39
"Microglia","Adipogenesis",0.0462894911702139,38,99
"Microglia","EGFR downregulation",0.0462894911702139,14,28
"Microglia","Notch-HLH transcription pathway",0.0462894911702139,14,28
"Microglia","TGF-beta receptor signaling activates SMADs",0.0495199712979209,20,45
"OPC","Extracellular matrix organization",1.36302750577754e-08,80,244
"OPC","Molecules associated with elastic fibres",0.00264080654518247,16,31
"OPC","Chondroitin sulfate/dermatan sulfate metabolism",0.00313671362687449,20,46
"OPC","Elastic fibre formation",0.00759125402581882,17,38
"OPC","Degradation of the extracellular matrix",0.0104452960215865,34,110
"OPC","Dermatan sulfate biosynthesis",0.0104452960215865,8,11
"OPC","Glycosaminoglycan metabolism",0.0136287299711824,35,117
"OPC","Chondroitin sulfate biosynthesis",0.0215557294884938,10,18
"OPC","Diseases associated with glycosaminoglycan metabolism",0.0215557294884938,16,39
"OPC","Diseases of glycosylation",0.0256320127312808,36,127
"OPC","Regulation of gene expression in late stage (branching morphogenesis) pancreatic bud precursor cells",0.0332173767287153,8,13
"OPC","Defective CHST3 causes SEDCJD",0.0337398773776934,6,8
"OPC","Nephron development",0.0337398773776934,6,8
"OPC","Collagen biosynthesis and modifying enzymes",0.0337398773776934,22,66
"OPC","Defective CHST14 causes EDS, musculocontractural type",0.0337398773776934,6,8
"OPC","ECM proteoglycans",0.0337398773776934,22,67
"OPC","NOTCH4 Intracellular Domain Regulates Transcription",0.0339230321187408,10,20
"OPC","Kidney development",0.0369769349034939,13,31
"OPC","Collagen formation",0.0373648070467649,25,82
"OPC","Regulation of beta-cell development",0.0373648070467649,11,24
"OPC","RUNX3 regulates NOTCH signaling",0.0373648070467649,8,14
"OPC","Transport and synthesis of PAPS",0.038711379356736,5,6
"OPC","Signaling by PDGF",0.0399202903414349,18,52
"OPC","DSCAM interactions",0.0441440919809635,4,4
"OPC","A tetrasaccharide linker sequence is required for GAG synthesis",0.0458771578230771,11,25
"OPC","Assembly of collagen fibrils and other multimeric structures",0.0458771578230771,18,53
"Oligo","Gene expression (Transcription)",1.14071362800702e-07,482,1363
"Oligo","Processing of Capped Intron-Containing Pre-mRNA",2.75791337854163e-07,123,271
"Oligo","mRNA Splicing",1.32722916777673e-05,95,208
"Oligo","mRNA Splicing - Major Pathway",3.28062865109494e-05,91,201
"Oligo","RNA Polymerase II Transcription",4.33116967541533e-05,414,1208
"Oligo","Cell Cycle",0.0003392907053714,206,559
"Oligo","Generic Transcription Pathway",0.000499239877892057,370,1091
"Oligo","Chromatin organization",0.000999913689446686,86,203
"Oligo","Chromatin modifying enzymes",0.000999913689446686,86,203
"Oligo","Cell Cycle, Mitotic",0.00223676131962557,163,441
"Oligo","Processive synthesis on the lagging strand",0.00725894103597988,12,15
"Oligo","SUMO E3 ligases SUMOylate target proteins",0.0103836449343422,63,148
"Oligo","SUMOylation",0.0103836449343422,65,154
"Oligo","Post-translational protein modification",0.0103836449343422,403,1241
"Oligo","RHOQ GTPase cycle",0.0104868283154718,30,58
"Oligo","RHOC GTPase cycle",0.0104868283154718,35,71
"Oligo","Signaling by Rho GTPases, Miro GTPases and RHOBTB3",0.0104868283154718,212,614
"Oligo","Telomere C-strand (Lagging Strand) Synthesis",0.0104868283154718,20,33
"Oligo","Removal of the Flap Intermediate",0.012261652016248,11,14
"Oligo","Signaling by Rho GTPases",0.0151270656892314,206,599
"Oligo","RHO GTPase cycle",0.024082230862458,151,427
"Oligo","DNA strand elongation",0.024082230862458,17,28
"Oligo","Processive synthesis on the C-strand of the telomere",0.024082230862458,13,19
"Oligo","Removal of the Flap Intermediate from the C-strand",0.0252455102581589,12,17
"Oligo","Telomere C-strand synthesis initiation",0.0267358541570686,10,13
"Oligo","Transport of Mature mRNA derived from an Intron-Containing Transcript",0.0291167467323016,32,67
"Oligo","SUMOylation of DNA damage response and repair proteins",0.0308215028831967,33,70
"Oligo","REACTOME root term",0.0312472685131293,2505,8706
"Oligo","Extension of Telomeres",0.0324615294373522,25,49
"Oligo","Transport of Mature Transcript to Cytoplasm",0.0326076959866352,35,76
"Oligo","Lagging Strand Synthesis",0.0372496358187418,13,20
"Oligo","Membrane Trafficking",0.0380266698907138,196,580
"Oligo","SARS-CoV Infections",0.0391738741274086,130,367
"Oligo","HDACs deacetylate histones",0.0391738741274086,20,37
"Oligo","Polymerase switching on the C-strand of the telomere",0.0426308954840222,15,25
"Oligo","Activation of gene expression by SREBF (SREBP)",0.0442298128118179,21,40
"Oligo","Recycling of eIF2:GDP",0.0442298128118179,7,8
"Oligo","Cohesin Loading onto Chromatin",0.0485063093524489,8,10
"Oligo","Metabolism of RNA",0.0485063093524489,227,687
