D1_islands,Endothelial_Ependymal,Excitatory,Inhibitory,MSN_1,MSN_2,MSN_3,WM
SLC35E2B,TTLL10,TNFRSF18,SAMD11,KLHL17,HES4,C1QTNF12,TNFRSF18
SLC35E2A,MXRA8,TMEM88B,FNDC10,HES4,ACAP3,GABRD,TMEM88B
CALML6,TMEM52,CALML6,ARHGEF16,AGRN,GABRD,HES5,VWA1
GABRD,CFAP74,TMEM52,SMIM1,TNFRSF4,MMEL1,MMEL1,ATAD3C
PANK4,MORN1,CHD5,CHD5,ACAP3,ICMT,AJAP1,CDK11B
HES5,TNFRSF14,PIK3CD,RNF207,GABRD,TNFRSF8,NPHP4,SMIM1
GPR153,TTC34,CTNNBIP1,ACOT7,MMEL1,TMEM51,ESPN,VAMP3
PEX14,TP73,RBP7,CTNNBIP1,KCNAB2,SRARP,TNFRSF25,SLC2A5
CASZ1,ANGPTL7,C1orf167,CORT,RNF207,HTR6,PLEKHG5,SPSB1
C1orf127,AGTRAP,NPPA,C1orf127,ICMT,PLA2G5,FBXO6,LZIC
SRM,C1orf158,EFHD2,ANGPTL7,TNFRSF25,CDA,NPPB,RBP7
DISP3,PDPN,AGMAT,CLCN6,PLEKHG5,SH2D5,TNFRSF8,HSPB7
MAD2L2,FHAD1,CLCNKB,LRRC38,GPR157,RAP1GAP,PRDM2,PADI2
DRAXIN,HSPB7,PADI2,AGMAT,DISP3,USP48,SLC25A34,C1QB
NPPA,CLCNKA,IGSF21,FBLIM1,NPPB,LUZP1,KLHDC7A,GRHL3
NPPB,CLCNKB,KLHDC7A,FAM131C,TNFRSF8,HTR1D,HTR6,NIPAL3
TNFRSF8,CROCC,PAX7,ATP13A2,SRARP,SFN,FAM43B,NCMAP
LRRC38,MFAP2,NBL1,PADI1,ARHGEF19,EPB41,KIF17,CLIC4
KAZN,TMCO4,CAMK2N1,PAX7,HTR6,TMEM200B,SH2D5,RUNX3
SLC25A34,UBXN10,EPHA8,NBL1,OTUD3,ZBTB8A,RAP1GAP,LDLRAP1
FBLIM1,VWA5B1,NCMAP,CDC42,PLA2G5,S100PBP,HTR1D,WASF2
KLHDC7A,ALPL,AUNIP,EPHA8,SH2D5,HPCA,GRHL3,THEMIS2
PLA2G2C,LDLRAD2,STMN1,PITHD1,RAP1GAP,DLGAP3,FCN3,PTAFR
CAMK2N1,HSPG2,EXTL1,RCAN3,HTR1D,NCDN,PPP1R8,MATN1
FAM43B,ID3,CD52,TRNP1,LYPLA2,POU3F1,SMPDL3B,LAPTM5
WNT4,GRHL3,TENT5B,GPR3,GALE,GJA9,SDC3,NKAIN1
EPHA8,RUNX3,GPR3,ATP5IF1,TMEM50A,HEYL,ADGRB2,HCRTR1
HTR1D,C1orf232,IFI6,OPRD1,FAM110D,MYCL,CSMD2,SPOCD1
GALE,FCN3,THEMIS2,FABP3,SFN,CAP1,C1orf94,PTP4A2
MAN1C1,CD164L2,PTPRU,ZBTB8B,SLC9A1,ZFP69B,NCDN,MARCKSL1
STMN1,FGR,MATN1,FNDC5,EPB41,EXO5,CLSPN,ZBTB8B
CNKSR1,SERINC2,FABP3,TRIM62,TMEM200B,TMEM269,POU3F1,AK2
CD52,TINAGL1,HCRTR1,C1orf216,ADGRB2,RAD54L,BMP8A,COL8A2
SYTL1,DCDC2B,LCK,CDCA8,YARS,PDZK1IP1,HEYL,CSF3R
SMPDL3B,TMEM234,ZBTB8A,MANEAL,S100PBP,TTC22,HPCAL4,C1orf122
EPB41,FAM167B,ZSCAN20,YRDC,HPCA,LEXM,BMP8B,INPP5B
TMEM200B,LCK,C1orf94,OXCT2,DLGAP3,L1TD1,MFSD2A,GJA9
FAM167B,SYNC,GJB5,SLFNL1,NCDN,CACHD1,ZFP69B,RHBDL2
CSMD2,GJA4,GJB3,FOXO6,TFAP2E,LEPR,CTPS1,COL9A2
GJB3,TMEM35B,C1orf216,RIMKLA,POU3F1,PDE4B,TMEM269,TMEM125
TFAP2E,TEKT2,COL8A2,ATP6V0B,HEYL,LRRC7,ARTN,CDC20
SH3D21,COL8A2,CSF3R,MAST2,MYCL,NEXN,KNCN,ELOVL1
GRIK3,EVA1B,GRIK3,PIK3R3,CAP1,DNAJB4,CYP4A11,IPO13
EPHA10,ZC3H12A,FHL3,UQCRH,TMEM269,GIPC2,GLIS1,SLC6A9
YRDC,DNALI1,RHBDL2,CYP4A11,TIE1,ADGRL4,TTC22,KIF2C
HPCAL4,MYCBP,HPCAL4,CYP4X1,ZSWIM5,DNASE2B,LEXM,TESK2
BMP8B,ZMYND12,RIMS3,CYP4Z1,RAD54L,SSX2IP,PCSK9,CCDC163
OXCT2,FAM183A,HIVEP3,FOXE3,PDZK1IP1,BCL10,FGGY,NASP
MYCL,CFAP57,TMEM125,ELAVL4,PARS2,COL24A1,HOOK1,LURAP1
CITED4,ARMH1,CDC20,RNF11,TTC22,CLCA2,CACHD1,EFCAB14
CTPS1,BEST4,ELOVL1,TTC39A,LEXM,HS2ST1,PDE4B,DMRTA2
SLFNL1,TCTEX1D4,MED8,EPS15,DHCR24,EPHX4,SGIP1,CDKN2C
SCMH1,BTBD19,TSPAN1,RAB3B,TMEM61,BTBD8,DIRAS3,CC2D1B
FOXO6,CCDC163,TMEM275,SHISAL2A,HOOK1,RPAP2,LRRC7,SLC1A7
EDN2,CCDC17,TRABD2B,LRP8,L1TD1,CCDC18,NEGR1,TCEANC2
HIVEP3,CYP4B1,ELAVL4,YIPF1,CACHD1,FNBP1L,ERICH3,FYB2
HYI,FOXD2,DMRTA2,KANK4,RAVER2,ARHGAP29,ST6GALNAC5,TACSTD2
ARTN,TRABD2B,CDKN2C,DNAJC6,LRRC7,F3,AK5,CYP2J2
PTCH2,SPATA6,EPS15,CRYZ,AK5,GPR88,GIPC2,NFIA
TOE1,MROH7,RAB3B,LHX8,NEXN,EXTL2,PTGFR,ATG4C
TSPAN1,FYB2,ORC1,SLC44A5,DNAJB4,RNPC3,ADGRL2,DEPDC1
FAAH,JUN,SLC1A7,LRRC39,GIPC2,AMPD2,PRKACB,ST6GALNAC3
TMEM275,C1orf87,LRP8,FAM102B,ADGRL2,UBL4B,SAMD13,IFI44L
CYP4A11,ROR1,DHCR24,AMIGO1,SAMD13,KCNA2,DNASE2B,TTLL7
CYP4X1,TCTEX1D1,FYB2,GPR61,SPATA1,WNT2B,RPF1,CLCA2
KTI12,INSL5,DAB1,STRIP1,SSX2IP,PTPN22,GNG5,CLCA4
SHISAL2A,WDR78,TACSTD2,KCNC4,COL24A1,BCL2L15,SPATA1,LRRC8D
GLIS1,C1orf141,L1TD1,DENND2D,HS2ST1,DENND2C,SSX2IP,ZNF326
SSBP3,WLS,DNAJC6,WDR77,EPHX4,MAN1A2,HS2ST1,ZNF644
PCSK9,RPE65,IL12RB2,MAGI3,BTBD8,NOTCH2NLA,LRRC8C,DPYD
HOOK1,LRRIQ3,DEPDC1,BCAS2,GLMN,HIST2H4B,EPHX4,SASS6
ALG6,ADGRL4,PTGER3,SIKE1,FNBP1L,HIST2H2AC,PLPPR5,TRMT13
INSL5,LPAR3,NEGR1,TSPAN2,GPR88,C1orf54,PLPPR4,STXBP3
DIRAS3,WDR63,CRYZ,NGF,EXTL2,CIART,PALMD,AKNAD1
LRRC7,CCN1,DNASE2B,IGSF3,COL11A1,S100A14,DPH5,GPSM2
PTGER3,GBP3,COL24A1,FAM72C,AMY2A,S100A13,S1PR1,PSRC1
ERICH3,GBP1,CLCA4,FAM72D,KIAA1324,S100A1,COL11A1,MYBPHL
MSH4,GBP2,LMO4,GPR89A,ATXN7L2,AQP10,AMY2A,SORT1
ST6GALNAC5,GBP5,GBP2,GPR89B,AMPD2,DCST2,KIAA1324,CSF1
PRKACB,TGFBR3,LRRC8B,SV2A,GSTM4,MUC1,ATXN7L2,CD53
RPF1,ABCA4,FAM102B,TARS2,GSTM1,THBS3,AMPD2,CHI3L2
SPATA1,PALMD,PSRC1,ANXA9,KCNA2,ARHGEF2,GSTM2,TMIGD3
SSX2IP,CDC14A,MYBPHL,MLLT11,OVGP1,UBQLN4,GSTM1,ADORA3
MCOLN2,VCAM1,SORT1,RFX5,WNT2B,C1orf61,GSTM3,RAP1A
MCOLN3,FNDC7,SYPL2,CGN,PTPN22,GPATCH4,KCNA3,SLC16A1
SYDE2,C1orf194,STRIP1,TUFT1,BCL2L15,ETV3L,LRIF1,NHLH2
C1orf52,CSF1,SLC6A17,OAZ3,SYT6,PYHIN1,KCND3,SLC22A15
LRRC8B,ALX3,KCNC4,LINGO4,DENND2C,ACKR1,MOV10,TTF2
LRRC8C,UBL4B,INKA2,SPRR2G,ATP1A1,DUSP23,BCL2L15,PHGDH
CDC7,SLC16A4,TAFA3,LOR,CD58,IGSF9,SYT6,FCGR1B
SNX7,CHI3L2,MAGI3,AQP10,ANKRD34A,ATP1A2,DENND2C,HIST2H3PS2
PLPPR5,PIFO,NHLH2,CHRNB2,NBPF12,NHLH1,ATP1A1,TXNIP
PLPPR4,PPM1J,ZNF697,HCN3,NBPF9,NR1I3,PTGFRN,NBPF10
GPR88,TAFA3,FAM72C,PKLR,CIART,PCP4L1,WDR3,NOTCH2NLA
OLFM3,VANGL1,FAM72D,FDPS,S100A1,HSPA6,PPIAL4G,FMO5
COL11A1,CASQ2,NBPF20,RUSC1,AQP10,FCRLA,NBPF9,CHD1L
AMY2A,NHLH2,NBPF10,MSTO1,EFNA3,RGS5,MTMR11,NBPF14
PRMT6,CD58,HIST2H4B,TSACC,TRIM46,RCSD1,CELF3,FCGR1A
NTNG1,CD2,HIST2H2AC,CRABP2,MUC1,DPT,KPRP,HIST2H2BF
VAV3,TENT5C,ECM1,SH2D2A,THBS3,SLC19A2,AQP10,HIST2H2AA4
FAM102B,SPAG17,ENSA,NTRK1,ARHGEF2,FMO3,EFNA3,HIST2H2BE
HENMT1,TXNIP,BNIPL,INSRR,UBQLN4,GPR52,THBS3,OTUD7B
KIAA1324,GJA5,MLLT11,ARHGEF11,MEF2D,RALGPS2,SEMA4A,CA14
ATXN7L2,HIST2H2BF,SPRR2G,FCRLB,ACKR1,TDRD5,C1orf61,CTSS
GSTM2,HIST2H2AA4,S100A9,MGST3,DUSP23,MR1,MEF2D,CERS2
STRIP1,ADAMTSL4,S100A3,MAEL,IGSF9,CACNA1E,ETV3L,MINDY1
LRIF1,LINGO4,PAQR6,ATP1B1,NHLH1,RGS8,CADM3,TNFAIP8L2
BCL2L15,RORC,IQGAP3,DNM3,APOA2,IVNS1ABP,PEA15,CGN
IGSF3,S100A10,KCNJ9,TNFSF18,NR1I3,PTGS2,TSTD1,C2CD4D
TRIM45,S100A11,CASQ1,FAM163A,PCP4L1,RGS2,USF1,S100A9
ZNF697,S100A4,CD84,CFHR1,FCRLA,CFH,NR1I3,S100A4
NBPF26,S100A3,CD244,ASPM,RGS4,DENND1B,HSPA6,S100A2
NBPF15,S100A2,ADAMTS4,NR5A2,RGS5,CACNA1S,FCRLB,CRTC2
NBPF12,NPR1,FCGR3A,KIF14,GPR52,PTPN7,NOS1AP,ZBTB7B
BCL9,SLC27A3,OLFML2B,KLHL12,RALGPS2,SYT2,FAM78B,EFNA1
NBPF11,CREB3L4,NOS1AP,CYB5R1,TDRD5,CHI3L1,CD247,LMNA
HIST2H4B,NUP210L,C1orf226,KLHDC8A,MR1,CHIT1,SFT2D2,PAQR6
ENSA,C1orf189,SH2D1B,LEMD1,CACNA1E,PRELP,XCL1,HAPLN2
SEMA6C,TDRD10,UHMK1,BLACAT1,RGS8,ETNK2,FMO2,NES
TUFT1,EFNA4,DDR2,C1orf116,IVNS1ABP,KISS1,GPR52,SH2D2A
CELF3,LMNA,RGS4,CD55,RGS2,PLEKHA6,ASTN1,IFI16
KPRP,TSACC,ILDR2,G0S2,DENND1B,IKBKE,RALGPS2,SLAMF8
LOR,NES,DUSP27,FLVCR1,CACNA1S,CD34,TDRD5,KCNJ10
EFNA3,SH2D2A,DCAF6,ESRRG,ELF3,SERTAD4,FAM163A,CD84
TRIM46,LRRC71,GPR161,MARK1,PTPN7,TRAF5,IER5,CD48
HCN3,AIM2,TBX19,DUSP10,SYT2,LPGAT1,CACNA1E,ARHGAP30
PKLR,FCER1A,TNN,DNAH14,PPFIA4,INTS7,RGS8,ADAMTS4
KHDC4,SLAMF8,TNR,PSEN2,CHI3L1,DTL,LAMC2,FCER1G
SEMA4A,VSIG8,BRINP2,ACTA1,CHIT1,PPP2R5A,NMNAT2,MPZ
KIRREL1,CFAP45,SEC16B,TRIM67,ETNK2,ATF3,RGS2,FCGR2A
CD1D,TAGLN2,COLGALT2,SIPA1L2,KISS1,BATF3,DENND1B,FCGR3A
PYHIN1,CD48,C1orf21,GNG4,PLEKHA6,KCNK2,CACNA1S,OLFML2B
VSIG8,F11R,PTGS2,RGS7,FAM72A,LIN9,ASCL5,DDR2
CASQ1,ARHGAP30,GLRX2,KMO,IKBKE,OBSCN,ELF3,NUF2
KLHDC9,CFAP126,B3GALT2,OPN3,CD34,FAM89A,KDM5B,F5
APOA2,FCGR2B,CFHR1,CHML,CAMK1G,NID1,KISS1,SELL
PCP4L1,C1orf226,KIF14,EXO1,SERTAD4,GPR137B,GOLT1A,SELE
FCRLB,CCDC190,TNNT2,PLD5,KCNH1,ACTN2,LRRN2,FMO4
NOS1AP,XCL1,NAV1,ZNF669,TRAF5,RYR2,RBBP5,ZBTB37
PBX1,F5,ADORA1,ZNF124,INTS7,MTRNR2L11,CAMK1G,PAPPA2
RXRG,SELE,ATP2B4,TRIM58,BATF3,GREM2,UTP25,ANGPTL1
FAM78B,FMO3,CNTN2,OR2L13,KCNK2,DESI2,SERTAD4,CEP350
TADA1,SLC9C2,CDK18,OR2M4,SNAP47,OR2L2,HHAT,KIAA1614
ILDR2,TNN,MFSD4A,SNTG2,OBSCN,OR2M4,INTS7,COLGALT2
DPT,KIAA0040,SLC45A3,HPCAL1,TRIM11,LYPD8,DTL,AL136454.1
RASAL2,AXDND1,RAB7B,TRIB2,TRIM17,ALKAL2,PPP2R5A,RO60
XPR1,APOBEC4,RASSF5,KCNS3,FAM89A,MYT1L,VASH2,NEK7
RGS16,NIBAN1,FCMR,SDC1,SLC35F3,COLEC11,SUSD4,IGFN1
HMCN1,PLA2G4A,SMYD2,FAM228A,GPR137B,ALLC,DNAH14,PHLDA3
AL136454.1,RGS1,PTPN14,KCNK3,ACTN2,DCDC2C,LEFTY1,CSRP1
KCNT2,CFH,TGFB2,GPN1,RYR2,ASAP2,HIST3H2BB,LMOD1
PKP1,CFHR1,ZC3H11B,PCARE,GREM2,ITGB1BP1,ACTA1,ADORA1
ELF3,CRB1,C1orf115,ALK,RGS7,KCNF1,TTC13,PIK3C2B
LGR6,LHX9,CNIH3,LBH,ZBTB18,ROCK2,FAM89A,NFASC
UBE2T,PTPRC,TMEM63A,GALNT14,DESI2,LPIN1,TRIM67,CNTN2
PPFIA4,LMOD1,STUM,EHD3,CNST,GDF7,MAP10,TMCC2
ATP2B4,LGR6,WNT9A,DPY30,LYPD8,FKBP1B,MAP3K21,NUAK2
GOLT1A,CHIT1,GJC2,QPCT,ALKAL2,ADCY3,SLC35F3,CDK18
IKBKE,BTG2,PGBD5,CHAC2,MYT1L,DNMT3A,TBCE,ELK4
RASSF5,FMOD,SIPA1L2,ERLEC1,COLEC11,ADGRF3,GPR137B,SLC45A3
PLXNA2,NUAK2,GNG4,CCDC85A,ASAP2,CCDC121,EDARADD,SLC26A9
KCNH1,SLC41A1,MTRNR2L11,MDH1,ITGB1BP1,FOSL2,LGALS8,RAB7B
RD3,DYRK3,CHRM3,PROKR1,KCNF1,STRN,ACTN2,MAPKAPK2
BATF3,FCMR,CHML,GFPT1,ROCK2,RMDN2,RYR2,CD55
VASH2,PFKFB2,AKT3,PCYOX1,LPIN1,CYP1B1,GREM2,CR1
PTPN14,TRAF3IP3,ZBTB18,VAX2,GDF7,ATL2,RGS7,HSD11B1
USH2A,IRF6,ADSS,CYP26B1,LDAH,SLC8A1,DESI2,TRAF3IP3
C1orf115,NEK2,OR2M4,MTHFD2,MFSD2B,EML4,OR2M4,PACC1
MARC2,ATF3,LYPD8,TLX2,FKBP1B,KCNG3,ALKAL2,PROX1
SUSD4,SPATA17,ID2,M1AP,ADCY3,SIX3,ALLC,ZC3H11B
DNAH14,TGFB2,MBOAT2,TACR1,EFR3B,EPAS1,DCDC2C,DUSP10
LEFTY1,HLX,HPCAL1,REEP1,SELENOI,RHOQ,CMPK2,TLR5
STUM,CAPN8,ATP6V1C2,CD8B,OTOF,EPCAM,RNF144A,TMEM63A
TRIM11,WNT9A,RAD51AP2,NCAPH,DPYSL5,GPR75,ASAP2,ITPKB
TRIM17,CAPN9,VSNL1,ANKRD39,CGREF1,BCL11A,GRHL1,GJC2
HIST3H2A,EFCAB2,OSR1,MFSD9,PLB1,B3GNT2,ATP6V1C2,RHOU
GALNT2,CYS1,GDF7,TMEM182,CRIM1,UGP2,NTSR2,CAPN9
MAP10,RRM2,APOB,SLC5A7,STRN,PELI1,LRATD1,C1orf198
MAP3K21,C2orf50,KIF3C,SULT1C2,RMDN2,PNO1,NBAS,DISC1
COA6,RAD51AP2,KCNK3,MTLN,ATL2,PPP3R1,MYCN,TBCE
TARBP1,OSR1,SLC30A3,FBLN7,EML4,PLEK,FAM49A,MTRNR2L11
GNG4,SDC1,TRIM54,DPP10,KCNG3,APLF,VSNL1,OSR1
ACTN2,PFN4,GCKR,SCTR,PREPL,MXD1,KLHL29,APOB
AL451007.3,DRC1,CAPN13,CNTNAP5,SIX3,EGR4,MFSD2B,CAPN13
NLRP3,FAM166C,GALNT14,PROC,RHOQ,EVA1A,FKBP1B,CAPN14
FAM110C,TOGARAM2,CAPN14,CFC1,EPCAM,LRRTM1,NCOA1,RASGRP3
MYT1L,SRD5A2,EHD3,MGAT5,MSH2,CHMP3,ADCY3,ZFP36L2
EIPR1,LTBP1,NLRC4,THSD7B,B3GNT2,CD8A,ASXL2,TTC7A
RNASEH1,CYP1B1,RASGRP3,NXPH2,PELI1,RGPD2,FOSL2,FOXN2
ALLC,GALM,FAM98A,LYPD6B,PNO1,AC092835.1,PLB1,CCDC88A
DCDC2C,CDKL4,VIT,LYPD6,PPP3R1,ANKRD36C,SPDYA,VRK2
SOX11,OXER1,TMEM178A,RND3,PLEK,GPAT2,CLIP4,MEIS1
CMPK2,HAAO,PKDCC,GALNT13,EGR4,ADRA2B,ARHGEF33,ANXA4
IAH1,SIX2,PRKCE,DAPL1,EVA1A,DUSP2,SLC8A1,TGFA
MYCN,STON1,NRXN1,PLA2R1,LRRTM1,ANKRD36,KCNG3,PAIP2B
VSNL1,C2orf73,GPR75,RBMS1,KDM3A,ZAP70,ABCG8,DYSF
POMC,CLHC1,SPRED2,FIGN,CD8A,MGAT4A,PREPL,SLC4A5
OTOF,EFEMP1,CNRIP1,GRB14,PLGLB2,KIAA1211L,CAMKMT,RTKN
KCNK3,OTX1,ARHGAP25,SCN1A,ADRA2B,NPAS2,SIX3,HK2
GCKR,ANTXR1,AAK1,SCN9A,DUSP2,CD8B2,EPCAM,CAPG
ALK,ANKRD53,PAIP2B,SCN7A,FER1L5,RGPD5,B3GNT2,SH2D6
CRIM1,ACTG2,EMX1,CERS6,ZAP70,BUB1,PELI1,VAMP8
CDC42EP3,C2orf81,FBXO41,SPC25,MGAT4A,MERTK,SLC1A4,C2orf68
DYNC2LI1,LOXL3,RTKN,KLHL41,KIAA1211L,TMEM87B,CYP26B1,GNLY
ABCG8,DNAH6,SEMA4F,SP5,NPAS2,RGPD8,SPR,ATOH8
SLC3A1,TCF7L1,HK2,ERICH2,MERTK,TTL,EGR4,MAL
PRKCE,CAPG,TRABD2A,GAD1,TMEM87B,IL1RN,LRRTM4,AC092835.1
SOCS5,TEKT4,GNLY,DLX1,TTL,RAB6C,LRRTM1,PROM2
EPCAM,NEURL3,ATOH8,CDCA7,CBWD2,FAM168B,CHMP3,ANKRD36C
KCNK12,C2orf92,SMYD1,SP9,CFC1,ANKRD30BL,CD8A,NCAPH
BCL11A,VWA3B,KCNIP3,SCRN3,ARHGEF4,NCKAP5,PLGLB1,NEURL3
PUS10,CNGA3,ITPRIPL1,PDE11A,FAM168B,KYNU,PLGLB2,ANKRD23
TMEM17,TSGA10,AFF3,PPP1R1C,RAB6D,TNFAIP6,ADRA2B,SEMA4C
CNRIP1,RFX8,TBC1D8,FRZB,KYNU,RIF1,DUSP2,FAM178B
PROKR1,IL1R1,CREG2,COL5A2,CACNB4,CACNB4,ITPRIPL1,LYG1
SPR,ECRG4,MAP4K4,C2orf66,GPD2,ACVR1C,MGAT4A,EIF5B
FBXO41,CD8B2,TMEM182,RAPH1,ACVR1C,TANC1,KIAA1211L,MAP4K4
DGUOK,SULT1C2,FHL2,FAM237A,ACVR1,RBMS1,C2orf15,POU3F3
TET3,SULT1C4,RGPD3,CRYGD,WDSUB1,KCNH7,LONRF2,SULT1C2
SEMA4F,CCDC138,ST6GAL2,PTH2R,RBMS1,SCN2A,CHST10,SEPTIN10
ST3GAL5,NPHP1,SH3RF3,VWC2L,TANK,B3GALT1,NPAS2,SOWAHC
PLGLB1,BCL2L11,IL1A,TMEM169,FAP,NOSTRIN,CREG2,DBI
PLGLB2,FBLN7,IL1RN,CRYBA2,SCN2A,METTL8,IL1RL2,TMEM37
KCNIP3,IL1B,DPP10,IHH,SCN1A,CYBRD1,C1QL2,BIN1
GPAT2,IL1RN,DBI,TUBA4A,B3GALT1,GPR155,CNTNAP5,GPR17
ADRA2B,RABL2A,RALB,SPEGNB,METTL8,CHRNA1,LIMS2,NCKAP5
CNNM4,MARCO,CYP27C1,ASIC4,GPR155,CHN1,RAB6C,CXCR4
ANKRD39,STEAP3,MYO7B,CHPF,CHRNA1,TTN,RAB6D,SPOPL
ACTR1B,CFAP221,RAB6D,OBSL1,CHN1,ZNF385B,MCM6,ARHGAP15
INPP4A,INHBB,TMEM163,EPHA4,ZNF385B,DUSP19,RND3,GTDC1
KIAA1211L,GLI2,R3HDM1,SPHKAP,NCKAP1,FSIP2,CACNB4,ZEB2
C2orf15,CCDC74B,KYNU,DNER,DUSP19,ITGAV,ACVR1C,TNFAIP6
LONRF2,CCDC74A,GTDC1,NMUR1,TFPI,TFPI,UPP2,FMNL2
CREG2,MAP3K19,ZEB2,NPPC,CAVIN2,CAVIN2,SLC4A10,ERMN
IL1RL2,KYNU,KIF5C,ECEL1,MPP4,WDR12,SCN3A,PKP4
SLC9A2,LYPD6B,KCNJ3,PRSS56,ABI2,NBEAL1,CSRNP3,TANC1
UXS1,NR4A2,NR4A2,TRPM8,GPR1,ABI2,B3GALT1,BAZ2B
PAX8,GALNT5,GALNT5,ARL4C,ADAM23,GPR1,METTL8,LY75
CBWD2,DAPL1,ERMN,GBX2,CPO,ADAM23,GPR155,GCA
DPP10,PLA2R1,CYTIP,UBE2F,CCNYL1,UNC80,CHRNA1,GRB14
TMEM177,IFIH1,PKP4,CNTN6,UNC80,CPS1,DUSP19,STK39
ACVR2A,COBLL1,TBR1,CAV3,LANCL1,IKZF2,ZNF804A,LRP2
RPRM,SLC38A11,DPP4,OXTR,FN1,FN1,FSIP2,DYNC1I2
KCNJ3,GALNT3,FAP,SRGAP3,PNKD,USP37,ITGAV,WIPF1
ACVR1C,ABCB11,KCNH7,CPNE9,WNT6,WNT6,GULP1,HOXD3
UPP2,CCDC173,STK39,SLC6A1,WNT10A,WNT10A,STAT4,HOXD1
SCN3A,CDCA7,SPC25,MKRN2OS,CDK5R2,CDK5R2,MYO1B,NFE2L2
CERS6,TTC30B,LRP2,CAND2,FEV,FEV,PGAP1,PDE11A
DHRS9,TTC30A,PHOSPHO2,CHCHD4,CRYBA2,CRYBA2,FAM126B,TTN
MYO3B,CCDC141,MYO3B,GRIP2,RESP18,RESP18,MPP4,CCDC141
SP5,ITGA4,RAPGEF4,FGD5,SPEG,SLC4A3,NOP58,SESTD1
DLX1,CERKL,CHN1,ZNF385D,INHA,SGPP2,BMPR2,FSIP2
DLX2,FRZB,NEUROD1,NKIRAS1,SLC4A3,KCNE4,ABI2,ANKAR
ITGA6,COL3A1,PDE1A,LRRC3B,SGPP2,AP1S3,GPR1,C2orf88
SP9,DNAH7,MFSD6,RBMS3,AP1S3,NYAP2,ZDBF2,NEMP2
PDE1A,CASP8,NABP1,ZNF860,COL4A4,COL4A4,ADAM23,CCDC150
CALCRL,FLACC1,SATB2,CMTM8,COL4A3,COL4A3,CPO,RFTN2
NAB1,CDK15,AOX1,DYNC1LI1,SPATA3,SLC19A3,CRYGA,PLCL1
STAT4,KIAA2012,CDK15,FBXL2,HTR2B,HTR2B,C2orf80,CASP8
MYO1B,CTLA4,RAPH1,STAC,ARMC9,ARMC9,MAP2,TRAK2
TMEFF2,PARD3B,KLF7,SCN5A,NGEF,B3GNT7,UNC80,C2CD6
C2orf66,FAM237A,MREG,MYRIP,ATG16L1,NGEF,USP37,FZD5
PGAP1,MDH1B,TMEM169,SNRK,SAG,SAG,WNT10A,CRYGB
MPP4,ACADL,IGFBP5,CDCP1,PASK,PASK,FEV,CPS1
NRP2,IGFBP2,TUBA4A,LRRC2,PPP1R7,PPP1R7,PTPRN,BARD1
ZDBF2,CATIP,DNAJB2,ALS2CL,LRRN1,FAM240C,RESP18,TNS1
CPO,CFAP65,EPHA4,TMIE,ITPR1,LRRN1,INHA,TMBIM1
PLEKHM3,GLB1L,SPHKAP,CDC25A,BHLHE40,ITPR1,SLC4A3,SLC11A1
CRYGA,TUBA4B,PID1,COL7A1,BRPF1,BHLHE40,SGPP2,CTDSP1
PTH2R,FAM124B,MROH2A,AMIGO3,CIDEC,CIDEC,SCG2,CYP27A1
ERBB4,DAW1,AGAP1,HYAL3,IL17RE,FANCD2,AP1S3,DNAJB2
VWC2L,FBXO36,RAB17,CACNA2D2,PRRT3,ATP2B2,NYAP2,DES
MARCH4,SP140,ERFE,C3orf18,FANCD2,MKRN2OS,ITM2C,DOCK10
WNT10A,SP140L,TWIST2,CISH,ATP2B2,SLC6A6,SAG,SP110
DES,KCNJ13,HDAC4,GRM2,MKRN2OS,ANKRD28,DGKD,SP140
SPEG,SPP2,OTOS,IQCF3,SLC6A6,PLCL2,RAMP1,SP100
INHA,IQCA1,KIF1A,NT5DC2,ANKRD28,THRB,PER2,SPATA3
AP1S3,ACKR3,CNTN6,ERC2,PLCL2,TRIM71,PPP1R7,PTMA
DOCK10,MLPH,CNTN4,KCTD6,THRB,ARPP21,PDCD1,EFHD1
TIGD1,HES6,CPNE9,CADPS,RARB,ENTPD3,RTP5,SNORC
SAG,TWIST2,IRAK2,TAFA4,TRIM71,HHATL,CHL1,INPP5D
DGKD,ANKMY1,HRH1,ROBO2,TMPPE,TOPAZ1,LRRN1,USP40
MROH2A,MAB21L4,PPARG,GBE1,ARPP21,CDCP1,BHLHE40,SH3BP4
RBM44,CROCC2,IQSEC1,VGLL3,CTDSPL,TMEM158,EDEM1,AGAP1
RAMP1,SNED1,RFTN1,HTR1F,VILL,CCRL2,GRM7,HES6
ERFE,IL5RA,SATB1,LNP1,ENTPD3,SPINK8,OXTR,OTOS
GPC1,SSUH2,ZNF385D,ALCAM,VIPR1,CAMKV,CAMK1,ANO7
DUSP28,TTLL3,THRB,SIDT1,TOPAZ1,MST1R,FANCD2,SEPTIN2
PDCD1,FBLN2,CMTM8,ATP6V1A,CDCP1,SEMA3F,TAMM41,BOK
GRM7,RFTN1,XYLB,TIGIT,TMEM158,PRKCD,SYN2,IRAK2
SSUH2,EFHB,MOBP,COX17,RNF123,CHDH,PPARG,HDAC11
CAMK1,CMTM6,MYRIP,GSK3B,TRAIP,SLMAP,MKRN2OS,GALNT15
IL17RE,DLEC1,CCK,GPR156,CAMKV,ATXN7,THRB,KCNH8
GHRL,TTC21A,LYZL4,FBXO40,SEMA3F,KBTBD8,RARB,KAT2B
SYN2,ULK4,CDCP1,CASR,HYAL3,LMOD3,NEK10,CMTM7
WNT7A,LYZL4,SLC6A20,PLXNA1,DOCK3,FRMD4B,TRIM71,CRTAP
GRIP2,CCDC13,CCR5,PODXL2,POC1A,MDFIC2,TMPPE,CX3CR1
NR2C2,CLEC3B,LRRC2,TRH,PRKCD,FOXP1,ARPP21,MOBP
SH3BP5,SLC6A20,TMIE,COL6A5,CACNA2D3,ROBO2,STAC,ZNF619
RARB,CCRL2,MYL3,COL6A6,SLMAP,MTRNR2L12,DCLK3,ZNF621
OXSM,LTF,BSN,ATP2C1,SYNPR,EPHA6,SLC22A14,ZBTB47
TRIM71,TDGF1,AMIGO3,CPNE4,KBTBD8,CRYBG3,EIF1B,HHATL
FBXL2,ALS2CL,MON1A,SRPRB,MDFIC2,TOMM70,LYZL4,ZNF501
UBP1,PRSS45P,HYAL3,RAB6B,FOXP1,TMEM45A,VIPR1,FYCO1
DCLK3,KIF9,GRM2,ANAPC13,ROBO2,NFKBIZ,POMGNT2,CCR1
TRANK1,CDHR4,POC1A,SLC35G2,VGLL3,ZBED2,TOPAZ1,CCR5
ITGA9,SLC38A3,LRTM1,IL20RB,EPHA3,C3orf52,TMEM158,MYL3
MYD88,HYAL1,WNT5A,ESYT3,CRYBG3,DRD3,CSPG5,SMARCC1
SCN5A,ZMYND10,ERC2,MRPS22,TOMM70,ZBTB20,TRAIP,MAP4
ZNF502,DNAH1,DNASE1L3,CLSTN2,TMEM45A,IGSF11,CAMKV,SPINK8
KIF15,SEMA3G,FAM107A,SPSB4,ZBED2,UPK1B,SEMA3F,FBXW12
ZNF589,STAB1,FHIT,ATP1B3,C3orf52,HGD,RRP9,PLXNB1
FBXW12,NT5DC2,FEZF2,PLS1,CD200R1,STXBP5L,PPM1M,SEMA3B
COL7A1,ITIH3,PRICKLE2,CHST2,ZDHHC23,ADCY5,CACNA1D,LSMEM2
SLC26A6,MUSTN1,TAFA1,PLSCR5,QTRT2,HACD2,CACNA2D3,GPR62
CELSR3,HESX1,TAFA4,ZIC4,IGSF11,ALDH1L1,SLMAP,PCBP4
NCKIPSD,DNAH12,EBLN2,ZIC1,UPK1B,ABTB1,RPP14,DUSP7
IP6K2,FLNB,PDZRN3,GYG1,HGD,MGLL,SYNPR,ITIH3
P4HTM,C3orf67,HTR1F,PLCH1,STXBP5L,KBTBD12,ATXN7,PXK
KLHDC8B,SNTN,EPHA3,VEPH1,ADCY5,RAB43,KBTBD8,ADAMTS9
IP6K1,ADAMTS9,FILIP1L,PTX3,HACD2,FOXL2NB,FOXP1,TAFA4
INKA1,CNTN3,GUCA1C,GFM1,ABTB1,PAQR9,GPR27,LMOD3
TRAIP,PROS1,NECTIN3,PPM1L,KBTBD12,TM4SF18,TOMM70,FRMD4B
CISH,COL8A1,PLCXD2,B3GALNT1,RAB43,MINDY4B,ABI3BP,MITF
TLR9,FILIP1L,PHLDB2,SPTSSB,IFT122,P2RY14,NFKBIZ,EBLN2
GLYCTK,ABI3BP,TAGLN3,BCHE,EPHB1,SUCNR1,CIP2A,CLDND1
CACNA1D,IMPG2,SIDT1,SLC7A14,FOXL2NB,P2RY1,DPPA4,CPOX
CACNA2D3,HHLA2,ATP6V1A,EIF5A2,PAQR9,GPR149,CD200,NXPE3
LRTM1,CD96,GAP43,MRPL47,TM4SF18,MME,GRAMD1C,BBX
ARHGEF3,PHLDB2,HGD,ABCF3,MINDY4B,STRIT1,ZDHHC23,CD96
DNASE1L3,CCDC80,STXBP5L,CAMK2N2,P2RY14,KCNAB1,DRD3,ATG3
CADPS,BOC,FBXO40,ECE2,P2RY1,SLC66A1L,ZBTB20,CCDC80
SYNPR,CFAP44,HCLS1,RTP1,GPR149,SLITRK3,GAP43,ZBTB20
PRICKLE2,SPICE1,KALRN,SST,MME,ACTRT3,ADCY5,MYLK
GPR27,CCDC191,CHST13,CLDN16,STRIT1,GPR160,SLC12A8,KLF15
PROK2,TIGIT,PLXNA1,UTS2B,KCNAB1,TNIK,ROPN1B,CHST13
RYBP,ADPRH,MGLL,MB21D2,SLC66A1L,TNFSF10,UROC1,PLXND1
EPHA3,PLA1A,PLXND1,NCBP2AS2,SLITRK3,NCEH1,ABTB1,NUDT16
ARL6,MAATS1,NUDT16,CPLX1,GPR160,MCF2L2,KBTBD12,TF
HHLA2,FSTL1,CPNE4,TACC3,PRKCI,ABCC5,IFT122,AMOTL2
CD200,POLQ,TMEM108,DOK7,NCEH1,C3orf70,MRAS,PPP2R3A
SEMA5B,CSTA,TF,NSG1,ECT2,OPA1,ESYT3,SLC9A9
PDIA5,PARP9,RAB6B,STK32B,ABCC5,ATP13A3,PAQR9,DIPK2A
SEC22A,DTX3L,SLCO2A1,HTRA3,EEF1AKMT4,TMEM44,CHST2,CPB1
SLC12A8,ITGB5,CLSTN2,DRD5,OPA1,NRROS,MED12L,RNF13
PLXNA1,CFAP100,PLS1,HS3ST1,ATP13A3,DLG1,SUCNR1,P2RY13
PODXL2,UROC1,PCOLCE2,C1QTNF7,TMEM44,ZNF732,P2RY1,P2RY12
GP9,TXNRD3,CPB1,NCAPG,MUC20,CPLX1,RAP2B,SUCNR1
H1FX,GATA2,P2RY12,PPARGC1A,ZNF732,RNF212,GPR149,SCHIP1
MRPL3,KIAA1257,IGSF10,LGI2,TMEM271,SPON2,SERPINI1,IL12A
CPNE4,EFCC1,RARRES1,SEL1L3,CPLX1,FGFR3,ACTRT3,TRIM59
SLCO2A1,EFCAB12,IQCJ-SCHIP1,TBC1D19,RNF212,NAT8L,PRKCI,GOLIM4
EPHB1,NEK11,SCHIP1,KLHL5,SPON2,ZFYVE28,FNDC3B,CLDN11
NMNAT3,ACKR4,C3orf80,KLB,POLN,LRPAP1,GHSR,PLD1
SPSB4,DZIP1L,SPTSSB,UCHL1,ZFYVE28,ADRA2C,NCEH1,ACTL6A
PXYLP1,NME9,SERPINI1,BEND4,HGFAC,C4orf50,ZMAT3,PEX5L
CHST2,RBP1,CLDN11,SHISA3,LRPAP1,PPP2R2C,MCF2L2,KLHL6
GPR149,DIPK2A,PLD1,CORIN,ADRA2C,MAN2B2,ECE2,KLHL24
C3orf33,AGTR1,KCNMB2,SLC10A4,C4orf50,ABLIM2,C3orf70,MAP6D1
C3orf80,CP,GNB4,ZAR1,PPP2R2C,LDB2,LIPH,CRYGS
PRKCI,TM4SF1,PEX5L,RASL11B,MAN2B2,SLIT2,TPRG1,APOD
VWA5B2,WWTR1,FAM131A,KIT,ABLIM2,STIM2,FGF12,NRROS
EEF1AKMT4,ANKUB1,THPO,NMU,LDB2,PCDH7,MB21D2,PDE6B
CAMK2N2,ERICH6,CHRD,EXOC1L,SLIT2,ARAP2,PLAAT1,FAM53A
ECE2,IGSF10,LIPH,KIAA1211,ARAP2,KCTD8,LRRC15,TNIP2
FGF12,LEKR1,ETV5,EPHA5,DCAF4L1,GABRA4,FAM43A,EVC2
ZDHHC19,VEPH1,DGKG,PF4V1,ATP8A1,GABRB1,MUC20,SH3TC1
TCTEX1D2,MLF1,TBCCD1,PARM1,KCTD8,NIPAL1,ZDHHC19,BST1
TMEM271,ZBBX,ST6GAL1,STBD1,GABRA4,CNGA1,PIGX,CD38
MSANTD1,SERPINI2,RTP1,SOWAHB,NIPAL1,LNX1,BDH1,QDPR
HGFAC,WDR49,CLDN1,PRKG2,LNX1,ADGRL3,TMEM271,NCAPG
LRPAP1,MECOM,OSTN,COPS4,AMBN,AMBN,SLC26A1,LCORL
ADRA2C,LRRC34,TFRC,HPSE,DCK,SLC4A4,RNF212,RBPJ
ZBTB49,TMEM212,SLC51A,GPAT3,ADAMTS3,ADAMTS3,FGFR3,ARAP2
STK32B,KCNMB2,MELTF,ARHGAP24,CXCL1,CXCL8,ZFYVE28,TLR10
C4orf50,CCDC39,ZNF732,C4orf36,PARM1,CXCL1,MSANTD1,TLR1
JAKMIP1,B3GNT5,EVC,MEPE,ART3,AREG,NSG1,FAM114A1
WFS1,IGF2BP2,GPR78,NAP1L5,CCNG2,PARM1,C4orf50,TMEM156
AC093323.1,RTP1,SLC2A9,RAP1GDS1,PAQR3,ART3,JAKMIP1,KLHL5
BLOC1S4,MASP1,DRD5,CISD2,RASGEF1B,CXCL11,WFS1,RHOH
SORCS2,RTP4,LCORL,TACR3,SPARCL1,SEPTIN11,AC093323.1,RBM47
AFAP1,TPRG1,CCDC149,DKK2,ABCG2,CCNG2,ABLIM2,APBB2
WDR1,TP63,SEL1L3,MCUB,HERC3,ANXA3,ZNF518B,LIMCH1
HS3ST1,P3H2,PCDH7,EGF,GPRIN3,RASGEF1B,LDB2,YIPF7
KCNIP4,GMNC,NWD2,ELOVL6,GRID2,PTPN13,FAM184B,FRYL
CCDC149,UTS2B,PGM2,CAMK2D,C4orf54,SPARCL1,KCNIP4,KDR
N4BP2,HES1,TBC1D1,PRSS12,DDIT4L,SPP1,STIM2,TMEM165
NSUN7,LRRC15,TLR6,PDE5A,EMCN,ABCG2,ATP8A1,REST
ATP8A1,GP5,TMEM156,TNIP3,PPP3CA,HERC3,KCTD8,CXCL10
GABRA2,SLC51A,RHOH,QRFPR,BANK1,GPRIN3,YIPF7,CXCL11
COMMD8,IQCG,ERVMER34-1,BBS7,SLC39A8,CCSER1,GABRA2,SCARB2
ATP10D,CFAP99,RASL11B,TRPC3,ETNPPL,GRID2,GABRA4,CCDC158
NIPAL1,MSX1,KIAA1211,KIAA1109,COL25A1,C4orf54,GABRB1,THAP9
OCIAD2,CYTL1,HOPX,HSPA4L,AP1AR,DDIT4L,NIPAL1,PLAC8
GSX2,EVC2,SPINK2,PCDH18,TIFA,EMCN,OCIAD2,HPSE
ARL9,CCDC96,EPHA5,MGARP,ALPK1,PPP3CA,LNX1,PTPN13
HOPX,HTRA3,JCHAIN,SETD7,NDST3,BANK1,ARL9,HSD17B13
NOA1,SLC2A9,AFP,MGST2,MAD2L1,SLC39A8,DCK,SPP1
NPFFR2,CC2D2A,CCDC158,SCOC,RNF150,CENPE,SLC4A4,UNC5C
ODAPH,FGFBP2,SOWAHB,CLGN,OTUD4,ETNPPL,CXCL5,DAPP1
CXCL13,PROM1,PRDM8,TBC1D9,SMAD1,COL25A1,CXCL3,SLC9B1
FRAS1,SOD3,TMEM150C,IL15,FHDC1,AP1AR,PARM1,FAM241A
PRKG2,DTHD1,MAPK10,INPP4B,TMEM131L,TIFA,NAAA,ZGRF1
GPAT3,RELL1,HSD17B13,FREM3,RNF175,ALPK1,CCNG2,UGT8
GPRIN3,RBM47,HSD17B11,MAB21L2,GLRB,MTRNR2L13,MRPL1,MTRNR2L13
H2AFZ,NSUN7,SNCA,TIGD4,GRIA2,NDST3,RASGEF1B,TNIP3
NPNT,GABRG1,HPGDS,DCHS2,NPY1R,SPRY1,SPARCL1,ANXA5
CAMK2D,CWH43,TACR3,NPY2R,NPY5R,RNF150,HERC3,FAT4
MYOZ2,SPATA18,MCUB,TLL1,TRIM61,OTUD4,TIGD2,GAB1
ANKRD50,IGFBP7,EGF,HPGD,KLHL2,FHDC1,CCSER1,GYPE
PLK4,SULT1B1,FAM241A,GLRA3,SPOCK3,TMEM131L,GRID2,HHIP
PCDH10,JCHAIN,NEUROG2,SNX25,WDR17,NAF1,PPP3CA,SH3D19
NDUFC1,AFP,CAMK2D,LPCAT1,TRAPPC11,NPY1R,CENPE,TRIM2
MAML3,CXCL8,SEC24D,ADCY2,SORBS2,NPY5R,NPNT,MND1
TBC1D9,PF4V1,TNIP3,SEMA5A,TERT,TRIM61,AP1AR,TLR2
ZNF827,CXCL3,TMEM155,ATPSCKMT,ANKRD33B,KLHL2,MTRNR2L13,RBM46
LSM6,CXCL2,NOCT,MARCH11,CDH9,SPOCK3,NDST3,TMEM144
FAM160A1,BTC,FREM3,BASP1,CDH6,MFAP3L,MAD2L1,MARCH1
GUCY1A1,CXCL10,GYPE,NPR3,PDZD2,WDR17,BBS12,APELA
GUCY1B1,CXCL11,FBXW7,UGT3A2,MTMR12,ASB5,SPRY1,SPOCK3
RXFP1,CCDC158,TMEM154,GDNF,ADAMTS12,CCDC110,RNF150,DDX60L
C4orf46,SHROOM3,TIGD4,PLCXD3,PRLR,SORBS2,SMAD1,MFAP3L
PPID,ANTXR2,MND1,HMGCS1,C5orf34,TRIML2,ZNF827,CEP44
RAPGEF2,PRDM8,RXFP1,TMEM267,PELO,CEP72,REELD1,AGA
NPY1R,CFAP299,APELA,FGF10,CCNO,TERT,FHDC1,ENPP6
KLHL2,BMP3,MSMO1,EMB,DDX4,ANKRD33B,TMEM131L,ACSL1
TLL1,PLAC8,GLRA3,PARP8,PLK2,CDH6,DCHS2,TPPP
GALNTL6,ABRAXAS1,ADAM29,ISL1,DIMT1,PDZD2,LRAT,ZDHHC11B
ADAM29,NKX6-1,GPM6A,RAB3C,RGS7BP,ADAMTS12,NPY2R,IRX2
CENPU,MEPE,TENM3,PDE4D,CENPK,PRLR,GUCY1A1,FBXL7
AHRR,MMRN1,STOX2,SHISAL2B,CDK7,RANBP3L,GUCY1B1,RETREG1
CEP72,ADH1B,AHRR,SGTB,ENC1,C5orf34,PDGFC,MYO10
TRIP13,MTTP,TPPP,CCNB1,HEXB,ITGA1,GRIA2,RAI14
LPCAT1,DKK2,TRIP13,CARTPT,GCNT4,PLK2,NPY5R,FYB1
IRX2,SGMS2,NKD2,MAP1B,SV2C,ZSWIM6,KLHL2,SELENOP
C5orf38,LEF1,ADAMTS16,GFM2,DMGDH,RGS7BP,GLRA3,ITGA2
IRX1,CFI,UBE2QL1,SV2C,JMY,SREK1IP1,ADAM29,SNX18
UBE2QL1,EGF,SEMA5A,F2RL2,HOMER1,CENPK,TENM3,GZMA
TRIO,ENPEP,CTNND2,CRHBP,MTX3,PIK3R1,CDKN2AIP,SETD9
CDH18,PRSS12,OTULINL,RASGRF2,ANKRD34B,SMN2,ENPP6,GAPT
CDH10,SYNPO2,RETREG1,ACOT12,CKMT2,GCNT4,CCDC110,ELOVL7
GDNF,PDE5A,BASP1,TMEM167A,KIAA0825,ANKRD31,FAM149A,ADAMTS6
TTC33,NDNF,CDH18,HAPLN1,MCTP1,BHMT2,TRIML2,ERBIN
PLCXD3,CCNA2,CDH10,GPR150,PAM,JMY,TRIP13,CD180
FBXO4,PABPC4L,NPR3,RFESD,CAMK4,HOMER1,IRX2,NAIP
GHR,MGAT4D,SLC45A2,GLRX,STARD4,ANKRD34B,C5orf38,ZNF366
FGF10,TTC29,IL7R,FAM174A,EPB41L4A,CKMT2,IRX1,TMEM171
ISL1,EDNRA,FYB1,ST8SIA4,FEM1C,XRCC4,CDH12,ZBED3
FST,MAB21L2,HMGCS1,STARD4,SNCAIP,ADGRV1,CDH9,SERINC5
ARL15,FAM160A1,CCL28,REEP5,ADAMTS19,KIAA0825,PDZD2,ZFYVE16
DDX4,TLR2,ARL15,MCC,CHSY3,MCTP1,MTMR12,DHFR
ANKRD55,SFRP2,HSPB3,TRIM36,SOWAHA,RHOBTB3,ADAMTS12,VCAN
MAP3K1,LRAT,GAPT,MEGF10,FSTL4,PAM,PRLR,EDIL3
DEPDC1B,RBM46,CD180,CTXN3,LRRTM2,TSLP,SLC1A3,POLR3G
SMIM15,SPATA4,PIK3R1,FBN2,ECSCR,CAMK4,TTC33,POU5F2
SHLD3,VEGFC,MAP1B,ACSL6,TMEM173,STARD4,PTGER4,RHOBTB3
SMN2,LRP2BP,ARHGEF28,KIF3A,ZMAT2,EPB41L4A,NIM1K,ELL2
ARHGEF28,C4orf47,ENC1,VDAC1,PCDHGC5,FEM1C,C5orf34,MAN2A1
S100Z,PDLIM3,GCNT4,CDKN2AIPNL,DIAPH1,LMNB1,MRPS30,SEMA6A
PDE8B,TLR3,F2R,SMIM32,SH3RF2,ADAMTS19,HCN1,HSD17B4
FAM151B,PLEKHG4B,CRHBP,GFRA3,GPR151,CHSY3,FST,ZNF608
ACOT12,ZDHHC11,BHMT,REEP2,PPP2R2B,SOWAHA,CCNO,C5orf63
MBLAC2,SLC12A7,RASGRF2,HSPA9,SPINK9,FSTL4,DDX4,SLC12A2
RGMB,C5orf49,MEF2C,PAIP2,HTR4,MYOT,ANKRD55,SEPTIN8
CDO1,ROPN1L,NR2F1,SRA1,SYNPO,EGR1,PLK2,SHROOM1
PRR16,DNAH5,GPR150,RELL2,MYOZ3,LRRTM2,RAB3C,LEAP2
MARCH3,TTC23L,ELL2,FCHSD1,ANXA6,MATR3,MCCC2,SAR1B
GDF9,SPEF2,PCSK1,SPRY4,FAT2,ZMAT2,CARTPT,SPOCK1
FSTL4,IL7R,SLCO4C1,STK32A,ITK,PCDHA9,SV2C,MYOT
CATSPER3,CAPSL,EFNA5,PCYOX1L,CYFIP2,PCDHGB5,DMGDH,CTNNA1
CXCL14,OSMR,NREP,SLC6A7,RNF145,PCDHGB6,HOMER1,CXXC5
PKD2L2,C7,KCNN2,SMIM3,GABRB2,PCDHGA10,CMYA5,HBEGF
NRG2,C6,TRIM36,GPX3,GABRA6,PCDHGB7,MTX3,SLC4A9
DND1,ANXA2R,C5orf63,GALNT10,STK10,PCDHGA11,THBS4,PCDHA10
PCDHB1,CCL28,CDC42SE2,UBLCP1,UBTD2,PCDHGC3,ANKRD34B,PCDHGA5
PCDHB6,ITGA2,MEIKIN,FABP6,C5orf47,PCDHGC5,MBLAC2,PCDHGB5
PCDHB11,ESM1,P4HA2,C1QTNF2,NSG2,ARAP3,ADGRV1,PCDHGB6
PCDHB13,GZMK,KIF3A,PTTG1,DRD1,SH3RF2,KIAA0825,PCDHGA10
PCDHGA2,GZMA,SEPTIN8,GABRB2,HRH2,GPR151,GPR150,PCDHGB7
PCDHGC5,GPX8,CAMLG,GABRA1,CDHR2,PPP2R2B,PAM,FGF1
HDAC3,GAPT,SMIM32,FBLL1,RGS14,HTR4,FBXL17,PRELID2
PLAC8L1,SHISAL2B,SPOCK1,C5orf58,F12,PDGFRB,TSLP,SH3TC2
SPINK9,MARVELD2,LRRTM2,LCP2,DBN1,SYNPO,CAMK4,ARHGEF37
PPARGC1B,FOXD1,CXXC5,RANBP17,PDLIM7,MYOZ3,MCC,ARSI
CAMK2A,ANKDD1B,SLC4A9,FGF18,GFPT2,FAT2,FEM1C,CD74
MYOZ3,IQGAP2,PCDHGA5,STC2,FLT4,ITK,LVRN,NDST1
GRIA1,F2RL2,PCDHGC3,SFXN1,SLC22A23,EBF1,SNCAIP,GM2A
FNDC9,F2R,SPRY4,CPLX2,DSP,STK10,CSNK1G3,FAXDC2
ADAM19,F2RL1,KCTD16,SNCB,BMP6,UBTD2,CHSY3,SGCD
THG1L,FAM81B,SH3TC2,EIF4E1B,TFAP2A,NSG2,CCNI2,HAVCR2
LSM11,ERAP2,SLC6A7,PRELID1,EDN1,DRD1,SOWAHA,ADAM19
ZBED8,TMEM232,CAMK2A,B4GALT7,PHACTR1,HRH2,FSTL4,NIPAL4
PTTG1,KCNN2,SLC36A1,N4BP3,DTNBP1,FAM153B,PITX1,ATP10B
FBLL1,TNFAIP8,NMUR2,RASGEF1C,ATXN1,RGS14,KLHL3,NUDCD2
INSYN2B,LOX,ADAM19,BTNL9,RBM24,F12,PCDHB1,HMMR
C5orf58,ZNF474,NIPAL4,TRIM7,CAP2,DBN1,PCDHB3,DOCK2
KCNIP1,AC010255.3,LSM11,TUBB2A,E2F3,PDLIM7,PCDHB10,INSYN2B
FGF18,PPIC,ADRA1B,EEF1E1,HIST1H3E,FLT4,PCDHGC5,SH3PXD2B
NEURL1B,PRDM6,GABRA1,GCNT2,BTN2A2,FOXC1,DIAPH1,MSX2
DRD1,GRAMD2B,HMMR,HIVEP1,ZSCAN31,SLC22A23,PCDH12,ZNF354C
CPLX2,CTXN3,NEURL1B,TBC1D7,HLA-F,PPP1R3G,GNPDA1,RNF130
THOC3,FBN2,STC2,RNF144B,MICA,DSP,ARHGAP26,TRIM41
GPRIN1,SLC27A6,GPRIN1,PRL,LTB,BMP6,SH3RF2,SERPINB1
UNC5A,PDLIM4,SNCB,GPLD1,LY6G5C,TFAP2A,GPR151,LY86
FGFR4,SLC22A4,EIF4E1B,RIPOR2,MPIG6B,SYCP2L,SPINK9,MYLIP
PFN3,IRF1,UNC5A,SCGN,TAPBP,EDN1,HTR4,KIF13A
PRR7,TCF7,COL23A1,HIST1H2BJ,GRM4,PHACTR1,PPARGC1B,MBOAT1
FAM153A,PITX1,ADAMTS2,ZSCAN9,PXT1,DTNBP1,MYOZ3,HIST1H2AC
N4BP3,TGFBI,RASGEF1C,PRR3,CPNE5,ATXN1,FAT2,HIST1H4D
ZFP2,SLC23A1,TUBB2A,C6orf136,PRICKLE4,HIST1H2BC,FNDC9,HIST1H2AE
SCGB3A1,MZB1,NRN1,TUBB,C6orf132,HIST1H2BE,EBF1,ZSCAN16
TUBB2A,PROB1,ADTRP,ATP6V1G2,AL096814.2,HIST1H4E,RNF145,ZSCAN23
PSMG4,SPATA24,HIVEP1,SMIM29,SLC22A7,HIST1H3E,C1QTNF2,MOG
FAM50B,ECSCR,GFOD1,SPDEF,DLK2,NKAPL,PTTG1,DDR1
TFAP2A,CD14,RNF182,SCUBE3,SLC29A1,ZSCAN31,GABRA6,TCF19
NRSN1,PCDHB1,CAP2,MDGA1,PLA2G7,ZSCAN23,GABRG2,LST1
HIST1H4D,DPYSL3,MBOAT1,DNAH8,ADGRF5,HLA-F,TENM2,AIF1
ZSCAN12,AFAP1L1,PRL,GLP1R,C6orf141,TRIM31,KCNIP1,APOM
HLA-G,CCDC69,HIST1H4C,FRS3,GCLC,MICA,C5orf47,GPSM3
PRR3,NMUR2,HIST1H2BC,GUCA1B,KLHL31,LY6G5C,NSG2,HLA-DRA
TUBB,TIMD4,HIST1H1E,MEA1,KHDRBS2,MPIG6B,DRD1,HLA-DRB5
IER3,KCNMB1,HIST1H4E,HSP90AB1,KCNQ5,LY6G6C,FAM153B,HLA-DRB1
VWA7,DUSP1,BTN3A2,TMEM151B,KHDC1L,HSPA1A,ARL10,HLA-DQA1
CYP21A2,MSX2,BTN3A1,CLIC5,IMPG1,GRM4,CDHR2,HLA-DQB1
GRM4,FOXF2,BTN3A3,ENPP5,HTR1B,CPNE5,RGS14,HLA-DQA2
SCUBE3,FOXC1,PRSS16,RCAN2,MEI4,PRICKLE4,PFN3,HLA-DOB
ARMC12,SERPINB1,PGBD1,TNFRSF21,TPBG,C6orf132,F12,PSMB9
SLC26A8,F13A1,MOG,PTCHD4,CNR1,AL096814.2,PRR7,HLA-DMB
MAPK13,RREB1,TRIM31,CRISP2,EPHA7,SLC22A7,FAM153A,HLA-DMA
BRPF3,C6orf52,TUBB,TMEM14A,GPR63,PLA2G7,COL23A1,HLA-DOA
ETV7,MAK,PSORS1C1,HMGCLL1,HACE1,ADGRF5,ZNF454,HLA-DPA1
PXT1,GMPR,HLA-B,BEND6,LIN28B,PTCHD4,ADAMTS2,HLA-DPB1
DNAH8,STMND1,MICB,BAG2,SESN1,C6orf141,SCGB3A1,IP6K3
SAYSD1,MBOAT1,ATP6V1G2,COL19A1,MICAL1,GCLC,PSMG4,FANCE
LRFN2,DCDC2,HLA-DRA,SMAP1,FIG4,KLHL31,FAM50B,PI16
FOXP4,HFE,HLA-DQA1,SH3BGRL2,GPR6,KHDRBS2,ECI2,FGD2
TRERF1,ZNF311,HLA-DQB1,TENT5A,WASF1,KCNQ5,PPP1R3G,KIF6
C6orf226,OR2J2,SMIM29,SNAP91,CDC40,KHDC1L,DSP,DAAM2
DNPH1,OR2H1,PACSIN1,MRAP2,DDO,IMPG1,TFAP2A,UNC5CL
DLK2,HLA-E,TCP11,SNX14,SLC16A10,HTR1B,PHACTR1,TREML1
POLR1C,TNF,CLPSL2,HTR1E,CCN6,MEI4,DTNBP1,TREM2
SLC29A1,CLIC1,CLPSL1,CNR1,HS3ST5,TPBG,RBM24,TFEB
CRISP2,MSH5,CLPS,NDUFAF4,COL10A1,NT5E,E2F3,TJAP1
KLHL31,SAPCD1,LHFPL5,LIN28B,CALHM5,EPHA7,CARMIL1,SLC35B2
ADGRB3,SLC44A4,BRPF3,METTL24,FAM162B,GPR63,ZNF391,ENPP4
B3GAT2,CFB,PXT1,CALHM4,MAN1A1,ASCC3,ZNF184,PAQR8
FILIP1,TNXB,DAAM2,DCBLD1,TPD52L1,LIN28B,ZBED9,ICK
DOP1A,HLA-DRA,LRFN2,HDDC2,EPB41L2,ZBTB24,GABBR1,ELOVL5
RWDD2A,HLA-DRB5,PRPH2,SAMD3,MYB,FIG4,HLA-F,LRRC1
PRSS35,HLA-DRB1,GNMT,TMEM200A,PDE7B,GPR6,TRIM31,DST
RIPPLY2,HLA-DQA1,NFKBIE,ENPP3,MAP3K5,WASF1,GTF2H4,DDX43
MRAP2,HLA-DQA2,TMEM151B,MOXD1,SLC35D3,CDC40,MPIG6B,CGAS
SLC35A1,HLA-DPA1,AARS2,PERP,HIVEP2,DDO,LY6G6C,MYO6
ANKRD6,HLA-DPB1,RUNX2,CITED2,UTRN,CDK19,PRRT1,KLHL32
BACH2,TCP11,TNFRSF21,AKAP12,SAMD5,SLC16A10,SYNGAP1,TSTD3
MCHR2,TEAD3,TRAM2,RMND1,PCMT1,CCN6,GRM4,BVES
GRIK2,CDKN1A,MLIP,MTRF1L,ARMT1,HS3ST5,SLC26A8,POPDC3
SCML4,PI16,HCRTR2,TTLL2,PNLDC1,FRK,CPNE5,CDK19
WASF1,PIM1,BMP5,PRKAR1B,PRKN,COL10A1,C6orf132,NKAIN2
METTL24,TMEM217,COL21A1,ELFN1,PDE10A,CEP85L,AL096814.2,THEMIS
MARCKS,KCNK17,SMAP1,MRM2,DACT2,MAN1A1,TRERF1,PTPRK
CALHM6,KIF6,B3GAT2,SDK1,SMOC2,TPD52L1,SLC22A7,LAMA2
SLC35F1,TREM1,RIMS1,SLC29A4,GPER1,SOGA3,DLK2,ENPP1
PKIB,PRICKLE4,SNAP91,NXPH1,MAD1L1,EPB41L2,LRRC73,SGK1
CLVS2,PTK7,CNR1,THSD7A,NUDT1,VNN2,MRPL14,HBS1L
ARHGAP18,RSPH9,ANKRD6,ETV1,ICA1,SLC2A12,PLA2G7,MAP7
L3MBTL3,TCTE1,MCHR2,SOSTDC1,VWDE,SGK1,C6orf141,STX11
SAMD3,SPATS1,POPDC3,HDAC9,SCIN,PDE7B,CRISP2,SASH1
AKAP7,CYP39A1,PRDM1,TMEM196,ARL4A,MAP3K5,KLHL31,CNKSR3
AHI1,ANKRD66,SOBP,SP8,DGKB,SLC35D3,HCRTR2,SYNJ2
PDE7B,MEP1A,SCML4,CCDC126,BZW2,UTRN,KHDRBS2,TAGAP
SLC35D3,EFHC1,DCBLD1,NPY,TSPAN13,SHPRH,ADGRB3,AGPAT4
ABRACL,TRAM2,FABP7,CYCS,CDCA7L,SAMD5,KCNQ5,QKI
TXLNB,GSTA3,NKAIN2,SNX10,STK31,ARMT1,KHDC3L,PRR18
CITED2,MLIP,NCOA7,CRHR2,MPP6,MYCT1,COL12A1,SFT2D1
ADGRG6,COL21A1,HINT3,EPDR1,CPVL,PNLDC1,FILIP1,KIF25
PLAGL1,CD109,CENPW,AMPH,WIPF3,PRKN,IMPG1,THBS2
GRM1,LCA5,RSPO3,C7orf25,BMPER,PDE10A,HTR1B,DLL1
UST,UBE3D,KIAA0408,GCK,AOAH,TTLL2,PRSS35,PDGFA
PPP1R14C,TBX18,SOGA3,MYO1G,INHBA,DACT2,RRAGD,MAFK
ESR1,CGA,THEMIS,ADCY1,CAMK2B,SMOC2,EPHA7,SNX8
VIP,CFAP206,PTPRK,IGFBP1,NUDCD3,GPR146,GRIK2,AGMO
RGS17,FHL5,CCN2,VWC2,CCM2,GPER1,SCML4,SP8
OPRM1,CRYBG1,MOXD1,DDC,SUN3,MAD1L1,SESN1,CDCA7L
SLC22A1,CD24,STX7,VSTM2A,DDC,NUDT1,MICAL1,RAPGEF5
TTYH3,ARMC2,MTFR2,VPS37D,ZNF727,MMD2,FIG4,STEAP1B
RADIL,PPIL6,HECA,LIMK1,AUTS2,FBXL18,GPR6,FAM126A
TNRC18,SMPD2,HIVEP2,POMZP3,CALN1,THSD7A,WASF1,FAM221A
OCM,DSE,PHACTR2,SLC25A40,SRRM3,VWDE,CDC40,NFE2L3
CCZ1B,CALHM5,EPM2A,CDK14,ZP3,SCIN,MFSD4B,CREB5
GLCCI1,CALHM4,GRM1,DYNC1I1,CACNA2D1,DGKB,CCN6,PRR15
MEOX2,RSPH4A,STXBP5,SLC25A13,SEMA3A,AGMO,TSPYL1,MTURN
ANKMY2,PLN,ULBP2,ASNS,SEMA3D,AHR,CALHM6,ZNRF2
BZW2,TRDN,ULBP3,MAP11,GRM3,CDCA7L,MAN1A1,INMT
JAZF1,LAMA2,PPP1R14C,TFR2,ABCB1,STEAP1B,PKIB,AQP1
CRHR2,ARHGAP18,ZDHHC14,UFSP1,RUNDC3B,GPNMB,CLVS2,PDE1C
MRPL32,ENPP3,SYNJ2,ACHE,DBF4,STK31,RNF217,SEPTIN7
STK17A,ENPP1,ACAT2,MUC3A,STEAP4,MPP6,TPD52L1,ANLN
COA1,CCN2,MAS1,MUC12,STEAP2,C7orf31,L3MBTL3,NME8
BLVRA,VNN2,LPA,SERPINE1,CLDN12,AC004593.3,SLC2A12,PGAM2
MYL7,EYA4,MAP3K4,VGF,FZD1,CHN2,MYB,POLM
GCK,IL20RA,AGPAT4,SH2B2,PPP1R9A,WIPF3,PDE7B,NACAD
UPP1,ECT2L,PDGFA,POLR2J2,ASB4,BMPER,MAP3K5,IKZF1
ABCA13,ADGRG6,ADAP1,PRKAR2B,DLX6,AOAH,ARFGEF3,COBL
GRB10,ADGB,MAFK,GPR22,TAC1,INHBA,TXLNB,ZNF713
VSTM2A,SUMO4,SNX8,SLC26A4,LMTK2,CAMK2B,UTRN,TYW1B
SEC61G,KATNA1,CARD11,NRCAM,AGFG2,CCM2,SUMO4,LAT2
VOPP1,CCDC170,FAM220A,DNAJB9,ACTL6B,EGFR,ZC3H12D,CLIP2
NUPR2,DYNLT1,SOSTDC1,WNT2,AP1S1,ZNF727,ULBP2,NCF1
POM121,SYTL3,TSPAN13,PRRT4,COL26A1,ZNF680,RGS17,HIP1
MLXIPL,EZR,HDAC9,CCDC136,LHFPL3,AUTS2,OPRM1,FGL2
VPS37D,RSPH3,TWIST1,TSPAN33,DOCK4,TRIM73,IPCEF1,GNAI1
POM121C,FNDC1,FAM126A,KLHDC10,GPR85,SPDYE16,TMEM181,ANKIB1
SRRM3,PACRG,OSBPL3,CPA4,CFTR,CACNA2D1,SLC22A1,CDK6
POMZP3,C6orf118,SNX10,CPA5,CTTNBP2,SEMA3A,CCR6,PON1
HGF,DNAAF5,SKAP2,MEST,KCND2,GRM3,TTLL2,PDK4
SEMA3E,SDK1,CHN2,KLF14,GRM8,ABCB1,DACT2,SLC25A13
TMEM243,RSPH10B,PRR15,BPGM,ARF5,DBF4,SMOC2,GJC3
ZNF804B,RSPH10B2,MTURN,FAM180A,IMPDH1,FAM133B,AMZ1,AZGP1
CALCR,COL28A1,AQP1,CHRM2,STRIP2,CDK6,MMD2,MCM7
CASD1,AC013470.2,NEUROD6,CLEC2L,MTPN,GNG11,OCM,GAL3ST4
PEG10,AGR3,PPP1R17,TMEM178B,DGKI,PPP1R9A,DAGLB,ZCWPW1
DLX6,TWIST1,DPY19L1,MGAM,DENND11,PON3,GLCCI1,C7orf61
DLX5,DNAH11,ANLN,TCAF2,EPHB6,ASB4,ICA1,TSC22D4
BRI3,IL6,EPDR1,ATP6V0E2,TCAF1,PDK4,THSD7A,SAP25
TRRAP,INMT,NME8,KCNH2,ZNF467,DLX6,VWDE,SLC12A9
ACTL6B,MINDY4,AMPH,CHPF2,SSPO,TAC1,SCIN,TRIM56
VGF,PPP1R17,POU6F2,HTR5A,CDK5,GJC3,ARL4A,PLOD3
NAT16,DPY19L1,HECW1,INSIG1,PRKAG2,AZGP1,ETV1,FIS1
PRKAR2B,SFRP4,MYO1G,SHH,ACTR3B,AGFG2,DGKB,SYPL1
LRRN3,SUGCT,RAMP3,ANGPT2,DPP6,AP1S1,MEOX2,CAV2
FOXP2,PGAM2,ADCY1,DEFB1,SHH,LHFPL3,CPVL,MET
KCND2,AEBP1,IGFBP3,DEFA5,LMBR1,LAMB1,CHN2,AASS
FAM3C,RAMP3,FZD9,CLDN23,ESYT2,DOCK4,STK17A,TMEM229A
CADPS2,C7orf57,STX1A,SGCZ,DLGAP2,GPR85,PKD1L1,GPR37
GRM8,CLDN3,LIMK1,SLC18A1,PRAG1,TFEC,SUN3,HILPDA
ARF5,CLDN4,CLIP2,ATP6V1B2,PPP1R3B,CFTR,ABCA13,FLNC
PRRT4,METTL27,CASTOR2,GFRA2,DLC1,CTTNBP2,SPATA48,TMEM140
KCP,TMEM270,YWHAG,NPM2,C8orf48,KCND2,DDC,CREB3L2
SMKR1,ELN,GNAI1,ENTPD4,PDGFRL,TMEM229A,GRB10,ATP6V0A4
CPA2,CCL26,SEMA3C,GNRH1,FGL1,GRM8,NUPR2,HIPK2
CPA1,CCDC146,HGF,KCTD9,NAT2,FSCN3,ZNF727,TBXAS1
AGBL3,FGL2,SEMA3E,CHRNA2,PSD3,STRIP2,ZNF736,MTRNR2L6
CLEC2L,CD36,ZNF804B,PNOC,LPL,MTPN,AUTS2,TRPV6
AGK,ABCB4,STEAP1,HMBOX1,LZTS1,DGKI,CALN1,KEL
TPK1,STEAP4,CDK14,SARAF,DMTN,DENND11,RHBDD2,TMEM139
EZH2,CFAP69,SAMD9,SMIM18,PHYHIP,MTRNR2L6,ZP3,ZNF775
ZNF783,TFPI2,NPTX2,NRG1,PIWIL2,EPHB6,POMZP3,SLC4A2
ACTR3C,COL1A2,MBLAC1,DUSP26,EGR3,TCAF1,CACNA2D1,AC021097.2
LRRC61,CYP3A5,GPC2,UNC5D,RHOBTB2,ZNF467,PCLO,INSIG1
ATG9B,FBXO24,TFR2,STAR,SLC25A37,SSPO,SEMA3E,EN2
ASIC3,PCOLCE,RASA4B,FGFR1,NKX3-1,GIMAP7,GRM3,VIPR2
CRYGN,EPHB4,CCDC71L,ADAM2,NEFM,AC021097.2,RUNDC3B,CLN8
FBXO25,TRIM56,PIK3CG,ZMAT4,EBF2,PRKAG2,DBF4,ARHGEF10
DEFA5,POLR2J2,GPR22,SFRP1,PPP2R2A,XRCC2,STEAP2,MSR1
CSGALNACT1,FBXL13,BCAP29,NKX6-3,TRIM35,ACTR3B,CLDN12,MTUS1
LZTS1,EFCAB10,SLC26A4,ANK1,PBK,DLGAP2,HEPACAM2,HR
FGF17,CDHR3,NRCAM,AP3M2,FBXO16,PRAG1,CALCR,LGI3
CCAR2,SLC26A3,WNT2,VDAC3,TEX15,PPP1R3B,PEG10,SFTPC
STC1,MDFIC,WNT16,UBE2V2,FUT10,SOX7,PPP1R9A,TNFRSF10C
PNMA2,CAV1,CADPS2,PXDNL,PLEKHA2,XKR6,DLX6,ADAM28
PTK2B,WNT16,FSCN3,ALKAL1,ZMAT4,DLC1,TAC1,DOCK5
ZNF395,FEZF1,LRRC4,LYPLA1,MCM4,C8orf48,ASNS,STMN4
INTS9,IQUB,FAM71F1,CA8,OPRK1,SGCZ,TMEM130,CHRNA2
DUSP4,LMOD2,SLC13A4,GGH,ATP6V1H,PDGFRL,AGFG2,KIF13B
DUSP26,FLNC,FAM180A,CRH,RGS20,FGL1,VGF,TCIM
UNC5D,SMO,ATP6V0A4,SULF1,SDR16C5,NAT1,NAT16,GOLGA7
ADRB3,CPA1,HIPK2,STAU2,PENK,NAT2,RELN,GINS4
PLEKHA2,LRGUK,TRPV6,STMN2,SDCBP,PSD3,LHFPL3,FNTA
FAM110B,SVOPL,KEL,IMPA1,NSMAF,LPL,LAMB1,ST18
NSMAF,TTC26,FAM131B,SNX16,CLVS1,LZTS1,LRRN3,CHD7
SULF1,PARP12,CNTNAP2,RALYL,EYA1,DMTN,WNT2,NKAIN3
SLCO5A1,CLEC5A,GALNTL5,CA13,RDH10,PHYHIP,FAM71F2,MTFR1
RDH10,ARHGEF35,XRCC2,PIP4P2,UBE2W,PIWIL2,FAM71F1,MYBL1
GDAP1,PDIA4,INSIG1,PTDSS1,JPH1,EGR3,STRIP2,PMP2
PKIA,RARRES2,EN2,LAPTM4B,HEY1,RHOBTB2,SMKR1,LRRCC1
NECAB1,NOS3,NCAPG2,POLR2K,WWP1,LOXL2,CPA2,CA13
RUNX1T1,ATG9B,FDFT1,NCALD,DECR1,SLC25A37,PLXNA4,CA2
GDF6,WDR86,MSR1,OXR1,CALB1,NEFM,AKR1B1,LRRC69
ERICH5,CLDN23,NAT2,WDYHV1,C8orf88,EBF2,TAS2R4,DPY19L4
NIPAL2,TRMT9B,SH2D4A,GSDMC,PDP1,PPP2R2A,EPHB6,CCNE2
KCNS2,NAT1,CSGALNACT1,KCNK9,RAD54B,TRIM35,TCAF1,TP53INP1
KLF10,DOK2,SLC18A1,AC138647.1,ODF1,TEX15,CNTNAP2,CPQ
CTHRC1,TNFRSF10B,ATP6V1B2,PSCA,LRP12,FUT10,ZNF786,STK3
RIMS2,TNFRSF10C,GFRA2,LY6H,KCNV1,PLEKHA2,ZNF398,EMC2
DPYS,TNFRSF10D,DOK2,ZFP41,MAL2,PLAT,ASIC3,ENPP2
LRP12,EBF2,NPM2,MROH1,ATAD2,POMK,SMARCD3,DSCC1
PKHD1L1,EPHX2,HR,SCX,FBXO32,OPRK1,PRKAG2,DEPTOR
SYBU,SCARA5,TNFRSF10A,SCRT1,FAM49B,ATP6V1H,ACTR3B,FBXO32
CSMD3,RBPMS,ADAM28,TONSL,KCNQ3,RGS20,DLGAP2,ANXA13
AARD,ERLIN2,NEFM,C8orf82,PHF20L1,PLAG1,CSMD1,LRATD2
SLC30A8,ADGRA2,NEFL,SLC1A1,FAM135B,SDR16C5,XKR6,TMEM71
MTSS1,ADAM32,DPYSL2,RLN1,ARC,PENK,C8orf48,NDRG1
EFR3A,CEBPD,ADRA1A,CD274,LY6E,SDCBP,SGCZ,CHRAC1
PTP4A3,EFCAB1,STMN4,RANBP6,WDR97,CLVS1,TUSC3,PTK2
AC138647.1,SOX17,CHRNA2,LURAP1L,SCRT1,NKAIN3,PDGFRL,GPIHBP1
TSNARE1,RP1,PBK,ZDHHC21,TMEM249,CYP7B1,PSD3,EEF1D
ADGRB1,TRIM55,SCARA5,TTC39B,KIFC2,SGK3,LZTS1,NRBP2
JRK,TCF24,ADRB3,SLC24A2,FOXH1,PREX2,DMTN,OPLAH
LY6H,PPP1R42,TCIM,ELAVL2,RECQL4,EYA1,PHYHIP,DOCK8
GLI4,C8orf34,RB1CC1,GALT,FOXD4,RDH10,EGR3,KANK1
WDR97,MSC,XKR4,ARHGEF39,VLDLR,JPH1,LOXL2,DMRT2
SCX,TRPA1,SDR16C5,CA9,SH3GL2,ZFHX4,NKX3-1,ERMP1
TMEM249,SBSPON,TOX,GBA2,SLC24A2,HEY1,PNMA2,PTPRD
FBXL6,CRISPLD1,BHLHE22,MSMP,MLLT3,WWP1,PTK2B,LURAP1L
ADCK5,HNF4G,VXN,FRMPD1,HACD4,DECR1,FBXO16,C9orf92
ZNF34,IL7,SULF1,ALDH1B1,CDKN2A,CALB1,FZD3,PLIN2
ZNF250,FABP4,MSC,PIP5K1B,DMRTA1,C8orf88,FUT10,DENND4C
RLN1,CHMP4C,KCNB2,TRPM3,MOB3B,LRRC69,UNC5D,CDKN2A
MLANA,CA3,LY96,DIRAS2,AQP7,PDP1,SNAI2,CDKN2B
FOCAD,SLC26A7,IL7,SYK,NOL6,RIDA,SNTG1,CCL19
LINGO2,TMEM67,STMN2,AUH,AL162231.1,ODF1,OPRK1,TLN1
TMEM215,GEM,TPD52,NANS,UNC13B,RIMS2,RGS20,GLIPR2
DNAJB5,C8orf37,FABP4,CORO2A,SPAAR,KCNV1,PENK,TJP2
CA9,MATN2,MMP16,GABBR2,IGFBPL1,TRPS1,SDCBP,FAM189A2
FBXO10,RGS22,RIPK2,MSANTD3,CNTNAP3,MAL2,NSMAF,ABHD17B
SHB,FBXO43,LRRC69,TMEM246,CNTNAP3B,FBXO32,CLVS1,ALDH1A1
BX664615.2,SPAG1,FBXO43,GRIN3A,FOXD4L5,ANXA13,SGK3,TRPM6
CBWD6,SNX31,NCALD,TAL2,KLF9,TRIB1,RDH10,OSTF1
ZNF658,FZD6,KLF10,SLC46A2,CARNMT1,FAM49B,ZFHX4,PSAT1
ANKRD20A1,ANGPT1,AZIN1,RGS3,GCNT1,KCNQ3,PKIA,AGTPBP1
CBWD3,PKHD1L1,ATP6V1C1,ATP6V1G1,GNA14,TMEM71,HEY1,SEMA4D
KLF9,TNFRSF11B,ZFPM2,PAPPA,TLE4,PHF20L1,SLC10A5,AOPEP
DAPK1,COL14A1,OXR1,ASTN2,TLE1,FAM135B,E2F5,HSD17B3
CDK20,SNTB1,RSPO2,B3GNT10,IDNK,ARC,CALB1,SLC35D2
SPIN1,HAS2,TMEM74,LHX6,DAPK1,LY6K,NECAB1,CDC14B
DIRAS2,LRATD2,KCNV1,RBM18,CENPP,RECQL4,C8orf88,ANP32B
BICD2,POU5F1B,AARD,GARNL3,OMD,CBWD1,GDF6,TBC1D2
WNK2,GSDMC,EXT1,SH2D3C,PTPDC1,VLDLR,SDC2,ANKS6
C9orf129,LRRC6,SAMD12,PIP5KL1,ZNF367,IL33,TSPYL5,GALNT12
PTPDC1,TG,CCN3,SLC27A4,HABP4,DENND4C,ERICH5,ALDOB
ZNF782,COL22A1,HAS2,CRAT,TMOD1,SLC24A2,YWHAZ,SLC44A1
CTSV,MAFA,TMEM65,NTMT1,CAVIN4,MLLT3,DPYS,SVEP1
GRIN3A,GSDMD,POU5F1B,TOR1B,PLPPR1,HACD4,LRP12,LPAR1
NIPSNAP3B,MAPK15,EFR3A,HMCN2,BAAT,CDKN2A,CSMD3,KIAA1958
CTNNAL1,IQANK1,TG,ASS1,FRRS1L,DMRTA1,EIF3H,SNX30
ZNF483,EPPK1,SLA,PRDM12,ECPAS,MOB3B,UTP23,SLC31A2
SUSD1,GLIS3,CCN4,SLC2A6,UGCG,PRSS3,SLC30A8,ALAD
BRINP1,SPATA6L,NDRG1,FAM163B,BSPRY,MYORG,MAL2,RGS3
GPR21,RLN2,ST3GAL1,VAV2,KIF12,ENHO,TBC1D31,WHRN
PBX3,PDCD1LG2,ZFAT,OLFM1,TMEM268,AL162231.1,ATAD2,TNC
GARNL3,MLANA,KHDRBS3,EGFL7,TEX48,UNC13B,TRIB1,CDK5RAP2
STXBP1,FREM1,FAM135B,DIPK1B,BRINP1,IGFBPL1,NAPRT,PHF19
TOR2A,C9orf92,KCNK9,LCN6,DAB2IP,ANKRD18A,FOXH1,TRAF1
ENDOG,BNC2,DENND3,TMEM141,FAM102A,CNTNAP3,FOXD4,GSN
PRRX2,SAXO1,SLC45A4,LRRC26,SLC25A25,CNTNAP3B,SMARCA2,TTLL11
STKLD1,IFT74,PSCA,AKR1C1,ZDHHC12,ANKRD20A4,RFX3,PTGS1
ADAMTSL2,KIF24,SLURP2,AKR1C2,IER5L,FOXD4L5,LINGO2,CRB2
FAM163B,C9orf24,LYNX1,UCN3,FAM78A,ANKRD20A3,TMEM215,MVB12B
WDR5,DNAI1,LY6H,SFMBT2,KCNT1,ANKRD20A1,UNC13B,ANGPTL2
OLFM1,CCL19,GPIHBP1,SEC61A2,TMEM250,CBWD3,NPR2,CERCAM
CCDC183,CCL21,ZFP41,MCM10,CARD9,KLF9,FBXO10,FNBP1
AJM1,FAM166B,MAFA,ST8SIA6,RABL6,RORB,ANKRD18A,ABL1
GRIN1,SIT1,FAM83H,HACD1,NOXA1,CARNMT1,CNTNAP3,AIF1L
LRRC26,TPM2,PTPRD,PTF1A,PNPLA7,OSTF1,CBWD6,NTNG2
CYSRT1,SPAG8,TYRP1,GAD2,ARRDC1,GCNT1,CNTNAP3B,CACFD1
NOXA1,FAM221B,NFIB,ARHGAP12,CACNA1B,GNA14,ANKRD20A4,NOTCH1
WDR37,PGM5,SH3GL2,RET,FBH1,TLE4,ANKRD20A3,PTGDS
PFKP,FAM189A2,ADAMTSL1,C10orf142,PROSER2,TLE1,CBWD3,LCNL1
ANKRD16,C9orf135,SAXO1,TMEM72,NUDT5,IDNK,GDA,ABCA2
SFMBT2,MAMDC2,ELAVL2,TIMM23,CDC123,CKS2,RFK,SAPCD2
MCM10,TMC1,AQP3,GPRIN2,CAMK1D,GADD45G,TLE4,TPRN
BEND7,ANXA1,ANKRD18B,PTPN20,CCDC3,OMD,IDNK,BX255925.3
PRPF18,RASEF,PRSS3,MAPK8,FAM171A1,PTPDC1,DAPK1,PRR26
SUV39H2,FRMD3,CCL27,SLC18A3,CACNB2,ZNF367,CDK20,ADARB2
TRDMT1,KIF27,PHF24,OGDHL,SKIDA1,HABP4,SHC3,PRKCQ
AL513128.2,SLC28A3,CA9,ASAH2B,PTF1A,TMOD1,CKS2,FAM107B
MKX,NXNL2,RGP1,DKK1,GPR158,HEMGN,GADD45G,CDNF
MPP7,S1PR3,PAX5,PHYHIPL,MYO3A,CAVIN4,NFIL3,MALRD1
SVIL,ROR2,CEMIP2,TACR2,GAD2,PLPPR1,PTCH1,PIP4K2A
ZFAND4,OGN,GDA,FAM241B,JCAD,ABCA1,ZNF367,ARHGAP21
AGAP4,ASPN,ALDH1A1,PPA1,CREM,ECPAS,NR4A3,APBB1IP
ASAH2B,ECM2,PCSK5,PCBD1,RTKN2,BSPRY,PLPPR1,ACBD5
PRKG1,FBP2,VPS13A,DNAJC9,ZNF365,KIF12,TMEM245,BAMBI
MRLN,CCDC180,FRMD3,VDAC2,AC067752.1,TMEM268,FRRS1L,KIF5B
LRRTM3,COL15A1,AGTPBP1,COMTD1,EGR2,TEX48,EPB41L4B,CCDC7
FAM241B,KLF4,SHC3,PPIF,ATOH7,TNFSF15,ECPAS,ITGB1
H2AFY2,PTPN3,SEMA4D,SNCG,TACR2,TLR4,PTGR1,FXYD4
NPFFR1,SVEP1,DIRAS2,RNLS,ADK,STOM,PTBP3,RASSF4
SLC29A3,MUSK,ROR2,IFIT5,ZNF503,DAB2IP,BSPRY,DEPP1
MSS51,C9orf43,SUSD3,PANK1,SFTPA2,FAM102A,HDHD3,ALOX5
PPP3CB,AMBP,FBP2,HTR7,ANXA11,SLC25A25,KIF12,ZNF488
SYNPO2L,COL27A1,HSD17B3,CPEB3,PRXL2A,IER5L,TEX48,ARHGAP22
RGR,AKNA,GABBR2,CYP26A1,CDHR1,FAM78A,STOM,WDFY4
STAMBPL1,TNC,NR4A3,RBP4,OPN4,FCN1,NCS1,TMEM273
SLC16A12,PAPPA,TMEM246,LGI1,NUTM2D,KCNT1,CEL,FAM13C
HECTD2,B3GNT10,GRIN3A,SLC35G1,KIF11,TMEM250,TMEM250,RHOBTB1
HELLS,CNTRL,PTPN3,TLL2,RBP4,DNLZ,GRIN1,ARID5B
SLIT1,MORN5,SNX30,PGAM1,SORBS1,RABL6,DIP2C,REEP3
FRAT1,CRB2,TNFSF15,SFRP5,RRP12,TOR4A,AKR1E2,CTNNA3
FRAT2,ADGRD2,PTGS1,CRTAC1,CNNM1,NRARP,ANKRD16,TSPAN15
ANKRD2,OLFML2A,LHX2,GOT1,CUTC,PNPLA7,CELF2,ADAMTS14
SFRP5,WDR38,STXBP1,BLOC1S2,ERLIN1,AKR1C3,FAM171A1,UNC5B
GOLGA7B,CFAP157,SH2D3C,SEMA4G,PKD2L1,CAMK1D,PTER,CHST3
SEC31B,TTC16,DNM1,FGF8,PDZD7,ACBD7,CACNB2,NUDT13
POLL,ENG,CERCAM,AS3MT,KAZALD1,FAM171A1,PTF1A,FAM149B1
NPM3,AK1,FIBCD1,INA,FGF8,CACNB2,OTUD1,USP54
CYP17A1,WDR34,NTNG2,CALHM1,OGA,SKIDA1,THNSL1,ZCCHC24
BORCS7,C9orf50,ABO,AFAP1L2,KCNIP2,PTF1A,MYO3A,LDB3
TAF5,LAMC3,STKLD1,C10orf82,PSD,GPR158,GAD2,LIPA
NEURL1,CFAP77,FAM163B,SLC18A2,MFSD13A,MYO3A,NRP1,IFIT2
SORCS3,AK8,FCN1,PRLHR,SFXN2,GAD2,ZNF25,TBC1D12
SORCS1,SPACA9,OLFM1,NANOS1,SLK,JCAD,ZNF239,CC2D2B
DUSP5,GBGT1,SOHLH1,GRK5,COL17A1,CREM,PRKG1,BLNK
GFRA1,ABO,GPSM1,INPP5F,SORCS3,MTRNR2L7,ZWINT,OPALIN
C10orf82,COL5A1,LCN15,PLPP4,SORCS1,SYT15,CISD1,HOGA1
HSPA12A,C9orf116,NSMF,CPXM2,RBM20,ANK3,MRLN,HPSE2
VAX1,CCDC187,PFKP,OAT,ADRB1,RTKN2,CCDC6,ABCC2
FAM24B,LCN10,KLF6,BNIP3,FAM160B1,ZNF365,AC067752.1,SCD
GPR26,LCN6,AKR1C1,DPYSL4,NSMCE4A,EGR2,LRRTM3,LZTS2
DHX32,LCN12,UCN3,ADGRA1,CHST15,NODAL,DNAJC12,FBXW4
ADAM12,CLIC3,PROSER2,CALY,ADAM12,ADK,TACR2,SH3PXD2A
INSYN2A,ENTPD2,SEC61A2,LMNTD2,STK32C,ZNF503,AIFM2,SFR1
TCERG1L,TUBB4B,CCDC3,SCT,PWWP2B,LRMDA,NPFFR1,SHTN1
PWWP2B,IL15RA,OPTN,CEND1,INPP5A,PRXL2A,PALD1,RGS10
CALY,ITIH5,UCMA,PANO1,ADAM8,CDHR1,MICU1,FGFR2
SYCE1,ITIH2,PTER,CRACR2B,CYP2E1,OPN4,MCU,BTBD16
LRRC56,ECHDC3,C1QL3,IFITM10,SYCE1,PAPSS2,SYNPO2L,DMBT1
DUSP8,MCM10,KIAA1217,KCNQ1,RASSF7,CH25H,ZNF503,CPXM2
OSBPL5,CDNF,CCDC7,SLC22A18,TH,KIF20B,LRMDA,LHPP
CHRNA10,MEIG1,MTRNR2L7,PHLDA2,ASCL2,PPP1R3C,SFTPD,FAM53B
FAM160A2,ITGA8,ALOX5,MRGPRE,STIM1,EXOC6,MAT1A,C10orf90
CCKBR,CUBN,GDF10,HPX,HPX,SORBS1,DYDC1,DOCK1
HPX,VIM,ZNF488,TRIM3,OR2AG2,RRP12,CDHR1,NKX6-2
DCHS1,SPAG6,FRMPD2,TIMM10B,DKK3,HPSE2,RGR,VENTX
TUB,ARMC3,MAPK8,TUB,BTBD10,CUTC,GLUD1,SCART1
GALNT18,C10orf67,ARHGAP22,LMO1,PDE3B,PDZD7,KIF20B,RNH1
INSC,ENKUR,ASAH2,AMPD3,CALCB,KCNIP2,KIF11,TNNI2
SERGEF,MKX,DKK1,GALNT18,PIK3C2A,PSD,RBP4,TSPAN32
IGSF22,ARMC4,PHYHIPL,MICAL2,NUCB2,SFXN2,SFRP5,CDKN1C
NELL1,MAP3K8,CDK1,PARVA,KCNJ11,SLK,CNNM1,RHOG
LUZP2,HNRNPF,CTNNA3,CALCB,ABCC8,COL17A1,CUTC,HBB
MPPED2,ZNF487,ATOH7,SOX6,PTPN5,DUSP5,ERLIN1,TRIM6
IMMP1L,CXCL12,ADAMTS14,KCNC1,ANO3,RBM20,FGF8,TRIM34
KIAA1549L,DEPP1,SYNPO2L,LDHA,SLC5A12,GPAM,KCNIP2,TRIM22
DGKZ,FRMPD2,CAMK2G,ZDHHC13,FIBIN,ACSL5,LDB1,SYT9
CHRM4,LRRC18,DUSP13,NELL1,KCNA4,ADRB1,PSD,PPFIBP2
SPI1,C10orf53,KCNMA1,ANO5,RCN1,BAG3,MFSD13A,CYB5R2
PTPRJ,BICC1,ZMIZ1,TCP11L1,WT1,NSMCE4A,SFXN2,DENND5A
LRRC55,SLC16A9,EIF5AL1,C11orf91,FBXO3,CHST15,NEURL1,SWAP70
YPEL4,RHOBTB1,SFTPA2,CD59,SLC1A2,ADAM12,SLK,AMPD3
ZP1,CABCOCO1,NRG3,PDHX,CHRM4,STK32C,GSTO2,MTRNR2L8
TMEM132A,SRGN,PANK1,RAG1,PSMC3,PWWP2B,SORCS3,MRVI1
B3GAT3,HKDC1,CYP26A1,SYT13,RAPSN,INPP5A,SORCS1,USH1C
CHRM1,COL13A1,FFAR4,CREB3L1,CELF1,SCT,DUSP5,HPS5
SLC22A10,NODAL,SLIT1,ACP2,NDUFS3,TH,GPAM,HTATIP2
PLAAT2,PRF1,ABCC2,LRRC55,FAM180B,STIM1,ADRB1,KIF18A
C11orf95,CDH23,SCD,MS4A8,C1QTNF4,HBB,FAM160B1,DEPDC7
RCOR2,C10orf105,SFXN3,TMEM132A,CLP1,OR2AG2,RAB11FIP2,ABTB2
MACROD1,CFAP70,NPM3,CD6,PTGDR2,ZNF215,ATE1,APIP
CATSPERZ,PLAU,CALHM1,DAGLA,LRRC10B,OLFML1,TACC2,CD44
PPP2R5B,DUSP13,ADRA2A,SCGB1A1,SYT7,ADM,CUZD1,LDLRAD3
GPHA2,PLAC9,NRAP,GNG3,CHRM1,MTRNR2L8,CLRN3,PRR5L
MAJIN,MAT1A,ATRNL1,RTN3,SLC22A10,DKK3,PTPRE,CD82
ZNHIT2,DYDC1,SHTN1,STIP1,MARK2,PDE3B,PWWP2B,TSPAN18
MRPL49,DYDC2,DMBT1,TRPT1,RCOR2,CALCB,INPP5A,PACSIN3
GAL3ST3,MMRN2,GPR26,FKBP2,KCNK4,PIK3C2A,ADAM8,FAM180B
CNIH2,LIPJ,LHPP,PPP1R14B,RASGRP2,NCR3LG1,CALY,FOLH1
RIN1,LIPF,CLRN3,ESRRA,SNX32,KCNJ11,CYP2E1,APLNR
CCDC87,ANKRD22,MKI67,CDCA5,GAL3ST3,LDHC,SYCE1,ZFP91
RCE1,ACTA2,ADGRA1,KCNK7,CD248,PTPN5,LRRC56,DTX4
LRFN4,FAS,KNDC1,CST6,RIN1,ANO3,SCT,MPEG1
GRK2,SLC16A12,PRAP1,DPP3,PC,SLC5A12,ASCL2,MS4A6A
SHANK2,MYOF,SPRN,SSH3,PPP1CA,FIBIN,HPX,MS4A4A
KRTAP5-7,PLCE1,SLC25A22,GAL,TBC1D10C,CCDC34,ZNF215,MS4A7
KRTAP5-8,PDLIM1,TOLLIP,FGF19,TESMIN,KCNA4,LMO1,MS4A14
PDE2A,PIK3AP1,IFITM10,ANO1,KRTAP5-8,RCN1,TRIM66,MYRF
LIPT2,HOGA1,LSP1,KRTAP5-11,KRTAP5-9,WT1,ARNTL,FADS1
XRRA1,LOXL4,TNNT3,P4HA3,KRTAP5-10,DEPDC7,BTBD10,BEST1
KLHL35,NFKB2,ASCL2,CHRDL2,KRTAP5-11,SLC1A2,SPON1,FTH1
GDPD5,C10orf95,CDKN1C,TPBGL,PDE2A,LRP4,CALCB,AHNAK
PAK1,CFAP43,SLC22A18,CAPN5,ARHGEF17,PSMC3,PIK3C2A,ROM1
TENM4,ITPRIP,MRGPRE,AQP11,TPBGL,RAPSN,NUCB2,SLC22A9
NAALAD2,CFAP58,CCKBR,KCTD14,DGAT2,CELF1,NCR3LG1,PLAAT4
VSTM5,TDRD1,ZNF215,SMCO4,WNT11,FAM180B,LDHC,PLAAT3
PIWIL4,VWA2,SYT9,VSTM5,LRRC32,C1QTNF4,IGSF22,ATL3
AMOTL1,ENO4,SWAP70,PANX1,ME3,PTGDR2,PTPN5,CDC42EP2
KDM4D,SLC18A2,LYVE1,GPR83,GRM5,LRRC10B,ANO3,KCNK7
CNTN5,FANK1,MICAL2,AMOTL1,FAT3,BEST1,KCNA4,MAP3K11
CARD18,MKI67,PDE3B,PDGFD,C11orf97,SLC22A6,ARL14EP,SIPA1
C11orf87,CFAP46,INSC,GRIA4,KDM4D,SLC22A10,RCN1,SSH3
APOA1,VENTX,USH1C,FDX1,SESN3,SLC22A9,WT1,CARNS1
MPZL3,PRAP1,TPH1,TEX12,CEP126,MARK2,PRRG4,ACY3
UPK2,PGGHG,SLC17A6,PTS,GUCY1A2,KCNK4,FBXO3,CCND1
TECTA,IFITM2,BDNF,HTR3A,ELMOD1,RASGRP2,SLC1A2,IL18BP
PKNOX2,IFITM1,TCP11L1,FXYD6,ARHGAP20,MAJIN,FJX1,INPPL1
HYLS1,PKP3,RAG1,TTC36,ALG9,BATF2,LRRC4C,FCHSD2
C11orf45,IRF7,TSPAN18,ABCG4,FDXACB1,FRMD8,CELF1,PLEKHB1
OPCML,DRD4,TP53I11,UBASH3B,TEX12,SNX32,C1QTNF4,PAAF1
IQSEC3,LSP1,SYT13,HSPA8,DRD2,GAL3ST3,CCDC86,UCP2
CACNA1C,TSPAN32,CHST1,SIAE,SIK3,CD248,ZP1,ACER3
ITFG2,PHLDA2,CREB3L1,CHEK1,DSCAML1,RIN1,BSCL2,AAMDC
TSPAN9,OR51E1,DGKZ,DDX25,SMIM35,NPAS4,CHRM1,GAB2
DYRK4,OR51E2,DDB2,TIRAP,SCN4B,PC,SLC22A6,FAM181B
PIANP,TRIM6,FOLH1,TMEM45B,MPZL3,PPP1CA,SLC22A25,SYTL2
PTMS,TRIM34,RTN4RL2,OPCML,TMEM25,TBC1D10C,C11orf95,PICALM
LAG3,TRIM5,SLC43A1,IQSEC3,C2CD2L,TESMIN,FERMT3,NOX4
P3H3,CNGA4,YPEL4,FKBP4,USP2,KRTAP5-11,KCNK4,ENDOD1
GNB3,OLFML1,CNTF,FOXM1,THY1,ARHGEF17,MAJIN,TMEM123
SLC2A14,STK33,MS4A14,GALNT8,OAF,SERPINH1,ARL2,CARD16
FOXJ2,C11orf16,MS4A8,VAMP1,CRTAM,DGAT2,SNX32,KBTBD3
NECAP1,WEE1,CD6,GAPDH,TBRG1,LRRC32,CST6,CWF19L2
TAS2R14,TEAD1,CD5,COPS7A,NRGN,ME3,CNIH2,RAB39A
GPRC5A,RASSF10,TKFC,GPR162,ESAM,FZD4,RIN1,RDX
HEBP1,PLEKHA7,SYT7,USP5,ROBO4,GRM5,NPAS4,LAYN
FAM234B,BBOX1,INCENP,RBP5,ACRV1,FAT3,SPTBN2,CRYAB
GSG1,KIF18A,SLC22A9,CLSTN3,FAM118B,C11orf97,C11orf80,DIXDC1
GUCY2C,DCDC1,PLAAT5,GDF3,KIRREL3,SESN3,RCE1,IL18
HIST4H4,LMO2,NRXN2,PRR4,ARHGAP32,CEP126,TBC1D10C,HTR3B
H2AFJ,CD44,CDCA5,PDE6H,NFRKB,GUCY1A2,TESMIN,ZBTB16
RERG,PAMR1,CDC42EP2,PDE3A,ST14,ELMOD1,SHANK2,NNMT
PTPRO,ACCS,SYT12,CMAS,ADAMTS8,ZC3H12C,KRTAP5-9,TAGLN
EPS8,ALX4,GRK2,BCAT1,IGSF9B,ARHGAP20,KRTAP5-10,BACE1
RASSF8,AGBL2,CARNS1,PTHLH,GLB1L3,ALG9,KRTAP5-11,FXYD2
TMTC1,APLNR,ACY3,FAR2,SLC6A12,TEX12,PGM2L1,CD3E
FGD4,SERPING1,GAL,PKP2,CCDC77,TTC12,KLHL35,CD3D
PKP2,CNTF,DHCR7,CPNE8,B4GALNT3,DRD2,DGAT2,PHLDB1
SYT10,FAM111A,PGM2L1,KIF21A,CACNA2D4,SIK3,WNT11,MCAM
MUC19,MS4A6A,CHRDL2,SLC2A13,LRTM2,DSCAML1,THAP12,NECTIN1
COL2A1,MS4A4A,TSKU,CNTN1,NRIP2,SMIM35,PAK1,TLCD5
CACNB3,VWCE,PAK1,SLC38A1,TSPAN9,SCN4B,TENM4,HEPACAM
WNT10B,TMEM138,THRSP,AMIGO2,PRMT8,SCN2B,ANKRD42,CCDC15
KCNH3,PPP1R32,USP35,PFKM,CRACR2A,MPZL3,GRM5,FEZ1
CERS5,SCGB2A1,GAB2,CCDC184,KCNA1,C2CD2L,FAT3,ST3GAL4
C12orf81,SCGB1D2,DDIAS,ADCY6,ANO2,USP2,SMCO4,JAM3
FIGNL2,AHNAK,SYTL2,FKBP11,VWF,OAF,C11orf97,B3GAT1
SP7,PLAAT4,RAB38,RHEBL1,PIANP,TBRG1,KDM4D,SLC6A12
NFE2,CCDC88B,CNTN5,TUBA1B,GNB3,NRGN,SESN3,NINJ2
METTL7B,CDC42BPG,BIRC3,GPD1,TMEM52B,ESAM,BIRC3,WNK1
GLS2,NAALADL1,SLN,SLC4A8,KLRC1,ROBO4,CARD18,ADIPOR2
NAB2,EHBP1L1,SLC35F2,ACVR1B,STYK1,ACRV1,ELMOD1,TEAD4
DTX3,CTSW,HTR3B,SMIM41,PRB1,KIRREL3,SLN,RAD51AP1
SLC26A10,RHOD,ZBTB16,KRT80,PRB2,KCNJ1,DDX10,AKAP3
CYP27B1,CLCF1,BACE1,KRT86,GRIN2B,ARHGAP32,C11orf87,NTF3
TAFA2,UNC93B1,FXYD6,KRT81,PLBD1,NFRKB,ARHGAP20,CD9
DPY19L2,ALDH3B1,CD3G,KRT8,GUCY2C,ST14,SIK2,NCAPD2
CPSF6,TCIRG1,NECTIN1,KRT18,RERG,ADAMTS8,PPP2R1B,LPAR5
TRHDE,LRP5,GRIK4,IGFBP6,LMO3,NTM,FDXACB1,PTPN6
PHLDA1,MRGPRF,SORL1,ESPL1,PLEKHA5,IGSF9B,TEX12,C3AR1
PTPRQ,LRTOMT,CLMP,C12orf10,FAR2,GLB1L3,TTC12,CD69
LIN7A,FOLR1,SCN3B,ANKRD52,SINHCAF,SLC6A12,ANKK1,CLEC12B
PPFIA2,P2RY2,KCNJ5,IL23A,LRRK2,CCDC77,DRD2,CLEC9A
BTG1,DNAJB13,ADAMTS8,MIP,PRICKLE1,CACNA2D4,CADM1,CLEC7A
SOCS2,UCP2,ADAMTS15,TAC3,DDN,LRTM2,APOA1,OLR1
CRADD,SERPINH1,OPCML,NXPH4,KCNH3,NRIP2,SCN2B,KLRK1
CDK17,MYO7A,B3GAT1,ARHGEF25,RACGAP1,PRMT8,MPZL3,KLRC3
DEPDC4,THRSP,B4GALNT3,PPM1H,SMAGP,KCNA1,TMEM25,PRH1
PARPBP,FAM181B,CCND2,GRIP1,SCN8A,ANO2,THY1,DUSP16
EID3,PRCP,GALNT8,BEST3,GRASP,VWF,UBASH3B,CDKN1B
SLC41A2,CCDC89,NTF3,RAB3IP,KRT5,NANOG,HEPN1,HIST4H4
CKAP4,CCDC81,ACRBP,MYRFL,CALCOCO1,FAM90A1,ACRV1,DERA
WSCD2,RAB38,CD163L1,KCNC2,PDE1B,OLR1,FAM118B,SLCO1A2
SSH1,DEUP1,MFAP5,SYT1,PPP1R1A,TMEM52B,KIRREL3,SPX
SVOP,MAML2,CLECL1,LIN7A,MUCL1,KLRD1,KCNJ1,LMNTD1
FOXN4,PGR,SLC15A5,TMTC2,TESPA1,KLRK1,C11orf45,INTS13
MYO1H,TRPC6,LMO3,SLC6A15,DGKA,MAGOHB,GLB1L3,DBX2
ANKRD13A,ANGPTL5,SLCO1A2,KITLG,STAT6,STYK1,CCDC77,SLC38A2
CCDC63,CFAP300,KCNJ8,PLXNC1,NDUFA4L2,PRB1,B4GALNT3,RAPGEF3
CUX2,YAP1,SOX5,NTN4,PIP4K2C,PRB2,ERC1,SLC48A1
MAP1LC3B2,TMEM123,LRMP,CCDC38,B4GALNT1,APOLD1,WNT5B,C1QL4
BICDL1,DYNC2H1,ARNTL2,AMDHD1,AGAP2,GRIN2B,PRMT8,DNAJC22
SIRT4,CASP4,PPFIBP1,SLC17A8,CYP27B1,PLBD1,CRACR2A,FMNL3
TMEM120B,CASP1,MUC19,GAS2L3,AVIL,PDE6H,CCND2,AQP6
SETD1B,CARD16,CNTN1,PARPBP,DPY19L2,RERG,KCNA1,GPD1
PITPNM2,C11orf65,PDZRN4,PMCH,SRGAP1,LMO3,KCNA5,LIMA1
NCOR2,POGLUT3,PRICKLE1,IGF1,C12orf66,PLEKHA5,PIANP,DIP2B
GLT1D1,EXPH5,NELL2,C12orf75,TBC1D30,SLCO1C1,PTMS,GALNT6
RIMBP2,COLCA2,C12orf54,NUAK1,WIF1,FAR2,NANOG,KRT83
MMP17,POU2AF1,RND1,CKAP4,LEMD3,SINHCAF,SLC2A14,TNS2
CHFR,C11orf88,RHEBL1,BTBD11,FRS2,SYT10,SLC2A3,SP7
SKA3,C11orf52,TUBA1B,ISCU,OSBPL8,LRRK2,FAM90A1,SP1
C1QTNF9B,PIH1D2,C1QL4,FAM216A,MYF6,ENDOU,KLRC1,ATF7
RASL11A,IL18,SPATS2,PPTC7,DUSP6,DDN,MAGOHB,HOXC4
MEDAG,BCO2,KCNH3,CUX2,ATP2B1,AQP6,STYK1,GPR84
TEX26,ANKK1,GALNT6,PHETA1,AMDHD1,RACGAP1,PRB2,GTSF1
RXFP2,TMPRSS5,SMIM41,ERP29,ANKS1B,SCN8A,GPR19,METTL7B
N4BP2L1,NNMT,KRT83,RPH3A,GNPTAB,GRASP,GRIN2B,RDH5
DCLK1,TAGLN,KRT1,PLBD2,CHST11,NR4A1,PTPRO,ERBB3
SOHLH2,JAML,GPR84,SDSL,RIC8B,KRT5,TMTC1,TIMELESS
CCDC169,MPZL2,TESPA1,LHX5,WSCD2,CALCOCO1,PKP2,ARHGAP9
CCNA1,CD3E,RDH16,NOS1,ATP2A2,GTSF1,SYT10,LRIG3
POSTN,CD3D,ZBTB39,SRRM4,ANAPC7,PDE1B,TMEM117,CPM
TRPC4,CD3G,TAC3,RHOF,RPH3A,PPP1R1A,ARF3,LYZ
TNFSF11,IFT46,NXPH4,HCAR1,DDX54,MUCL1,WNT10B,BEST3
HTR2A,CCDC153,KIF5A,RFLNA,SDS,TESPA1,DDN,KCNMB4
NUDT15,TRIM29,ARHGEF25,TMEM132B,TESC,DGKA,RACGAP1,TSPAN8
DLEU7,JHY,SLC16A7,GALNT9,CIT,HSD17B6,SMAGP,LGR5
RNASEH2B,SPA17,TAFA2,TPTE2,CAMKK2,STAT6,C12orf81,GLIPR1L2
C13orf42,TMEM218,AVPR1A,SKA3,RNF34,STAC3,KRT5,TMTC2
TMEM272,TP53AIP1,RASSF3,FGF9,TMEM120B,AGAP2,ESPL1,TSPAN19
ATP7B,BARX2,KCNMB4,ATP12A,HCAR1,CYP27B1,DGKA,POC1B
SCEL,ADAMTS15,PTPRR,ATP8A2,SCARB1,SRGAP1,HSD17B6,TMCC3
STK24,GLB1L2,TSPAN8,FLT3,MMP17,WIF1,TAC3,ANO4
NALCN,TEAD4,LGR5,MTUS2,ULK1,CPM,GLI1,ASCL1
FGF14,NTF3,KCNC2,MAB21L1,PUS1,FRS2,ATP23,C12orf42
EFNB2,LRRC23,NAV3,POSTN,GJA3,OSBPL8,WIF1,TCP11L2
MYO16,C1S,SYT1,TRPC4,SACS,MYF6,GRIP1,TMEM119
COL4A1,C1R,OTOGL,LHFPL6,C1QTNF9,DUSP6,GLIPR1,SELPLG
TEX29,CD163,LIN7A,SLC25A15,SHISA2,ATP2B1,PHLDA1,DAO
SOX1,A2ML1,SLC6A15,SIAH3,RNF6,AMDHD1,OSBPL8,ACACB
F7,PZP,MGAT4C,EBPL,GPR12,IKBIP,PAWR,FAM222A
TMEM255B,KLRB1,NUDT4,KLHL1,RASL11A,ANKS1B,PPP1R12A,TRPV4
METTL3,CD69,SLC17A8,KLF12,FLT1,SYCP3,MYF6,GLTP
HAUS4,CLEC2B,GAS2L3,SLITRK1,MTUS2,GNPTAB,MGAT4C,CCDC63
CDH24,CLEC1A,ANO4,ZIC2,HSPH1,CHST11,BTG1,P2RX7
SLC22A17,YBX3,PAH,FAM155A,B3GLCT,RIC8B,CDK17,DIABLO
MYH7,BCL2L14,C12orf42,SOX1,RXFP2,WSCD2,ANKS1B,HIP1R
AP1G2,EMP1,NT5DC3,ADPRHL1,FRY,ATP2A2,SYCP3,CDK2AP1
JPH4,MGP,NUAK1,DCUN1D2,KL,DDX54,GLT8D2,ZNF664
DHRS2,ABCC9,CORO1C,GAS6,STARD13,TPCN1,CHST11,FZD10
CARMIL3,CASC1,MVK,RPGRIP1,FOXO1,SDS,BTBD11,LATS2
CPNE6,LMNTD1,C12orf76,C14orf119,DGKH,TBX3,WSCD2,ZDHHC20
CIDEB,SSPN,CUX2,SLC7A8,AKAP11,TESC,SVOP,PARP4
STXBP6,TSPAN11,RPH3A,CARMIL3,KCTD4,CIT,DDX54,AMER2
FOXG1,ANO6,RASAL1,NYNRIN,SLC25A30,OASL,KSR2,GSX1
INSM2,PCED1B,HRK,FAM177A1,C13orf42,CAMKK2,TMEM120B,UBE2L5
LRFN5,VDR,WSB2,SFTA3,CNMD,DIABLO,CLIP1,ALOX5AP
FRMD6,CCDC65,SRRM4,NKX2-1,PCDH8,HCAR1,PITPNM2,BRCA2
GNG2,DHH,TMEM233,NKX2-8,OLFM4,SCARB1,MMP17,SMAD9
CDKN3,TUBA1C,CABP1,SLC25A21,PCDH20,TMEM132C,ULK1,ELF1
SLC35F4,PRPH,P2RX7,LRFN5,DACH1,ADGRD1,GJA3,RGCC
DACT1,C1QL4,HPD,MDGA2,MZT1,ULK1,GJB2,LACC1
RTN1,ACVRL1,B3GNT4,POLE2,KLF5,PUS1,GJB6,ZC3H13
SYT16,NR4A1,DIABLO,GPR137C,TBC1D4,ZNF891,FGF9,LCP1
KCNH5,KRT80,KNTC1,CDKN3,UCHL3,GJA3,C1QTNF9,LRRC63
WDR89,KRT8,CCDC62,OTX2,LMO7,GJB6,GPR12,ARL11
SGPP1,KRT18,AACS,RTN1,EDNRB,SACS,RASL11A,FAM124A
SPTB,ITGA5,GALNT9,C14orf39,NDFIP2,C1QTNF9,GSX1,WDFY2
CCDC196,PMEL,P2RX2,SIX6,SLITRK6,SHISA2,HSPH1,NEK3
GPHN,CDK2,ATP8A2,SIX4,GPC5,GPR12,RXFP2,PCDH9
GALNT16,LRIG3,SLC7A1,TMEM229B,DCT,RASL11A,FRY,SLAIN1
SIPA1L1,HMGA2,DCLK1,PIGH,GPR180,FLT1,KL,DOCK9
ACOT4,MDM1,SERTM1,ARG2,HS6ST3,MTUS2,SOHLH2,TMTC4
PNMA1,LYZ,POSTN,RDH11,MBNL2,HSPH1,CCDC169,ITGBL1
VSX2,CAPS2,TRPC4,RDH12,REM2,B3GLCT,FOXO1,POGLUT2
ESRRB,CSRP2,LCP1,PLEKHD1,SLC7A8,RXFP2,KBTBD6,ATP11A
TMEM63C,E2F7,RUBCNL,SLC8A3,AP1G2,FRY,DGKH,LAMP1
ISM2,PTPRQ,HTR2A,ADAM21,JPH4,KL,AKAP11,RASA3
NRXN3,LRRIQ1,C13orf42,TTC9,TGM1,STARD13,ENOX1,KLHL33
KCNK13,RASSF9,FAM124A,MAP3K9,G2E3,FOXO1,KCTD4,RNASE6
TC2N,NTS,PCDH17,ACYP1,COCH,DGKH,SLC25A30,RNASE1
FBLN5,LUM,PCDH20,JDP2,INSM2,AKAP11,HTR2A,RNASE2
BCL11B,DCN,PCDH9,ZDHHC22,CLEC14A,KCTD4,FNDC3A,NDRG2
EVL,CCDC38,NDFIP2,NGB,SEC23A,SLC25A30,TMEM272,TPPP2
BEGAIN,ELK3,SLITRK1,NRXN3,VCPKMT,ALG11,CNMD,SLC7A7
ASPG,CFAP54,HS6ST3,FOXN3,ATL1,CNMD,PCDH17,LRP10
KIF26A,NEDD1,OXGR1,GPR68,ABHD12B,PCDH8,KLHL1,C14orf93
TMEM179,NR1H4,RAP2A,CHGA,PTGDR,OLFM4,DACH1,EFS
SNURF,DRAM1,FARP1,MOAP1,GCH1,PCDH20,MZT1,CMTM5
GABRA5,PAH,DOCK9,PRIMA1,WDHD1,DACH1,KLF5,FITM1
GABRG3,ASCL1,FAM155A,ASB2,FBXO34,MZT1,KLF12,RIPK3
FMN1,C12orf42,RAB20,BDKRB2,PRKCH,KLF5,UCHL3,CBLN3
CHRM5,CMKLR1,F7,DLK1,TMEM30B,UCHL3,LMO7,KHNYN
GOLGA8A,DAO,TMEM255B,HSP90AA1,SYT16,LMO7,KCTD12,GZMH
GOLGA8B,FOXN4,RASA3,ANKRD9,MTHFD1,EDNRB,EDNRB,HEATR5A
MEIS2,MYO1H,RNASE6,AMN,AKAP5,SLITRK6,SLITRK5,EGLN3
RASGRP1,IFT81,SLC7A7,LBHD2,GPX2,GPC5,GPC5,SNX6
FSIP1,RAD9B,SLC7A8,KLC1,CCDC196,GPR180,DCT,CFL2
GPR176,TCTN1,BCL2L2,ASPG,ACTN1,MBNL2,ABHD13,BAZ1A
BUB1B,OAS2,DHRS2,AHNAK2,SIPA1L1,GPR183,IRS2,POLE2
PAK6,CFAP73,CBLN3,MAGEL2,ACOT6,RPGRIP1,PNP,SOS2
KNSTRN,IQCD,GZMH,GOLGA8G,SYNDIG1L,REM2,REM2,MAP4K5
RAD51,HSPB8,SSTR1,CHRFAM7A,BATF,JPH4,SLC22A17,KTN1
GCHFR,CCDC60,TRAPPC6B,CHRNA7,ISM2,G2E3,JPH4,C14orf39
C15orf62,PXN,MDGA2,EMC7,DIO2,COCH,CPNE6,HSPA2
SPINT1,MSI1,CDKL1,GJD2,TSHR,CLEC14A,G2E3,PLEKHG3
RHOV,UNC119B,GNG2,ACTC1,CCDC88C,TOGARAM1,COCH,FNTB
SPTBN5,MORN3,GNPNAT1,DISP2,UBR7,FANCM,SSTR1,FUT8
PLA2G4D,HPD,GMFB,CCDC32,OTUB2,MIS18BP1,FANCM,PLEKHH1
TGM5,WDR66,DAAM1,GCHFR,PPP4R4,VCPKMT,MGAT2,RAD51B
PPIP5K1,LRRC43,SIX1,SPINT1,TUNAR,ABHD12B,ATL1,SMOC1
WDR76,TCTN2,KCNH5,RHOV,GSKIP,PTGDR,PYGL,DPF3
SHF,DNAH10,RAB15,CHAC1,VRK1,GCH1,GCH1,PSEN1
SEMA6D,LATS2,FAM71D,CHP1,BCL11B,WDHD1,WDHD1,ENTPD5
CTXN2,TNFRSF19,GALNT16,JMJD7,HHIPL1,FBXO34,ARID4A,NPC2
SLC27A2,ATP12A,PLEKHD1,SPTBN5,CYP46A1,PRKCH,DACT1,TGFB3
TNFAIP8L3,TEX26,SUSD6,TTBK2,EML1,TMEM30B,PRKCH,VASH1
CYP19A1,STOML3,SLC8A3,CKMT1B,DEGS2,SYT16,TMEM30B,GSTZ1
BCL2L10,FAM216B,ADAM21,CKMT1A,TNFAIP2,RHOJ,SYT16,SPTLC2
FOXB1,ERICH6B,ADAM20,CTXN2,CKB,MTHFD1,MTHFD1,GPR65
C2CD4A,CYSLTR2,MAP3K9,SLC12A1,INF2,AKAP5,AKAP5,KCNK10
FBXL22,KCNRG,ACOT1,HDC,NPAP1,GPX2,SPTB,EFCAB11
MAP2K1,NEK5,TGFB3,FOXB1,GABRB3,CCDC196,ARG2,RIN3
SMAD3,DIAPH3,VASH1,PIF1,OCA2,ACTN1,ACTN1,SERPINA1
C15orf61,GPC6,ZDHHC22,CILP,GOLGA8G,ADAM20,ADAM20,SERPINA3
SKOR1,ABCC4,NOXRED1,RAB11A,SCG5,SIPA1L1,TTC9,DICER1
GLCE,OXGR1,C14orf178,THSD4,RYR3,ACOT6,SIPA1L1,CLMN
CELF6,ZIC5,DIO2,CELF6,LPCAT4,VSX2,ELMSAN1,SYNE3
ARID3B,ZIC2,GPR65,BBS4,C15orf41,SYNDIG1L,SYNDIG1L,BDKRB2
RPP25,ITGBL1,KCNK10,HCN4,MEIS2,BATF,ESRRB,BDKRB1
C15orf39,COL4A2,GPR68,CYP1A1,RASGRP1,TSHR,ISM2,PLD4
NEIL1,F10,CHGA,MPI,PAK6,CCDC88C,CCDC88C,PACS2
TMEM266,GRTP1,ASB2,RPP25,PLCB2,PPP4R4,SLC24A4,NIPA1
RAMAC,ATP4B,OTUB2,RCN2,BAHD1,TUNAR,DDX24,MKRN3
MESP1,CFAP97D2,SERPINA1,CIB2,DLL4,GSKIP,PPP4R4,TJP1
MESP2,ANG,BDKRB2,CRABP1,ITPKA,VRK1,GSKIP,MTMR10
ST8SIA2,RNASE4,BDKRB1,CHRNA3,LTK,BCL11B,VRK1,KLF13
POLR3K,RNASE2,AMN,RASGRF1,PLA2G4D,CYP46A1,BCL11B,ARHGAP11A
PDIA2,TPPP2,KLC1,ANKRD34C,PLA2G4F,EML1,CYP46A1,GREM1
DECR2,TMEM253,CEP170B,TMED3,CDAN1,DEGS2,DEGS2,KNL1
WFIKKN1,MMP14,AHNAK2,MINAR1,TUBGCP4,TNFAIP2,WDR25,EHD4
RHOT2,AJUBA,APBA2,CTXND1,STRC,CKB,BEGAIN,TMEM87A
RHBDL1,IL25,FAM189A1,AP3B2,SLC30A4,INF2,DLK1,GANC
CACNA1H,CIDEB,CHRFAM7A,RAMAC,TMOD3,NPAP1,RTL1,CAPN3
UBE2I,ADCY4,ARHGAP11A,TM6SF1,BCL2L10,SNURF,DIO3,SNAP23
BAIAP3,GZMH,FMN1,UBE2Q2L,GNB5,GOLGA8G,TNFAIP2,STARD9
C16orf91,FOXA1,KNL1,ALPK3,MYO5C,TJP1,TDRD9,FRMD5
NME3,TTC6,SPINT1,ACAN,ARPP19,CHRNA7,MAGEL2,DUOXA1
IGFALS,FRMD6,CHP1,MESP1,AQP9,GREM1,NDN,DUOX1
MEIOB,NID2,OIP5,MESP2,RORA,RYR3,NPAP1,GATM
NOXO1,PTGDR,TYRO3,TTLL13P,C2CD4B,C15orf41,GABRB3,SQOR
PKD1,PTGER2,LRRC57,PRC1,TPM1,SPRED1,GABRA5,CEP152
RAB26,BMP4,HAUS2,TM2D3,CA12,BUB1B,OCA2,SHC4
BRICD5,OTX2,STARD9,ARHGDIG,MAP2K1,PLCB2,SCG5,SECISBP2L
DNASE1L2,GPR135,MAP1A,PDIA2,LCTL,ITPKA,SLC12A6,GLDN
PRSS21,CCDC175,ATP8B4,RHBDL1,SMAD3,LTK,LPCAT4,TCF12
FLYWCH2,LRRC9,SLC27A2,GNG13,C15orf61,PLA2G4F,DPH6,MYZAP
CLDN6,SIX1,TNFAIP8L3,FAHD1,SKOR1,ZNF106,C15orf41,LIPC
PAM16,SIX4,UNC13C,SYNGR3,CORO2B,TUBGCP4,MEIS2,MYO1E
GRIN2A,SYNE2,MYZAP,PGP,MYO9A,DUOXA1,SPRED1,DAPK2
NPIPB2,PPP1R36,ALDH1A2,ABCA3,NPTN,SLC30A4,THBS1,SNX1
TNFRSF17,RAD51B,LIPC,PRSS27,ISLR2,TMOD3,GPR176,SNX22
MRTFB,ZFP36L1,FAM81A,TNFRSF12A,ULK3,ARPP19,BUB1B,RASL12
NPIPA2,SMOC1,ZNF609,BICDL2,PEAK1,FAM214A,PLCB2,IGDCC4
NPIPA1,ACOT1,RBPMS2,MMP25,ACSBG1,PRTG,GCHFR,UACA
NPIPA5,BBOF1,PIF1,SRL,HYKK,AQP9,ITPKA,LARP6
BMERB1,LTBP2,IGDCC3,SEPTIN12,CHRNA3,ADAM10,CKMT1B,NEO1
XYLT1,PGF,MEGF11,TMEM114,ADAMTS7,RORA,SHF,SEMA7A
REXO5,ZC2HC1C,NOX5,TVP23A,ARNT2,C2CD4B,DTWD1,PSTPIP1
CDR2,FOS,KIF23,DEXI,TLNRD1,CA12,SLC27A2,CTSH
NPIPB6,SAMD15,TLE3,ARL6IP1,STARD5,LCTL,LYSMD2,SH3GL3
EIF3CL,NOXRED1,INSYN1,CHP2,KLHL25,SMAD3,TMOD3,ADAMTSL3
NPIPB7,C14orf178,ISLR,IL21R,NTRK3,C15orf61,BCL2L10,NMB
SULT1A1,TC2N,STRA6,SBK1,ANPEP,CORO2B,ARPP19,PDE8A
NPIPB11,GON7,SEMA7A,ATP2A1,FES,MYO9A,NEDD4,ISG20
SLX1B,COX8C,UBL7,BOLA2,MCTP2,NPTN,AQP9,PLIN1
KIF22,FAM181A,CPLX3,SULT1A4,FAM169B,ISLR2,C2CD4B,IQGAP1
PRRT2,IFI27,LINGO1,QPRT,RHBDF1,PEAK1,LACTB,CRTC3
KCTD13,SERPINA5,CTSH,SEZ6L2,HBZ,ACSBG1,CSNK1G1,SLCO3A1
ALDOA,SERPINA3,RASGRF1,ALDOA,HBM,HYKK,PLEKHO2,PCSK6
SEPTIN1,AK7,STARD5,DCTPP1,HBQ1,ARNT2,MAP2K1,TARSL2
STX1B,MOK,CPEB1,CCDC189,RAB40C,TLNRD1,ZWILCH,HBA2
PYDC1,C14orf180,AP3B2,COX6A2,WFIKKN1,KLHL25,C15orf61,HBA1
SHCBP1,ZBTB42,HOMER2,SLC5A2,FBXL16,AGBL1,GLCE,FAM234A
IRX6,AHNAK2,TM6SF1,VPS35,HAGHL,NTRK3,ISLR2,SOX8
CX3CL1,GPR132,HDGFL3,ORC6,CHTF18,RLBP1,C15orf39,TPSD1
DOK4,TEX22,SH3GL3,CBLN1,CACNA1H,ANPEP,PTPN9,JPT2
KIFC3,CRIP1,ALPK3,TOX3,TMEM204,FES,HYKK,IGFALS
CNGB1,CHST14,HAPLN3,CIAPIN1,RAB26,MCTP2,ARNT2,PAQR4
FBXL8,TGM5,RLBP1,DOK4,BRICD5,FAM169B,ABHD17C,MMP25
EXOC3L1,ELL3,RHCG,MMP15,TEDC2,RHBDF1,TLNRD1,C16orf96
KCTD19,PATL2,BLM,GOT2,PDPK1,HBM,MEX3B,SEC14L5
HSD11B2,HDC,SV2B,CDH8,PRSS21,HBA2,GOLGA6L10,TMEM114
AGRP,C15orf65,RGMA,BEAN1,PRSS22,HBQ1,AKAP13,PMM2
CARMIL2,DNAAF4,NR2F2,NOL3,CLDN9,RAB40C,AGBL1,CIITA
C16orf86,TEX9,ALDH1A3,TMEM208,CLDN6,WFIKKN1,MFGE8,AC099489.1
CTRL,MNS1,LRRK1,ATP6V0D1,ADCY9,FBXL16,MESP2,LITAF
DDX28,MYO1E,PCSK6,PARD6A,CORO7,MSLN,FAM169B,CPPED1
SLC7A6,FOXB1,HBZ,TMED6,SEC14L5,CACNA1H,LRRK1,NDE1
PRMT7,ANXA2,HBA2,CLEC18A,NAGPA,TMEM204,HBM,TMC7
SMPD3,PCLAF,HBA1,CLEC18C,RBFOX1,PDPK1,HBQ1,CCP110
HAS3,RBPMS2,HBQ1,CALB2,TEKT5,PRSS22,WFIKKN1,KNOP1
CLEC18C,SLC51B,ARHGDIG,ZNF821,RMI2,CLDN9,MEIOB,GPRC5B
IL34,SMAD6,ANTKMT,CLEC18B,SNN,CLDN6,NOXO1,IGSF6
HP,IQCH,GNG13,LDHD,SHISA9,MTRNR2L4,NAGPA,NPIPB5
NPIPB15,CALML4,MEIOB,ADAT1,MRTFB,ADCY9,ABAT,SLC5A11
ZNRF1,ITGA11,SYNGR3,SYCE1L,PLA2G10,CORO7,TMEM186,ARHGAP17
CHST5,GRAMD2A,NPW,NECAB2,NOMO1,SEC14L5,PMM2,APOBR
TERF2IP,ISLR,CCNF,SLC38A8,GDE1,RBFOX1,CARHSP1,NUPR1
SYCE1L,STRA6,BICDL2,HSDL1,TMEM159,PMM2,RMI2,C16orf54
VAT1L,CCDC33,MMP25,KCNG4,CRYM,TEKT5,SOCS1,MVP
SDR42E1,CYP11A1,NLRC3,C16orf95,METTL9,RMI2,SHISA9,TBX6
SLC38A8,ODF3L1,PPL,MAP1LC3B,CDR2,SNN,MRTFB,SULT1A3
ADAD2,NRG4,GRIN2A,CDT1,CHP2,SHISA9,PLA2G10,ITGAL
GSE1,CTSH,CIITA,CPNE7,PRKCB,MRTFB,NOMO1,HSD3B7
GINS2,BCL2A1,BMERB1,TUBB3,CACNG3,PLA2G10,RRN3,ITGAM
ZCCHC14,CEMIP,AC138969.1,DBNDD1,GSG1L,NOMO3,TMEM159,ITGAX
PABPN1L,CFAP161,XYLT1,NXN,NPIPB6,GDE1,CRYM,NKD1
CBFA2T3,IL16,NOMO2,PITPNA,NPIPB7,TMEM159,PLK1,SNX20
CDK10,TMC3,ITPRIPL2,SLC43A2,PRRT2,CRYM,CACNG3,SALL1
DOC2B,SAXO2,SYT17,RILP,ASPHD1,METTL9,AQP8,HNRNPA1P48
MNT,ADAMTSL3,CLEC19A,SERPINF1,PRSS53,CDR2,GTF3C1,LPCAT2
RAP1GAP2,WDR93,TMC5,RTN4RL1,SHCBP1,NPIPB5,NPIPB6,PLLP
P2RX5,NR2F2,OTOA,DPH1,DNAJA2,CHP2,KCTD13,DYNC1LI2
AC055839.2,ARRDC4,HS3ST2,GLTPD2,NETO2,PRKCB,CTF1,RRAD
PITPNM3,NHLRC4,SCNN1G,C17orf107,ITFG1,GSG1L,PRSS36,CBFB
MED31,WDR90,CACNG3,SLC25A11,HEATR3,NPIPB6,TRIM72,B3GNT9
C17orf100,CCDC78,SLC5A11,C1QBP,CYLD,SULT1A2,PYDC1,TRADD
SOX15,C1QTNF8,HS3ST4,RNASEK,FTO,PRRT2,SLC5A2,LCAT
EFNB3,TPSAB1,SBK1,ASGR1,IRX6,ASPHD1,ZNF267,CDH1
KDM6B,IFT140,APOBR,KCNAB3,BBS2,SHCBP1,SHCBP1,MTSS2
CHD3,TNFRSF12A,CD19,GUCY2D,MT1G,C16orf87,C16orf87,FA2H
KCNAB3,IL32,NPIPB11,ALOX15B,MT1H,NETO2,NETO2,CHST6
ALOX12B,SRL,SPN,HES7,CETP,CYLD,IRX6,CNTNAP4
ALOXE3,C16orf71,DOC2A,VAMP2,CX3CL1,MT3,MT1G,ADAMTS18
RANGRF,PPL,CORO1A,NTN1,KATNB1,MT2A,MT1H,CENPN
SHISA6,EMP2,SLX1A,DHRS7C,GINS3,MT1G,CETP,GCSH
ZNF18,CIITA,TBC1D10B,SHISA6,CDH11,MT1H,GINS3,IRF8
ADORA2B,MYH11,ABCC12,MAP2K4,CA7,CETP,CMTM2,SERPINF2
CENPV,ABCC6,CBLN1,TTC19,FHOD1,GINS3,HSF4,SPATA22
LRRC75A,DNAH3,TOX3,TRPV2,SLC9A5,CDH5,FHOD1,ASPA
MAPK7,VWA3A,CES5A,MYO15A,KCTD19,CA7,SLC9A5,CTNS
RNF112,SDR42E2,ADGRG5,TVP23B,HSD11B2,FHOD1,KCTD19,TAX1BP3
USP22,IL4R,CNGB1,FAM83G,AGRP,SLC9A5,AGRP,NCBP3
MAP2K3,CD19,TEPP,DHRS7B,RIPOR1,KCTD19,C16orf86,P2RX1
LYRM9,TBX6,BEAN1,KCNJ12,NRN1L,HSD11B2,DPEP3,SPNS3
VTN,CCDC189,CMTM1,UNC119,DPEP3,NRN1L,DDX28,CXCL16
AC005726.1,TGFB1I1,CBFB,ALDOC,SMPD3,DPEP3,IL34,AC233723.1
UNC119,MYLK3,C16orf70,DHRS13,SNTB2,SMPD3,ZFHX3,KIF1C
SPAG5,SNX20,TRADD,PIPOX,NQO1,CDH1,NUDT7,USP6
RAB34,AC007906.2,MLKL,ASIC2,NOB1,SNTB2,VAT1L,SCIMP
SEZ6,IRX3,CNTNAP4,TMEM132E,EXOSC6,NFAT5,CLEC3A,TMEM102
CORO6,IRX5,BCO1,RDM1,ST3GAL2,NQO1,CDYL2,CD68
CDK5R1,MMP2,GAN,PIGW,NPIPB15,NOB1,CMIP,GUCY2D
ASIC2,CES1,CMIP,LINC00672,CLEC3A,ST3GAL2,SDR42E1,PIK3R5
TMEM132E,CCDC102A,CDH13,CDC6,CDYL2,ZFHX3,NECAB2,RCVRN
C17orf50,ADGRG5,SLC38A8,GJD3,SDR42E1,CDYL2,MBTPS1,TMEM238L
ZNHIT3,ADGRG3,FOXL1,IGFBP4,NECAB2,PLCG2,HSDL1,PIRT
DHRS11,DRC7,CPNE7,KRT222,JPH3,SDR42E1,ADAD2,PMP22
MRM1,CCDC113,FANCA,KRT31,CA5A,OSGIN1,KIAA0513,CCDC144A
AATF,PRSS54,DBNDD1,KRT19,PABPN1L,KCNG4,PABPN1L,SREBF1
TBC1D3L,CMTM3,TLCD2,HAP1,CBFA2T3,FOXF1,CBFA2T3,LLGL1
TBC1D3D,RRAD,SERPINF1,KLHL10,CDH15,FOXL1,SGSM2,FOXO3B
GPR179,B3GNT9,RTN4RL1,ACLY,SLC22A31,CA5A,MNT,EPN2
PCGF2,ELMO3,DPH1,TUBG1,SPATA2L,PABPN1L,OR3A2,SPECC1
PGAP3,TPPP3,RAP1GAP2,PLEKHH3,FANCA,CDH15,TRPV3,MTRNR2L1
RAPGEFL1,ZDHHC1,ASPA,CCR10,MC1R,SLC22A31,P2RX5,KSR1
IGFBP4,ENKD1,P2RX1,VAT1,CAMKK1,HIC1,MINK1,LGALS9
KRT10,TSNAXIP1,C17orf107,NAGS,MYBBP1A,OR3A2,CHRNE,NEK8
KRT23,LCAT,KIF1C,G6PC3,SMTNL2,CAMKK1,SLC13A5,TRAF4
KRT15,SLC12A4,ZNF232,HDAC5,ALOX15,MYBBP1A,SLC16A11,MYO18A
KRT19,HYDIN,USP6,C17orf53,MINK1,ALOX15,DLG4,NSRP1
KRT14,ZNF19,SCIMP,ATXN7L3,CHRNE,CHRNE,ACAP1,OMG
HAP1,CHST6,NLRP1,C1QL1,PITPNM3,PITPNM3,TNK1,EVI2B
HSPB9,TMEM231,WSCD1,CRHR1,SLC2A4,DLG4,FGF11,EVI2A
KCNH4,DYNLRB2,PIMREG,LRRC37A,TNK1,SLC2A4,TNFSF13,MYO1D
HCRT,DNAAF1,BCL6B,WNT3,NLGN2,TNK1,SHBG,TMEM98
CRHR1,FAM92B,CLEC10A,SKAP1,TNFSF13,TMEM102,EFNB3,CCL2
RPRML,FOXC2,YBX2,GNGT2,TMEM88,TNFSF13,RNF227,RFFL
EFCAB13,FOXL1,SENP3,PHOSPHO1,ALOX12B,ALOX12B,ALOX12B,SLFN5
TBKBP1,GALNS,ALOX15B,XYLT2,NDEL1,HES7,GLP2R,SLFN13
MRPL10,DPEP1,VAMP2,EPN3,MYH10,KRBA2,RCVRN,ARHGAP23
FAM117A,MYO1C,DHRS7C,CACNA1G,PIK3R6,NDEL1,TBC1D26,SRCIN1
SAMD14,P2RX1,GLP2R,NME1,GAS7,PIK3R6,ADORA2B,IKZF3
COL1A1,ATP2A3,MAP2K4,OR4D1,TBC1D26,GAS7,RAI1,CASC3
RSAD1,ZMYND15,MYOCD,MPO,MPRIP,HS3ST3A1,CDRT15L2,TOP2A
MMD,INCA1,ARHGAP44,PPM1E,RNF112,TBC1D26,MAP2K3,JUP
LPO,TEKT1,HS3ST3A1,KCNH6,SLC47A1,CCDC144A,LYRM9,KLHL11
KCNH6,BCL6B,HS3ST3B1,PRKCA,ALDH3A2,MPRIP,AC005726.1,CNP
LIMD2,CLEC10A,TRPV2,PSMD12,CDRT15L2,FLCN,SPAG5,C17orf113
AXIN2,WRAP53,CCDC144A,SLC16A6,RSKR,ALDH3A2,RSKR,STAT5A
CACNG4,DNAH2,MYO15A,FAM20A,SEZ6,MTRNR2L1,TLCD1,CAVIN1
PITPNC1,SLC25A35,LLGL1,RAB37,CORO6,CORO6,SEZ6,NAGLU
SLC25A19,NTN1,KSR1,FADS6,DUSP14,ATAD5,TIAF1,WNK4
GRB2,CFAP52,LGALS9,HID1,TBC1D3L,RASL10B,C17orf50,BRCA1
TIMP2,USP43,NLK,RNF157,PLXDC1,CCL3,DUSP14,TMEM106A
RBFOX3,TMEM220,SLC6A4,PRPSAP1,CACNB1,CCL4,TBC1D3D,GFAP
SGSH,PIRT,ADAP2,SPHK1,PPP1R1B,CCL3L1,PPP1R1B,KIF18B
SLC26A11,DNAH9,EVI2B,AANAT,PNMT,CCL4L2,PNMT,PLCD3
BAIAP2,MYOCD,RHBDL3,CYGB,MIEN1,DUSP14,THRA,EFCAB13
BAHCC1,HS3ST3B1,ASIC2,TIMP2,GRB7,PPP1R1B,NR1D1,COPZ2
RAB40B,TEKT3,SLFN5,LGALS3BP,GSDMB,PNMT,GJD3,CALCOCO2
B3GNTL1,TVP23C,SLFN13,SGSH,CDC6,GRB7,KRT15,GNGT2
TMEM200C,CDRT1,LHX1,SLC26A11,KRT23,CDC6,P3H4,ZNF652
ARHGAP28,DRC3,ACACA,MRPL12,KLHL10,KRT14,KLHL10,EME1
PTPRM,LGALS9C,SOCS7,NPB,ZNF385C,KLHL10,KCNH4,ANKRD40
GNAL,FBXW10,ARHGAP23,PYCR1,KCNH4,KLHL11,AOC2,CUEDC1
PRELID3A,MFAP4,SRCIN1,MYADML2,AOC2,ZNF385C,PTGES3L,VEZF1
GREB1L,SLC47A1,EPOP,NOTUM,PTGES3L,HSPB9,RUNDC1,LPO
LAMA3,SLC47A2,STAC2,RAC3,RUNDC1,KCNH4,PYY,SEPTIN4
B4GALT6,ALDH3A1,NEUROD2,SLC16A3,ARL4D,PTGES3L,FZD2,TEX14
NOL4,LGALS9B,GRB7,METRNL,HIGD1B,RUNDC1,MEIOC,PRR11
C18orf21,CDRT15L2,KRT33B,CLUL1,MAP3K14,ARL4D,LRRC37A,SMARCD2
MOCOS,PROCA1,KRT31,ADCYAP1,ARHGAP27,FZD2,RPRML,MILR1
FHOD3,ABHD15,KRT17,MYOM1,NSF,HIGD1B,FAM117A,GNA13
CELF4,CCL2,JUP,DLGAP1,RPRML,MAP3K14,PDK2,ABCA8
ELAC1,CCL8,CNP,AKAIN1,SKAP1,ARHGAP27,SAMD14,ABCA6
RNF152,SLFN12,CNTNAP1,EPB41L3,PDK2,LRRC37A,CHAD,SLC39A11
TNFRSF11A,GAS2L2,DUSP3,TMEM200C,RSAD1,RPRML,MMD,TTYH2
NETO1,CCL5,MPP2,ARHGAP28,HLF,SKAP1,TMEM100,KIF19
ZNF407,CCL15,NAGS,MTCL1,MMD,EME1,SMG8,CD300A
ZADH2,CCL3,ATXN7L3,FAM210A,NOG,CHAD,BRIP1,CD300C
TSHZ1,CCL4,ADAM11,ANKRD29,DGKE,HLF,CYB561,CD300LF
AC090360.1,CCL3L1,GFAP,CABYR,AKAP1,MMD,CACNG4,TMEM104
PLPPR3,LHX1,MAPT,OSBPL1A,TSPOAP1,TMEM100,CACNG1,CDR2L
AZU1,ERBB2,WNT9B,DSG1,RNFT1,NOG,ARSG,LLGL2
PRTN3,IKZF3,TBKBP1,SLC39A6,CA4,DGKE,KCNJ2,SMIM5
CBARP,CSF3,PHOSPHO1,TPGS2,PPM1D,AKAP1,SSTR2,SMIM6
EFNA2,TTC25,NXPH3,ST8SIA5,BRIP1,CA4,TMEM94,H3F3B
AMH,STAT5A,CACNA1G,CTIF,TANC2,PPM1D,TK1,UNC13D
JSRP1,CAVIN1,ABCC3,DYM,ACE,BRIP1,CBX8,RHBDF2
ZNF77,WNK4,CA10,MYO5B,LIMD2,TANC2,TBC1D16,PRCD
TLE6,AOC3,HLF,MC4R,CCDC47,ACE,BAIAP2,TMC6
TLE2,CCDC200,RAD51C,VPS4B,RGS9,CCDC47,NPB,TMC8
CELF5,GFAP,PPM1E,GALR1,CACNG4,RGS9,RAB40B,SYNGR2
ZFR2,KIF18B,CA4,C2CD4C,CACNG1,CACNG4,GNAL,AFMID
SAFB2,PLCD3,NACA2,MADCAM1,KCNJ2,CACNG1,ZNF519,BIRC5
NRTN,TBX21,CD79B,FGF22,GRIN2C,ABCA6,ANKRD30B,TMEM235
ADAMTS10,LRRC46,MILR1,AZU1,TMEM94,KCNJ2,CABLES1,DNAH17
ZNF699,TTLL6,SSTR2,KISS1R,ST6GALNAC1,SLC9A3R1,TMEM241,CYTH1
ZNF846,B4GALNT2,SDK2,ABCA7,MXRA7,GRIN2C,IMPACT,LGALS3BP
ICAM5,NGFR,CD300C,POLR2E,MGAT5B,ST6GALNAC1,DSC2,CARD14
ZGLP1,DLX4,RAB37,ONECUT3,SEC14L1,MXRA7,NOL4,RNF213
PLPPR2,SGCA,CD300LF,TMPRSS9,TK1,MGAT5B,RIT2,AATK
ZNF441,COL1A1,LLGL2,DIRAS1,RBFOX3,SEC14L1,SYT4,TYMS
MAST1,EME1,CDK3,ZNF77,CBX2,TK1,DCC,ENOSF1
C19orf57,MYCBPAP,EVPL,TLE6,TBC1D16,RBFOX3,ONECUT2,YES1
CC2D1A,WFIKKN2,SEPTIN9,TLE2,BAIAP2,CBX2,NEDD4L,EMILIN2
RFX1,TOB1,AFMID,SMIM24,B3GNTL1,TBC1D16,PMAIP1,PIEZO2
SLC1A6,STXBP4,DNAH17,NMRK2,PTPRM,BAIAP2,RNF152,NPC1
SIN3B,ANKFN1,NPTX1,CREB3L3,GNAL,NDUFAF8,DSEL,OSBPL1A
PDE4C,SCPEP1,FSCN2,SHD,CHMP1B,NOTUM,ZNF516,RNF125
IQCN,RNF43,MCRIP1,FSD1,CIDEA,GNAL,KCNG2,GAREM1
SSBP4,TBX2,MAFG,PTPRS,LDLRAD4,CHMP1B,AC090360.1,ASXL3
REX1BD,MRC2,RAC3,TINCR,ANKRD30B,IMPA2,SHC2,ZNF397
TMEM59L,MARCH10,SECTM1,NRTN,CABLES1,CIDEA,MISP,ZNF24
ARMC6,CD79B,FN3K,TNFSF9,TMEM241,LDLRAD4,PLPPR3,SLC14A1
NR2C2AP,PRR29,CLUL1,CLEC4G,TAF4B,ANKRD30B,KISS1R,LIPG
NCAN,ICAM2,ADCYAP1,CLEC4M,KCTD1,CABLES1,CBARP,C18orf54
PBX4,FAM20A,DLGAP1,EVI5L,DSG2,TAF4B,KLF16,PHLPP1
ZNF14,KCNJ16,AKAIN1,TGFBR3L,CCDC178,KCTD1,LINGO3,HMSD
SLC7A9,SOX9,RAB12,FBN3,PIK3C3,DSC2,GNG7,CDH19
PDCD2L,CDC42EP4,RALBP1,CD320,RIT2,DSG1,ZNF556,CCDC102B
FXYD7,DNAI2,PIEZO2,PIN1,LOXHD1,CCDC178,CELF5,DIPK1C
NPHS1,KIF19,CIDEA,OLFM2,MAPK4,PIK3C3,MATK,CNDP1
KIRREL2,GPRC5C,SPIRE1,FDX2,DCC,RIT2,ZFR2,MBP
ZNF781,FDXR,MC5R,PDE4A,MBD2,LOXHD1,SLC25A41,PLPP2
DPF1,SLC16A5,CABYR,YIPF2,ST8SIA3,MAPK4,DENND1C,ARHGAP45
GGN,MYO15B,OSBPL1A,ZNF625,ONECUT2,MRO,CTXN1,ADAMTSL5
FBXO27,SMIM5,TTR,PRDX2,NEDD4L,DCC,ICAM5,MEX3D
PAK4,ITGB4,GAREM1,RTBDN,PMAIP1,MBD2,ZGLP1,ADAT3
DLL3,FOXJ1,KLHL14,MAST1,RELCH,STARD6,PLPPR2,TMPRSS9
EID2B,SPHK1,ASXL3,DAND5,CDH7,ST8SIA3,ZNF441,S1PR4
SPTBN4,AC015802.6,ST8SIA5,NANOS3,CD226,ONECUT2,ZNF563,NFIC
LTBP4,ST6GALNAC2,LIPG,PALM3,RTTN,NEDD4L,PTGER1,DOHH
TMEM91,SOCS3,STARD6,MISP3,NETO1,MALT1,SLC1A6,HMG20B
CEACAM6,CCDC40,RAB27B,PRKACA,ZNF516,PMAIP1,UNC13A,PIAS4
ATP1A3,CD7,TCF4,DDA1,PRTN3,PHLPP1,INSL3,PLIN4
GRIK5,SECTM1,GRP,RAB3A,CBARP,CDH7,PIK3R2,PLIN3
POU2F2,COLEC12,CCBE1,HAPLN4,PLK5,CDH19,TMEM59L,UHRF1
PAFAH1B3,NDC80,SERPINB13,TM6SF2,ATP8B3,RTTN,SLC25A42,VMAC
TMEM145,TGIF1,HMSD,CILP2,REXO1,SOCS6,TSSK6,C3
LYPD3,LAMA1,SERPINB8,ZNF738,KLF16,NETO1,YJEFN3,PEX11G
ZNF575,TUBB6,DOK6,ZNF208,AMH,ZNF516,ZNF737,PCP2
SMG9,GATA6,CBLN2,ZNF492,JSRP1,HCN2,ZNF66,CD209
KCNN4,LAMA3,MBP,ZNF681,LINGO3,MISP,ZNF430,CLEC4M
CEACAM19,CHST9,KCNG2,ZNF726,GNG7,PRTN3,ZNF714,CERS4
NKPD1,DSG2,C2CD4C,CCNE1,SMIM24,ADAMTSL5,VSTM2B,ANGPTL4
PPM1N,TTR,ODF3L2,ZNF536,MATK,PLK5,DPY19L3,PRAM1
IGFL4,ZNF396,GZMM,TSHZ3,SLC25A41,REXO1,SLC7A10,MYO1F
IGFL2,SLC14A1,ARID3A,GRAMD1A,SLC25A23,KLF16,CHST8,S1PR5
PNMA8C,KATNAL2,MEX3D,SCN1B,CRB3,JSRP1,SBSN,DNM2
PNMA8A,ZBTB7C,MFSD12,GAPDHS,DENND1C,LINGO3,KIRREL2,C19orf38
CCDC9,MYO5B,GIPC3,ETV2,STXBP2,GNG7,NFKBID,LDLR
MEIS3,CFAP53,PIP5K1C,SYNE4,SNAPC2,ZNF556,ZNF540,CCDC159
SLC8A2,ATP8B1,ATCAY,CLIP3,CTXN1,SMIM24,ZNF781,PRKCSH
LIG1,FBXO15,CREB3L3,WDR62,KANK3,ZBTB7A,DPF1,ACP5
SYNGR4,NFATC1,ANKRD24,SPINT2,ICAM5,STAP2,FBXO17,ZNF442
DHDH,PARD6G,SHD,CAPN12,ZGLP1,PLIN4,DLL3,NFIX
PRRG2,GZMM,TMIGD2,MRPS12,ZNF441,SLC25A41,SELENOV,ASF1B
PRMT1,GRIN3B,FSD1,FBXO27,ZNF440,SLC25A23,BLVRB,ADGRE5
PTOV1,CNN2,SH3GL1,LRFN1,PTGER1,CRB3,SPTBN4,DDX39A
C19orf81,PCSK4,CHAF1A,CYP2S1,SLC1A6,DENND1C,TMEM91,ADGRE2
SHANK1,S1PR4,TNFAIP8L1,CEACAM21,TMEM38A,STXBP2,CEACAM6,OR7A5
CLEC11A,TBXA2R,CRB3,ERFL,UNC13A,CTXN1,PRR19,RASAL3
HAS1,UHRF1,PCP2,ATP1A3,MAP1S,KANK3,KCNN4,CYP4F3
VSTM1,CATSPERD,PRR36,IRGQ,INSL3,ZNF699,ZNF223,CYP4F12
PTPRH,CAPS,TGFBR3L,ZNF226,MAST3,ICAM3,CEACAM19,TPM4
SHISA7,RFX2,ZNF846,ZNF233,GDF15,ZNF491,APOE,CPAMD8
ZNF580,TNFSF14,LDLR,PVR,CRTC1,ZNF440,APOC1,MYO9B
ZNF667,TRIP10,TSPAN16,BCL3,YJEFN3,ZNF563,NKPD1,SLC27A1
PEG3,CD209,RGL3,TOMM40,ZNF506,PTGER1,EXOC3L2,NIBAN3
USP29,ICAM1,ZNF763,GEMIN7,ZNF93,DNAJB1,FOSB,FCHO1
ZNF749,KANK2,RTBDN,EML2,ZNF682,OR7C1,PPM1N,ARRDC2
ZIK1,RGL3,MAST1,PPP5C,ZNF737,OR7A5,GIPR,LRRC25
ZNF530,CCDC151,NFIX,PNMA8A,ZNF98,TMEM38A,DMWD,HOMER3
ZNF211,CNN1,NANOS3,PNMA8B,ZNF492,UNC13A,NOVA2,TSSK6
ZSCAN4,ACP5,C19orf57,GNG8,VSTM2B,INSL3,IGFL4,ZNF486
ZNF551,ZNF20,PALM3,NPAS1,TDRD12,MAST3,PNMA8C,ZNF738
ZNF154,FBXW9,OR7C1,BBC3,LRP3,CRTC1,LMTK3,ZNF676
ZNF418,IER2,OR7A5,INAFM1,SLC7A10,YJEFN3,DBP,PLEKHF1
ZNF135,PODNL1,CPAMD8,GRIN2D,CEBPA,ZNF101,PPP1R15A,ZNF536
ZNF837,ASF1B,PLVAP,SULT2B1,ZNF792,ZNF506,DHDH,KIAA0355
ZNF446,SYDE1,TMEM221,FUT1,SCN1B,ZNF253,ADM5,HPN
MZF1,CYP4F3,NXNL1,LIN7B,KRTDAP,ZNF93,SIGLEC7,HAMP
TRIB3,CYP4F12,SLC5A5,MYBPC2,DMKN,ZNF486,HAS1,MAG
FAM110A,KLF2,KCNN1,FAM71E1,SBSN,ZNF737,ZNF578,CD22
RSPO4,NWD1,ARRDC2,SYT3,ARHGAP33,ZNF430,ZNF83,FFAR1
SDCBP2,CPAMD8,IL12RB1,ACP4,NPHS1,ZNF714,ZNF611,TYROBP
FKBP1A,NXNL1,LPAR2,KLK10,KIRREL2,ZNF431,ZNF468,ZNF146
PDYN,SLC5A5,ZNF93,KLK13,FBXO17,ZNF208,ZNF813,ZNF573
TMC2,IFI30,ZNF66,IGLON5,EXOSC5,ZNF98,PRKCG,PPP1R14A
OXT,IQCN,ZNF730,VSIG10L,PRR19,ZNF730,CACNG8,KCNK6
TRMT6,CRLF1,ZNF724,CACNG7,CNFN,ZNF91,SYT5,CATSPERG
BMP2,RHPN2,ZNF91,RDH13,PHLDB3,TDRD12,SHISA7,RASGRP4
TMX4,WTIP,RGS9BP,COX6B2,APOC1,LRP3,ZSCAN5A,SIRT2
PLCB1,FXYD5,CHST8,IL11,APOC2,SLC7A10,ZNF667,NFKBIB
LAMP5,C19orf33,KCTD15,ZFP28,CLPTM1,SCN1B,ZIM2,ACP7
PAK5,ZFP36,HPN,SMIM17,MARK4,FXYD1,PEG3,SHKBP1
SLX4IP,PLEKHG2,FXYD7,TRAPPC2B,EXOC3L2,KRTDAP,ZNF304,MIA
JAG1,B3GNT8,CD22,ERVK3-1,KLC3,SBSN,ZNF547,ARHGEF1
TASP1,CD79A,FFAR1,SRXN1,RTN2,NPHS1,ZNF772,ERFL
SEL1L2,BCAM,GAPDHS,SCRT2,FBXO46,KIRREL2,ZNF416,LIPE
PCSK2,PPP1R13L,COX7A1,ANGPT4,LMTK3,ZNF573,ZNF551,CEACAM1
BFSP1,GPR4,KCNK6,C20orf202,CA11,GGN,ZNF837,PSG2
ZNF133,GIPR,SPRED3,EBF4,NTN5,MAP3K10,SDCBP2,CADM4
INSM1,SIX5,FBXO27,AVP,PRRG2,PRX,FKBP1A,ZNF221
NAPB,CCDC8,LRFN1,ADRA1D,ADM5,AXL,PDYN,ZNF234
DUSP15,SLC1A5,MAP3K10,PRND,KCNC3,PRR19,TMC2,CLASRP
GSS,C5AR1,TTC9B,CDS2,ASPDH,CNFN,LZTS3,PPP1R13L
MMP24,CCDC114,CNTD2,CHGB,NKG7,PHLDB3,SLC4A11,EML2
GDF5,EMP3,CD79A,BMP2,ZNF615,ZNF221,C20orf27,GIPR
MROH8,PLEKHA4,TMEM145,PLCB4,ZNF534,APOE,LRRN4,IGFL2
NNAT,SLC6A16,IRGQ,ANKEF1,ZNF578,APOC1,LAMP5,PTGIR
VSTM2L,TEAD2,PPP1R37,BTBD3,ZNF83,APOC2,PAK5,GNG8
SLC32A1,DKKL1,PNMA8B,ISM1,ZNF611,EXOC3L2,SLX4IP,NOP53
ACTR5,RRAS,PTGIR,SEL1L2,PRKCG,KLC3,ISM1,PLA2G4C
PTPRT,SIGLEC7,DACT3,FLRT3,NLRP2,FOSB,SEL1L2,CARD8
TOX2,ZNF600,ARHGAP35,PCSK2,GP6,PPM1N,MACROD2,CD37
GDAP1L1,CACNG6,SAE1,SLC24A3,SYT5,ZSWIM9,BFSP1,DKKL1
PKIG,OSCAR,BBC3,NAA20,PPP6R1,KCNJ14,INSM1,BCL2L12
PABPC1L,TMC4,C5AR2,THBD,HSPBP1,DBP,ENTPD6,IL4I1
NEURL2,LILRB5,MEIS3,APMAP,SSC5D,CA11,TPX2,MYH14
EYA2,EPS8L1,SLC8A2,DNMT3B,CCDC106,PPP1R15A,DLGAP4,JOSD2
ZMYND8,TNNI3,ZNF541,NECAB3,ZSCAN5A,SIGLEC11,BLCAP,KLK6
PARD6B,DNAAF3,SYNGR4,MAP1LC3A,TMEM74B,ASPDH,NNAT,KLK13
RAE1,TMEM190,FUT1,SPAG4,FKBP1A,NKG7,SLC32A1,SIGLEC9
PCK1,USP29,PPFIA3,NDRG3,LZTS3,FPR1,ACTR5,CD33
PMEPA1,C19orf18,SLC17A7,GHRH,C20orf27,ZNF615,FAM83D,SIGLEC10
NPEPL1,ZSCAN1,MYBPC2,VSTM2L,SPEF1,ZNF616,KCNK15,SIGLEC8
ZNF831,C20orf96,KLK5,MAFB,CDC25B,ZNF578,RIMS4,SIGLEC5
SS18L1,TCF15,KLK7,TOX2,GPCPD1,ZNF701,PABPC1L,SIGLEC14
OGFR,TGM3,SIGLEC9,GDAP1L1,LRRN4,ZNF83,TOMM34,FPR1
BIRC7,SIGLEC1,SIGLEC10,FITM2,PLCB1,ZNF611,MATN4,FPR3
RTEL1,ANKEF1,ZNF888,TTPAL,LAMP5,ZNF813,TNNC2,ZNF600
TNFRSF6B,DZANK1,ZNF816,WFDC2,MACROD2,PRKCG,ZMYND8,LILRB3
OPRL1,CFAP61,MYADM,SULF2,ENTPD6,TTYH1,BCAS4,LILRB2
LKAAEAR1,CD93,CACNG8,ARFGEF2,REM1,NLRP2,CYP24A1,LILRA4
SIK1B,ID1,VSTM1,SALL4,MYLK2,GP6,CBLN4,LAIR1
U2AF1L5,COX4I2,TFPT,TSHZ2,C20orf203,SYT5,FAM210B,LILRA2
TIAM1,FOXS1,LILRA4,DOK5,E2F1,PPP6R1,CASS4,LILRB1
IFNGR2,TTLL9,LAIR2,AURKA,ZNF341,ZSCAN5A,RAE1,LILRB4
MRPS6,PROCR,TNNT1,GNAS,SLA2,ZNF460,PMEPA1,PTPRH
SLC5A3,MYL9,ZFP28,CABLES2,SLC32A1,VN1R1,ZNF831,ZIM2
SMIM11A,TGM2,ZNF460,CHRNA4,PPP1R16B,ZNF552,CDH4,VN1R1
CHAF1B,ADIG,TRIB3,EEF1A2,FAM83D,ZNF256,HRH3,ANGPT4
KCNJ6,ARHGAP40,SIRPA,STMN3,KCNK15,A1BG,SAMD10,EBF4
ETS2,LPIN3,OXT,RBM11,RIMS4,ZNF132,HSPA13,AVP
UMODL1,JPH2,AVP,CHODL,TOMM34,SLC52A3,BTG3,CENPB
CFAP410,SLPI,RASSF2,TMPRSS15,MATN4,TMEM74B,CHODL,MAVS
PCBP3,WFDC10B,MCM8,ADAMTS5,TNNC2,FKBP1A,MRPS6,SMOX
HDHD5,WFDC3,SNAP25,GRIK1,SLC12A5,LZTS3,SLC5A3,RASSF2
BID,UBE2C,BTBD3,TMEM50B,ELMO2,HSPA12B,CBR3,MCM8
TMEM191B,PLTP,NAPB,KCNE2,KCNB1,C20orf27,CHAF1B,BTBD3
SEPTIN5,SLC2A10,SYNDIG1,SIM2,PTGIS,SPEF1,B3GALT5,SPTLC3
KLHL22,RIPOR3,CST7,DSCAM,SPATA2,GPCPD1,IGSF5,RRBP1
SERPIND1,NFATC2,GINS1,FAM3B,NFATC2,LRRN4,UMODL1,NKX2-2
SLC7A4,TFAP2C,TPX2,CBS,CYP24A1,PLCB1,TMPRSS3,SYNDIG1
TMEM191C,RBM38,XKR7,AIRE,CASS4,LAMP5,TRPM2,CST7
RIMBP3C,PCK1,CCM2L,LRRC3,FAM209B,SEL1L2,CDC45,MAPRE1
TOP3B,ZBP1,NOL4L,ADARB1,PMEPA1,MACROD2,SEPTIN5,ACTL10
GGTLC2,C20orf85,MAP1LC3A,PRMT2,CDH4,CST3,GP1BB,ITCH
RSPH14,EDN3,TP53INP2,TMEM191B,HRH3,ENTPD6,SERPIND1,TP53INP2
DRICH1,LAMA5,GHRH,SLC25A1,LIME1,MYLK2,HIC2,ACSS2
DDTL,FNDC11,PTPRT,CLTCL1,SAMD10,SNTA1,RIMBP3C,MYH7B
GGT1,HELZ2,SGK2,TBX1,MYT1,PPP1R16B,YPEL1,SOGA1
SGSM1,SOX18,HNF4A,RANBP1,FP565260.6,FAM83D,MAPK1,KIAA1755
CRYBB3,SIK1B,TTPAL,CCDC188,USP25,KCNK15,BCR,EMILIN3
MYO18B,SMIM34B,KCNS1,P2RX6,GABPA,RIMS4,SLC2A11,SGK2
SEZ6L,KCNE1B,TP53TG5,SLC7A4,ADAMTS5,TOMM34,ADORA2A,ADA
CRYBA4,ADAMTS1,CDH22,TMEM191C,RCAN1,MATN4,UPB1,CCN5
CCDC157,MAP3K7CL,KCNG1,VPREB3,DOP1B,SDC4,SGSM1,TP53TG5
BPIFC,MRAP,SALL4,SUSD2,RIPPLY3,TNNC2,KIAA1671,DBNDD2
SYN3,C21orf62,TSHZ2,GRK3,B3GALT5,SLC12A5,CRYBB2,SLC13A3
CACNG2,KCNE1,BCAS1,NEFH,IGSF5,KCNB1,ASPHD2,PREX1
SLC16A8,CLIC6,NTSR1,NIPSNAP1,PCP4,PTGIS,MN1,TMEM189
BAIAP2L2,ERG,SLC17A9,CABP7,C2CD2,SNAI1,MB,BCAS1
KCNJ4,LCA5L,CHRNA4,RNF215,TMPRSS3,CYP24A1,TMPRSS6,TFAP2C
DNAL4,RIPK4,NCAM2,MTFP1,PDE9A,FAM210B,GALR3,ZBP1
SLC25A17,TFF3,GRIK1,INPP5J,TRPM2,MTRNR2L3,SLC16A8,PHACTR3
SHISA8,RSPH1,KCNJ6,PLA2G3,TSPEAR,PMEPA1,KCNJ4,CDH26
LINC00634,COL18A1,DSCAM,C22orf42,SLC19A1,EDN3,ENTHD1,COL9A3
WBP2NL,COL6A1,PRDM15,TOM1,FTCD,CDH4,FAM83F,TCFL5
PHETA2,COL6A2,CBS,MB,PCNT,HRH3,TEF,BIRC7
BIK,C21orf58,HSF2BP,APOL4,IL17RA,SAMD10,LINC00634,COL20A1
PNPLA5,CLDN5,AIRE,APOL2,TMEM121B,SMIM11B,WBP2NL,FP565260.3
PANX2,CCDC188,RTN4R,PVALB,BID,USP25,CYP2D6,U2AF1L5
SHANK3,SCARF2,GNAZ,SSTR3,TUBA8,GABPA,BIK,SAMSN1
PLCXD1,LRRC74B,GSTT2B,PDXP,SEPTIN5,RUNX1,ACR,C21orf91
ARHGAP6,GGTLC2,GRK3,LGALS1,GP1BB,CBR3,NLGN4X,ADAMTS1
FRMPD4,ZNF70,SEZ6L,SYNGR1,HIC2,DOP1B,PNPLA4,OLIG2
PRPS2,C22orf15,CRYBB1,MCHR1,RIMBP3C,SIM2,ARHGAP6,OLIG1
GLRA2,MMP11,RASL10A,CSDC2,YPEL1,RIPPLY3,ASB9,CBR1
ASB9,DERL3,CABP7,PACSIN2,MAPK1,ERG,VEGFD,FAM3B
VEGFD,SUSD2,PLA2G3,SCUBE1,TOP3B,B3GALT5,CLTRN,MX2
CLTRN,MYO18B,YWHAH,SULT4A1,BCR,IGSF5,RBBP7,ABCG1
AP1S2,CRYBA4,LARGE1,PARVB,DDTL,PCP4,RAI2,ICOSLG
RAI2,OSM,APOL2,SHISAL1,ADORA2A,UMODL1,CNKSR2,COL18A1
ADGRG2,CCDC157,MYH9,ARHGAP8,UPB1,TMPRSS3,GK,LSS
NR0B1,DUSP18,PVALB,CERK,GGT1,PDE9A,SYTL5,S100B
TMEM47,PLA2G3,NCF4,PANX2,CRYBB2,TRPM2,TSPAN7,ADA2
SYTL5,APOL3,SSTR3,NLGN4X,ASPHD2,TSPEAR,CHST7,CECR2
KRBOX4,APOL4,RAC2,STS,MN1,SLC19A1,SLC9A7,GAL3ST1
USP11,RAC2,ELFN2,ANOS1,ZNRF3,FTCD,USP11,FBXO7
SYN1,C22orf23,SH3BP1,SHROOM2,KREMEN1,SPATC1L,CFP,MCM5
CFP,MAFF,BAIAP2L2,EGFL6,TBC1D10A,PCNT,ELK1,APOL6
ELK1,KDELR3,MAFF,NHS,OSBP2,IL17RA,FTSJ1,NCF4
PCSK1N,FAM227A,NPTXR,PPEF1,SFI1,TMEM121B,PORCN,CSF2RB
CCDC120,APOBEC3C,SYNGR1,MAP7D2,PISD,BID,PCSK1N,TST
NUDT10,APOBEC3D,FAM83F,MBTPS2,RFPL2,PRODH,PIM2,MPST
NUDT11,APOBEC3F,MRTFA,SMS,LARGE1,SEPTIN5,DGKK,CYTH4
CENPVL3,APOBEC3G,MCHR1,APOO,RASD2,GP1BB,NUDT10,MFNG
GSPT2,CENPM,MEI1,ARX,KCTD17,SERPIND1,NUDT11,CDC42EP1
MAGED4,A4GALT,SHISA8,LANCL3,TMPRSS6,HIC2,CENPVL3,SH3BP1
TSPYL2,BIK,SEPTIN3,DYNLT3,GALR3,YPEL1,GSPT2,MICALL1
KANTR,EFCAB6,SCUBE1,FUNDC1,KCNJ4,MAPK1,MAGED1,SOX10
WNK3,UPK3A,MPPED1,ZNF630,CACNA1I,TOP3B,MAGED4,SUN2
FGD1,SMC1B,SULT4A1,HDAC6,ENTHD1,BCR,FAM156A,APOBEC3C
KLF8,RIBC2,SHISAL1,ERAS,TEF,ADORA2A,TSPYL2,CHADL
NBDY,FBLN1,WNT7B,KCND1,LINC00634,UPB1,HUWE1,TNFRSF13C
FAAH2,PKDREJ,MOV10L1,SYP,TTLL12,ASPHD2,UBQLN2,TSPO
SPIN4,CELSR1,MAPK11,FOXP3,PNPLA5,MN1,PJA1,PNPLA3
ARHGEF9,PLXNB2,SBF1,USP27X,GTSE1,ZNRF3,NHSL2,PARVG
ZC3H12B,TYMP,AMELX,CLCN5,MAPK11,C22orf31,PABPC1L2A,KIAA0930
PJA1,ODF3B,TLR8,MAGED4,CPT1B,KREMEN1,SLC16A2,CSF2RA
FAM155B,SYCE3,GLRA2,MAGED2,SHANK3,OSM,NEXMIF,WWC3
DLG3,RABL2B,PPEF1,TRO,ACR,OSBP2,POU3F4,TLR7
PABPC1L2A,CD99,SMPX,SPIN2B,ARSF,RFPL2,DACH2,TLR8
ZDHHC15,GYG2,PRRG1,SPIN2A,NLGN4X,LARGE1,PCDH11X,GPM6B
MAGEE2,ARSD,GPR34,FAAH2,ACE2,RASD2,FAM133A,FANCB
ATP7A,MXRA5,SYN1,ZC4H2,RBBP7,KCTD17,DIAPH2,MOSPD2
ZNF711,PRKX,EBP,PDZD11,REPS2,TMPRSS6,TMEM35A,PIGA
CHM,AMELX,WAS,SLC7A3,CDKL5,CACNA1I,DRP2,POLA1
PABPC5,BMX,MAGIX,CITED1,CNKSR2,ENTHD1,TAF7L,IL1RAPL1
PCDH11X,ACE2,SYP,HDAC8,KLHL34,TEF,TIMM8A,PRRG1
NAP1L3,PHEX,CACNA1F,PABPC1L2B,PTCHD1,PNPLA5,ARMCX2,SRPX
TMEM35A,CXorf58,FOXP3,NAP1L2,PDK3,MAPK11,TCEAL2,MID1IP1
TCEAL2,CFAP47,PAGE4,MAGEE2,TSPAN7,ACR,GPRASP2,GPR34
GPRASP1,SRPX,SHROOM4,FGF16,SLC9A7,ARSF,BEX2,GPR82
GPRASP2,RPGR,SPIN2A,PGK1,ZNF41,TBL1X,RAB9B,NDP
BEX1,EFHC2,VSIG4,SATL1,ELK1,CDKL5,TMSB15B,DIPK2B
BEX4,RP2,EDA,NAP1L3,CACNA1F,CNKSR2,ZCCHC18,JADE3
TCEAL5,TIMP1,SLC7A3,PCDH19,GAGE10,SAT1,RADX,ZNF81
BEX2,PLP2,BX276092.9,TCEAL6,DGKK,IL1RAPL1,RNF128,CCNB3
BEX3,PRICKLE3,PCDH19,TMSB15A,FAM156A,TSPAN7,VSIG1,SHROOM4
GLRA4,GAGE10,CENPI,TCEAL7,IQSEC2,DIPK2B,KCNE5,SMC1A
TMEM31,RIBC1,BTK,TMSB15B,KLF8,SLC9A7,TMEM164,VSIG4
ZCCHC18,ALAS2,PLP1,IL1RAPL2,AR,DGKK,RTL9,EDA2R
RADX,MTMR8,H2BFM,PWWP3B,OGT,FAM156A,LHFPL1,FOXO4
RNF128,KIF4A,PWWP3B,FRMPD3,NHSL2,ALAS2,HTR2C,GJB1
RTL9,GDPD2,FRMPD3,PRPS1,PHKA1,MTRNR2L10,IL13RA2,MAGT1
DCX,TEX11,CHRDL1,ACSL4,MAGEE1,KLF8,LRCH2,LPAR4
TRPC5,IL2RG,PAK3,TRPC5,POU3F4,NHSL2,DOCK11,HMGN5
ZCCHC12,ITGB1BP2,LONRF3,RTL4,DACH2,PHKA1,ZCCHC12,KLHL4
PGRMC1,LPAR4,SEPTIN6,ZCCHC12,DIAPH2,CYSLTR1,CXorf56,SYTL4
RHOXF1,TSPAN6,APLN,SLC25A5,DRP2,ITM2A,TMEM255A,BTK
TMEM255A,SRPX2,SASH3,SEPTIN6,TAF7L,POU3F4,SH2D1A,PLP1
GRIA3,XKRX,SMIM10L2B,DCAF12L2,RAB40A,DIAPH2,SLC25A14,COL4A5
TENM1,NRK,SMIM10L2A,OCRL,GLRA4,DRP2,ARHGAP36,NXT2
DCAF12L2,MORC4,CDR1,GPC3,TBC1D8B,TAF7L,IGSF1,PLS3
ARHGAP36,NUP62CL,SLITRK4,HPRT1,VSIG1,TMSB15A,STK26,IL13RA1
HS6ST2,PIH1D3,AFF2,SMIM10L2B,HTR2C,GLRA4,HS6ST2,SOWAHD
RTL8A,COL4A6,FATE1,ZIC3,KLHL13,TBC1D8B,FAM122B,LAMP2
MCF2,NXT2,GABRE,AFF2,DOCK11,VSIG1,FAM122C,STAG2
CXorf40B,AKAP14,GABRA3,CXorf40A,GRIA3,LHFPL1,RTL8B,SH2D1A
GABRA3,RHOXF1,GABRQ,CXorf40B,SLC25A14,HTR2C,RTL8A,APLN
GABRQ,ELF4,PNMA6F,CD99L2,STK26,KLHL13,SLC9A6,ZDHHC9
PNMA5,GPC4,PLXNB3,HMGB3,HS6ST2,DOCK11,BRS3,RAB33A
PNMA6A,GPC3,SRPK3,VMA21,BRS3,LONRF3,GPR101,MBNL3
PNMA6F,CCDC160,GAB3,PNMA3,GPR101,STK26,MCF2,CCDC160
ZFP92,INTS6L,F8A3,PNMA6A,FGF13,GPR101,ATP11C,SOX3
DUSP9,GABRE,ZFY,CCNQ,ATP11C,ATP11C,SLITRK4,CDR1
PNCK,CETN2,PCDH11Y,L1CAM,SLITRK2,SLITRK2,SLITRK2,FATE1
F8A1,BGN,PRKY,PLXNA3,CSAG1,CSAG1,MAMLD1,SLC6A8
MTCP1,AVPR2,USP9Y,CTAG2,ATP2B3,ATP2B3,MTM1,PLXNB3
PCDH11Y,ARHGAP4,TMSB4Y,BRCC3,DUSP9,PDZD4,PRRG3,SRPK3
PRKY,TKTL1,KDM5D,VBP1,PNCK,CTAG2,PNMA5,RENBP
EIF1AY,FLNA,EIF1AY,F8A3,IDH3G,MAFIP,PNMA6F,GAB3
MAFIP,CTAG2,AL354822.1,SPRY3,F8A1,AL354822.1,DUSP9,AL592183.1
AC011043.1,SRY,AC004556.3,AC007325.4,AC011043.1,AC004556.3,PNCK,AC240274.1
