"","cell","trait","Prop._SNPs","Prop._h2","Prop._h2_std_error","Enrichment","Enrichment_std_error","Enrichment_p","Coefficient","Coefficient_std_error","Coefficient_z.score","p_zcore","FDR"
"1","DRD2_MSN_A","ADHD",0.149554641974824,0.153549292376319,0.0127098676165504,1.02671030700717,0.0849847751211225,0.753329703993847,-8.49819127949328e-10,2.95754549314229e-09,-0.287339325775315,0.773852514007491,0.924231682304172
"5","DRD2_MSN_A","Alzheimer Disease",0.149554641974824,0.220160148062426,0.0277306215640451,1.47210507915553,0.185421336294685,0.00774994710369969,-1.84838868381254e-10,7.62921557045018e-10,-0.242277684611745,0.808565003858513,0.941967423854693
"6","DRD2_MSN_A","Anorexia",0.149554641974824,0.154564489241968,0.0163264744741464,1.03349844044284,0.109167286675694,0.759398530608358,2.20067549251006e-09,5.42161092298775e-09,0.405908045370638,0.684810166393913,0.880146178676451
"8","DRD2_MSN_A","Autism",0.149554641974824,0.165728485533445,0.020181797733223,1.10814671711323,0.134945980056041,0.435660699251047,1.99771085629537e-09,5.33215504794785e-09,0.374653557207458,0.707918136421037,0.890631854469757
"9","DRD2_MSN_A","BMI",0.149554641974824,0.179846314949257,0.00811714387050044,1.20254585597906,0.0542754391526468,0.000216008100225876,2.91908192693187e-09,2.22596191845566e-09,1.31137999384872,0.189729414482621,0.499287932849003
"10","DRD2_MSN_A","Bipolar",0.149554641974824,0.207579647574179,0.01066253149916,1.38798531983462,0.0712952226581833,3.81032009748635e-07,8.28263595725512e-09,2.80555603517625e-09,2.9522261731389,0.00315491751517911,0.0539566093115967
"15","DRD2_MSN_A","Epilepsy",0.149554641974824,0.194129587573663,0.0184720639709618,1.29805123405225,0.123513812256469,0.0106667611779634,9.27631008140773e-09,1.3684811560557e-08,0.677854425715611,0.497863998602362,0.760097707789866
"16","DRD2_MSN_A","Age of smoking",0.149554641974824,0.159718523899885,0.0140428680986641,1.06796099265693,0.0938979085719593,0.468441771756814,-2.7630677168334e-10,9.48806470740622e-10,-0.291215100448945,0.770886814342192,0.924231682304172
"17","DRD2_MSN_A","Cigarettes per day",0.149554641974824,0.183999702927646,0.0134200602718889,1.2303175648578,0.0897334920179074,0.0153830886763111,1.07057958014914e-09,1.55565525895907e-09,0.688185620807462,0.491335897751238,0.753005207281591
"18","DRD2_MSN_A","Drinks per week",0.149554641974824,0.198602280040818,0.0119095139168177,1.32795797855777,0.079633194660869,8.12440848567196e-05,2.023349838697e-09,7.00532257229327e-10,2.8883035974668,0.003873258293224,0.0548925220698446
"19","DRD2_MSN_A","Smoking cessation",0.149554641974824,0.178186017821045,0.0097963446390558,1.1914442471872,0.0655034475005123,0.0048460700778026,7.86620123075921e-10,9.79589825920843e-10,0.803009690649325,0.421969133471691,0.708580235205003
"20","DRD2_MSN_A","Smoking initiation",0.149554641974824,0.150746163657808,0.00825422948260284,1.00796713272988,0.05519206474375,0.885203226487303,-1.15377359359011e-10,7.34025896301236e-10,-0.157184317256924,0.87509958767635,0.946719352323019
"21","DRD2_MSN_A","Height",0.149554641974824,0.176370303736125,0.0110409536265127,1.17930343991473,0.0738255495163522,0.0156888158789792,-9.61625635779187e-09,8.20352907231339e-09,-1.17220970060878,0.241112874701116,0.565031606734274
"23","DRD2_MSN_A","Intelligence",0.149554641974824,0.182337524631235,0.00828545849235624,1.21920337759847,0.0554008781201924,0.000107480083294913,4.77000555024256e-09,1.96654906209141e-09,2.42557159757291,0.0152843005728487,0.115746672461877
"24","DRD2_MSN_A","Depression",0.149554641974824,0.173925953531439,0.0113906012236741,1.16295924509463,0.0761634749230422,0.0359463188350292,1.90454049510081e-09,1.02222097899775e-09,1.86313970680599,0.0624426130329837,0.262256799644469
"32","DRD2_MSN_A","Type 2 Diabetes",0.149554641974824,0.241780451239278,0.0347166646585438,1.61666965362385,0.232133648278119,0.00564460338765879,9.91509850154813e-09,4.28156664222472e-09,2.31576414197683,0.0205711500833726,0.13657934781227
"33","DRD2_MSN_A","Parkinson Disease",0.149554641974824,0.232033332721189,0.0345926507842525,1.55149535753126,0.231304427114177,0.014748233594311,2.87141006604838e-09,2.82410157978218e-09,1.01675169427505,0.309271567142494,0.637334436293136
"36","DRD2_MSN_A","Schizophrenia",0.149554641974824,0.190848233388171,0.00983267271848652,1.27611039596015,0.0657463559047652,4.55147791475357e-05,1.17313252789673e-08,5.08001886752827e-09,2.30930742284334,0.0209265280511112,0.13657934781227
"39","DRD2_MSN_A","Education Years",0.149554641974824,0.184767114828601,0.00707515064959562,1.23544887934474,0.0473081313703833,2.51072983624152e-06,4.57507810710033e-09,1.34289310291046e-09,3.40688182639761,0.000657095702492952,0.0262838280997181
"40","DRD2_MSN_A","Neuroticism",0.149554641974824,0.178991071427384,0.00946005712896466,1.19682725366368,0.0632548545738698,0.00235373684806026,3.55680561123325e-09,1.46141390572108e-09,2.43381125450443,0.0149407836787171,0.115746672461877
"41","Inh_C","ADHD",0.12961875366854,0.128122674096133,0.0108837161373419,0.98845784633732,0.0839671407825264,0.89078337717895,-8.98466473608442e-10,2.85483947678345e-09,-0.314716985285893,0.752976546729484,0.921984826563414
"45","Inh_C","Alzheimer Disease",0.12961875366854,0.179766007640578,0.0209992237544034,1.38688270449101,0.162007604301631,0.0188941438297247,-1.02251428070953e-09,8.55655807157901e-10,-1.19500653435153,0.232084477125664,0.555890963175243
"46","Inh_C","Anorexia",0.12961875366854,0.1233736521698,0.0149130078607119,0.951819460363664,0.115052856462787,0.676557407857827,-2.86983432290461e-09,5.65402794636411e-09,-0.507573423783675,0.611752532375011,0.825479011387833
"48","Inh_C","Autism",0.12961875366854,0.151139153367407,0.0202023863364357,1.16602844179399,0.155860057010709,0.285818703556532,3.58837429455251e-09,5.79522329238417e-09,0.619195173940613,0.535787790763555,0.796710469536885
"49","Inh_C","BMI",0.12961875366854,0.155226198232681,0.00826577787248647,1.19755971909454,0.0637699224729753,0.00199699051234896,2.02420074103589e-09,2.68392213732381e-09,0.754195031549708,0.450732120552089,0.725647494184508
"50","Inh_C","Bipolar",0.12961875366854,0.140853632156799,0.00955711510183929,1.08667633479171,0.0737325026768786,0.240103749562201,-4.33012899848317e-09,2.7189197579032e-09,-1.5925916849501,0.111251820101284,0.370839400337614
"55","Inh_C","Epilepsy",0.12961875366854,0.180827470040376,0.0182959601148074,1.39507181578668,0.14115210644282,0.00358843811294634,1.77627417115647e-08,1.56738794505443e-08,1.13327027731784,0.257100769574404,0.573691935680395
"56","Inh_C","Age of smoking",0.12961875366854,0.150784351852673,0.0128672937158825,1.16329117187978,0.0992703088997958,0.103837152780784,5.18444892801048e-10,9.51509959997142e-10,0.544865439771755,0.585846067210468,0.823741969788883
"57","Inh_C","Cigarettes per day",0.12961875366854,0.181002919124066,0.0280976269912892,1.39642539371213,0.216771309675915,0.0752466635001441,3.48603131345098e-09,3.45007978181925e-09,1.01042049283068,0.312293873783637,0.637334436293136
"58","Inh_C","Drinks per week",0.12961875366854,0.165614638074956,0.0106527152433589,1.2777058364445,0.0821849843626787,0.000842256374391903,1.09967463191416e-09,7.10532385287829e-10,1.54767700203938,0.121700081825615,0.383214709854282
"59","Inh_C","Smoking cessation",0.12961875366854,0.145365371508944,0.0132714930609975,1.12148410160363,0.102388679765702,0.236492281124689,-1.14517538030413e-10,1.50051823555761e-09,-0.0763186579920885,0.93916558220289,0.979346423890869
"60","Inh_C","Smoking initiation",0.12961875366854,0.12795554069966,0.00776068973106403,0.987168423381596,0.0598732013031818,0.830314236251178,-4.33400381780609e-10,7.67457005348769e-10,-0.56472268643069,0.57226240095895,0.823741969788883
"61","Inh_C","Height",0.12961875366854,0.162571230989412,0.0103127949334273,1.25422615469007,0.0795625219464703,0.00139907615730834,-1.18020721459638e-08,8.80995852840614e-09,-1.33962857009032,0.18036613060108,0.484204377452564
"63","Inh_C","Intelligence",0.12961875366854,0.142328550093313,0.00725312148728149,1.09805522785132,0.0559573463098489,0.0791877966018902,-5.07864570362265e-11,2.0164471109457e-09,-0.0251861091523535,0.979906516733442,0.994193115509868
"64","Inh_C","Depression",0.12961875366854,0.135040720771606,0.0102472244112571,1.04183011292433,0.0790566497612003,0.597185863171348,4.10434218605619e-10,1.07374397321461e-09,0.382245888074089,0.702278987607275,0.890631854469757
"72","Inh_C","Type 2 Diabetes",0.12961875366854,0.160633170392268,0.0309838320123037,1.2392741470346,0.239038188035161,0.317192050811729,9.9346106265682e-10,4.549283219017e-09,0.218377492635309,0.827135000634701,0.941967423854693
"73","Inh_C","Parkinson Disease",0.12961875366854,0.135725995566316,0.0287233236138651,1.0471169620516,0.221598517196949,0.83197003287524,-4.03011006576794e-09,2.85216948202936e-09,-1.41299810237801,0.157656282057891,0.450446520165402
"76","Inh_C","Schizophrenia",0.12961875366854,0.138794298614388,0.00945372820701177,1.07078871448889,0.072934879710283,0.332729182369786,-4.89649155208446e-09,5.62023463127535e-09,-0.871225468921988,0.383631056137482,0.66718444545649
"79","Inh_C","Education Years",0.12961875366854,0.14115703421477,0.00705970530866541,1.0890170613408,0.0544651534508535,0.10276108817141,4.93828810533681e-10,1.52041016546379e-09,0.324799729540774,0.745332649252341,0.921984826563414
"80","Inh_C","Neuroticism",0.12961875366854,0.134489665877875,0.00947922129907319,1.03757876134029,0.0731315572074808,0.608504713885741,-1.14248692497869e-10,1.69772467392686e-09,-0.0672951829306991,0.946346711662102,0.980670167525495
"81","DRD1_MSN_B","ADHD",0.155084103611395,0.177766271837531,0.0123035292410774,1.14625720946211,0.0793345607613478,0.0671800476719531,6.2966357726807e-10,2.82004455872157e-09,0.223281428415982,0.823316480408876,0.941967423854693
"85","DRD1_MSN_B","Alzheimer Disease",0.155084103611395,0.220133318720083,0.0285773148807375,1.41944476315694,0.184269787910343,0.0167358304750508,1.80794128441191e-11,7.59323843435952e-10,0.0238098842811382,0.981004255769293,0.994193115509868
"86","DRD1_MSN_B","Anorexia",0.155084103611395,0.181293074103078,0.015580013175034,1.16899843298805,0.100461703116097,0.0963140749354685,4.93008674829312e-09,4.98098092093211e-09,0.989782299220397,0.322280538428205,0.639830937434106
"88","DRD1_MSN_B","Autism",0.155084103611395,0.184850751523153,0.0212209518021248,1.19193874303421,0.136835119189905,0.182460717027631,2.32520002510925e-09,5.38676738916072e-09,0.431650349296319,0.665995558636677,0.86492929693075
"89","DRD1_MSN_B","BMI",0.155084103611395,0.191975055652949,0.00810459995949841,1.23787706916754,0.0522593855254609,6.86637037902456e-06,8.52702173315888e-10,2.26737234702591e-09,0.376075052002098,0.70686110082303,0.890631854469757
"90","DRD1_MSN_B","Bipolar",0.155084103611395,0.232681372360171,0.0121451222488391,1.50035604515094,0.0783131343962367,1.11842145902397e-09,1.05488556841401e-08,3.05486677981857e-09,3.45313116559754,0.000554119496033951,0.0250308524143207
"95","DRD1_MSN_B","Epilepsy",0.155084103611395,0.207850248860231,0.0197240751019328,1.34024212682079,0.127183087386937,0.00575077949732995,1.10055998841714e-08,1.42241426434467e-08,0.773726765826683,0.439092388257203,0.722785824291693
"96","DRD1_MSN_B","Age of smoking",0.155084103611395,0.191858187657896,0.0138003183756612,1.23712349099717,0.0889860279312804,0.00864999614773052,5.63606993808427e-10,8.79586036977077e-10,0.640763916336606,0.521676080071764,0.781537198609385
"97","DRD1_MSN_B","Cigarettes per day",0.155084103611395,0.197343124921878,0.0134676178963304,1.27249099247705,0.0868407372690957,0.00113396296750905,9.7358604445546e-10,1.56081244380573e-09,0.623768761146959,0.532779457964024,0.795193220841828
"98","DRD1_MSN_B","Drinks per week",0.155084103611395,0.183946811669746,0.0125455429454393,1.18611003569182,0.0808950927483547,0.0219283245417636,-1.08448045045767e-10,7.06958710829116e-10,-0.153400818724732,0.8780821992796,0.946719352323019
"99","DRD1_MSN_B","Smoking cessation",0.155084103611395,0.205092937562199,0.0152257953320704,1.3224626688762,0.0981776660374085,0.00184852024711794,2.0761874445176e-09,1.47874926576136e-09,1.40401587516505,0.160314122308091,0.451589076924201
"100","DRD1_MSN_B","Smoking initiation",0.155084103611395,0.185007409898569,0.00863027497546324,1.19294889411848,0.0556489980242509,0.000678506759942675,9.00582817792338e-10,7.59534511938235e-10,1.18570361667196,0.235739365776661,0.561284204230146
"101","DRD1_MSN_B","Height",0.155084103611395,0.168570343066709,0.0104989882021418,1.08696081120672,0.0676986741881029,0.19651158640018,-2.30933861877477e-08,8.01918922350471e-09,-2.87976571497523,0.00397970785006373,0.0548925220698446
"103","DRD1_MSN_B","Intelligence",0.155084103611395,0.203593609128796,0.00920507199452259,1.31279482801767,0.0593553548053408,3.31110476412889e-07,5.49669702316608e-09,2.19121753250558e-09,2.5085127065777,0.0121240607555511,0.107769428938232
"104","DRD1_MSN_B","Depression",0.155084103611395,0.192274297165296,0.0104152253160164,1.23980661259191,0.0671585615384187,0.000495428118521577,1.71465573888837e-09,9.24346371009769e-10,1.85499266580693,0.0635972739137837,0.262256799644469
"112","DRD1_MSN_B","Type 2 Diabetes",0.155084103611395,0.189974881466185,0.0311579769350302,1.22497971772928,0.200910191370129,0.267587688632861,8.58434686543029e-10,3.91445899808624e-09,0.219298423348594,0.826417589998283,0.941967423854693
"113","DRD1_MSN_B","Parkinson Disease",0.155084103611395,0.199192417651761,0.0423638611490574,1.28441544306109,0.273167011721662,0.313759786639431,-6.27550505944096e-10,3.8225240676026e-09,-0.164171760555502,0.869595931266254,0.946719352323019
"116","DRD1_MSN_B","Schizophrenia",0.155084103611395,0.212647347328585,0.0112023500132046,1.37117436524268,0.0722340314212673,7.49192236738073e-07,1.35708198076617e-08,5.28158450984679e-09,2.56945993808502,0.0101857168315295,0.0925974257411772
"119","DRD1_MSN_B","Education Years",0.155084103611395,0.206989486440291,0.00753365832259242,1.33469183249728,0.0485778886885146,2.12659323151569e-10,5.04779197528942e-09,1.35549206202662e-09,3.72395539354349,0.000196125593619201,0.0196125593619201
"120","DRD1_MSN_B","Neuroticism",0.155084103611395,0.186828013400188,0.00806331496531371,1.20468835328433,0.0519931751710576,9.05734000640132e-05,1.54187787341043e-09,1.3142086574038e-09,1.17323673430701,0.240700884809902,0.565031606734274
"121","Inh_D","ADHD",0.150490030546073,0.171335196665834,0.0140268801652015,1.13851526273283,0.0932080358699048,0.138669412214459,3.73268671785114e-09,3.2419150432446e-09,1.15138326207196,0.249574596703592,0.573691935680395
"125","Inh_D","Alzheimer Disease",0.150490030546073,0.237526148583767,0.0308106803830343,1.57835138794159,0.204735690937357,0.0027545711645379,7.05325712793561e-10,8.05665280547542e-10,0.875457500556821,0.381325024905648,0.666486791958454
"126","Inh_D","Anorexia",0.150490030546073,0.123662397167285,0.0152414420556389,0.821731490907132,0.101278749165863,0.0748824883812813,-7.71168501180622e-09,4.8868878759586e-09,-1.57803600318813,0.114557338883797,0.375597832405892
"128","Inh_D","Autism",0.150490030546073,0.177191814131409,0.019191624752175,1.17743224244453,0.12752754905116,0.177958801593823,4.57729253142723e-09,5.02526283212898e-09,0.91085634410251,0.3623710703594,0.655875240469502
"129","Inh_D","BMI",0.150490030546073,0.192825646659716,0.00869069411870544,1.28131840999714,0.0577493013136491,4.23276454702822e-06,6.40079654056474e-09,2.98967243902981e-09,2.14096917675767,0.0322765237998728,0.181839570703509
"130","Inh_D","Bipolar",0.150490030546073,0.198026224630846,0.0108212130814477,1.31587603452721,0.0719065112963396,2.15183891358061e-05,5.5229646247052e-09,2.91383192229094e-09,1.89543006322852,0.05803544898192,0.252328039051826
"135","Inh_D","Epilepsy",0.150490030546073,0.182454504784455,0.0170693831660625,1.2124026031651,0.113425341892243,0.0548083712147934,-7.04306161053212e-10,1.30825807036616e-08,-0.0538354149694706,0.957066293355299,0.984129864632698
"136","Inh_D","Age of smoking",0.150490030546073,0.188564533528645,0.0143322727258367,1.25300349029377,0.095237356746026,0.00907220234543294,1.70030769086022e-09,9.51627376141439e-10,1.78673683995352,0.0739800318396822,0.279169931470499
"137","Inh_D","Cigarettes per day",0.150490030546073,0.198195057853354,0.0163849650305427,1.31699792427563,0.108877411819824,0.00517992654811992,2.6542757055094e-09,1.81592279172261e-09,1.46166770834542,0.143832290269797,0.429350120208349
"138","Inh_D","Drinks per week",0.150490030546073,0.171155160518824,0.0121968327064912,1.13731893001659,0.0810474465466804,0.0893483865623242,8.18973840583691e-11,7.29262987672713e-10,0.112301577678756,0.910584290911485,0.966141262500589
"139","Inh_D","Smoking cessation",0.150490030546073,0.180707123410589,0.0134992857830703,1.20079132654083,0.0897021931226029,0.0322651856860819,1.33179846729919e-09,1.36531900266023e-09,0.975448568945627,0.329337801622641,0.639830937434106
"140","Inh_D","Smoking initiation",0.150490030546073,0.165626204151497,0.00932683952236059,1.10057924468817,0.0619764610885977,0.105155753417051,1.02662833859663e-09,7.96915617441237e-10,1.28825225171639,0.197658168436517,0.510085595965204
"141","Inh_D","Height",0.150490030546073,0.171711516916909,0.0098556341840097,1.14101589516482,0.0654902796434236,0.0294719721734863,-1.63134802438425e-08,8.01150919734495e-09,-2.03625557207734,0.0417246985650987,0.199450085793111
"143","Inh_D","Intelligence",0.150490030546073,0.167502617666033,0.00846296386405723,1.11304793452581,0.0562360432338821,0.0433848421780224,1.00026555159006e-09,2.123648596967e-09,0.471012743360008,0.63763163471142,0.838988993041342
"144","Inh_D","Depression",0.150490030546073,0.166974402036048,0.0105961584505887,1.10953796361233,0.0704110326254776,0.119252037050364,1.17946354210852e-09,9.69757401059403e-10,1.21624598154139,0.223891232373562,0.548158598016756
"152","Inh_D","Type 2 Diabetes",0.150490030546073,0.176725987809832,0.0286929667425596,1.1743368458931,0.190663571789063,0.360343324353928,8.65663548606682e-10,3.68802157333309e-09,0.234723016499149,0.814423722168486,0.941967423854693
"153","Inh_D","Parkinson Disease",0.150490030546073,0.207340271768273,0.0347463904189212,1.37776749074946,0.230888320593991,0.0920590403581572,1.02732778551584e-09,2.74339500170524e-09,0.374473156390995,0.708052324303457,0.890631854469757
"156","Inh_D","Schizophrenia",0.150490030546073,0.181411549479574,0.00884913672533933,1.20547220849978,0.0588021458513168,0.000656816744163583,6.55622926763199e-09,4.56737076039047e-09,1.43544932338085,0.151159099347417,0.441464945376643
"159","Inh_D","Education Years",0.150490030546073,0.162511787904609,0.00689232501839233,1.07988407813404,0.0457992133657133,0.0829494511978012,2.5296374444943e-10,1.31078608397874e-09,0.192986290853491,0.846969704584236,0.945688716734556
"160","Inh_D","Neuroticism",0.150490030546073,0.171979739408983,0.0100289533297878,1.14279822247979,0.0666419781655727,0.034905494631916,2.36222139230408e-09,1.53401783193162e-09,1.53989174254226,0.123586743928006,0.383214709854282
"161","DRD2_MSN_B","ADHD",0.15736201634615,0.184867473970908,0.0113296162472438,1.17479095822116,0.071997147153491,0.0164820615028074,1.26381515924536e-09,2.48439186905805e-09,0.508702018786001,0.610961107141249,0.825479011387833
"165","DRD2_MSN_B","Alzheimer Disease",0.15736201634615,0.215900172285435,0.0264092773230709,1.37199673274724,0.167824980489436,0.0224965068291869,-1.30789708342894e-11,7.3163570524768e-10,-0.01787634302219,0.985737501532345,0.994193115509868
"166","DRD2_MSN_B","Anorexia",0.15736201634615,0.174447646619828,0.0151222042070251,1.10857531360105,0.0960981853064254,0.265083114125953,1.30403808100197e-09,4.9245808211308e-09,0.264801843723732,0.791162116496879,0.936286528398673
"168","DRD2_MSN_B","Autism",0.15736201634615,0.189347108503222,0.0210801589078635,1.20325802185144,0.133959639036992,0.143910919153837,2.75263719101889e-09,5.31356789313063e-09,0.518039337481223,0.604430823500711,0.825479011387833
"169","DRD2_MSN_B","BMI",0.15736201634615,0.189376433141053,0.00713100412078495,1.20344437328815,0.0453159173119569,8.72800941923442e-06,-6.28789247969315e-10,1.99510577191215e-09,-0.31516587081329,0.752635717181387,0.921984826563414
"170","DRD2_MSN_B","Bipolar",0.15736201634615,0.23428206506272,0.0117803681167262,1.48880950119099,0.0748615732707243,2.45941558933007e-09,1.05272289731449e-08,2.95728445115713e-09,3.55976205434881,0.000371190968168528,0.0247460645445685
"175","DRD2_MSN_B","Epilepsy",0.15736201634615,0.195603492335211,0.0170439084531312,1.24301592517054,0.108310180873887,0.0206766441483577,1.24703531393721e-10,1.26258877705265e-08,0.00987681291487677,0.992119571590004,0.996770651824998
"176","DRD2_MSN_B","Age of smoking",0.15736201634615,0.200235429492133,0.0141130621619094,1.27245083751135,0.0896853159968721,0.00294132103534518,9.63738409595374e-10,9.1154403753619e-10,1.05725929841005,0.290393263428528,0.617858007294739
"177","DRD2_MSN_B","Cigarettes per day",0.15736201634615,0.19465715303688,0.0137163755239805,1.2370021531034,0.0871644621902181,0.00411647045040113,5.1416499615601e-10,1.64995522591107e-09,0.311623605344865,0.755326592479306,0.921984826563414
"178","DRD2_MSN_B","Drinks per week",0.15736201634615,0.200415048059091,0.0115940467933454,1.27359227285343,0.0736775434285358,0.000332775841395916,7.48984046560222e-10,6.97420927285345e-10,1.07393400062654,0.282852263114699,0.605031578854972
"179","DRD2_MSN_B","Smoking cessation",0.15736201634615,0.203126151694482,0.0104837265933044,1.29082072288438,0.0666217098428841,2.26844228709823e-05,1.5608315886619e-09,1.04222311940687e-09,1.49759831613616,0.134237644526917,0.406780740990657
"180","DRD2_MSN_B","Smoking initiation",0.15736201634615,0.197557954021427,0.009291087797432,1.25543608685629,0.0590427602109161,2.13427734565633e-05,1.5906227635518e-09,7.77465010478248e-10,2.04590913046151,0.040765311862066,0.199450085793111
"181","DRD2_MSN_B","Height",0.15736201634615,0.171786753944312,0.0109269687843613,1.09166594285645,0.0694384136532995,0.189786583559124,-1.97746922504435e-08,7.5282526387934e-09,-2.6267306902725,0.00862095340754666,0.0841068625126503
"183","DRD2_MSN_B","Intelligence",0.15736201634615,0.207728097200829,0.00964701822651751,1.32006504507345,0.0613046175342397,6.28352942308134e-07,5.65723181431449e-09,2.34771761104281e-09,2.40967303209931,0.0159668227398197,0.118272761035702
"184","DRD2_MSN_B","Depression",0.15736201634615,0.198528664133168,0.0106966975678365,1.26160472992709,0.0679750921868398,0.000169163085502771,1.83198791579261e-09,9.16981658058413e-10,1.99784575808375,0.0457333847606842,0.207879021639474
"192","DRD2_MSN_B","Type 2 Diabetes",0.15736201634615,0.223814317257951,0.0300962918888548,1.42228933293296,0.191255123616692,0.0253017520461849,5.02797298806803e-09,3.57756748486725e-09,1.40541667189672,0.159897412002258,0.451589076924201
"193","DRD2_MSN_B","Parkinson Disease",0.15736201634615,0.199808395698062,0.0549872502118056,1.26973713439552,0.349431530483505,0.443226980306738,-4.61458241607516e-10,4.72891549769597e-09,-0.0975822557692876,0.922264015095437,0.975940756714748
"196","DRD2_MSN_B","Schizophrenia",0.15736201634615,0.223488803108426,0.0118887571605949,1.42022076418248,0.0755503611141024,1.27896845865334e-07,1.78436800902004e-08,5.72441026955193e-09,3.1171211094199,0.00182626530751625,0.0405836735003611
"199","DRD2_MSN_B","Education Years",0.15736201634615,0.199909582103557,0.00719210670154669,1.27038015110212,0.045704210384075,1.80143659842576e-08,3.02044886301193e-09,1.31042270212112e-09,2.3049424114241,0.0211697989109019,0.13657934781227
"200","DRD2_MSN_B","Neuroticism",0.15736201634615,0.199765058749339,0.00940105478126689,1.26946173789433,0.0597415755056629,1.17818865997259e-05,2.96883676181338e-09,1.40368359206781e-09,2.11503274569156,0.034427156501983,0.190130775277852
"201","Oligo","ADHD",0.135429871942688,0.129270519981349,0.00980101593799709,0.954519989770462,0.0723696758876415,0.529774917417208,-3.04505530616627e-09,2.49272563458042e-09,-1.22157660029794,0.221867781968101,0.548158598016756
"205","Oligo","Alzheimer Disease",0.135429871942688,0.307902666525552,0.0378080127791523,2.27352106377131,0.279170409281286,3.25707534907966e-06,2.34439914027427e-09,1.02755226402933e-09,2.28153761355281,0.0225166535962895,0.140729084976809
"206","Oligo","Anorexia",0.135429871942688,0.116380517313213,0.0151888321733596,0.85934155916845,0.112152747067407,0.205055565429699,-9.3163912576203e-09,5.41331298423732e-09,-1.72101470665895,0.0852481552324994,0.312837266908255
"208","Oligo","Autism",0.135429871942688,0.14937243134584,0.0183474621231286,1.10295039937018,0.135475740026492,0.445397438400511,3.01722141913649e-09,5.61874712320978e-09,0.536991851203451,0.591273242855459,0.823741969788883
"209","Oligo","BMI",0.135429871942688,0.154993368362126,0.00721953250147131,1.14445480999729,0.0533082723767658,0.00640962203266124,-2.05429513260989e-09,2.11450216015613e-09,-0.97152661809445,0.331286104671943,0.639830937434106
"210","Oligo","Bipolar",0.135429871942688,0.157250238036118,0.00933925990091084,1.1611192994605,0.0689601176383236,0.0207821090521008,-3.55915625589055e-09,2.70754172835807e-09,-1.31453422069654,0.188666489873113,0.499287932849003
"215","Oligo","Epilepsy",0.135429871942688,0.198078873978651,0.0200144737717213,1.46259367403431,0.147784779566145,0.00512745714870423,1.83098680019483e-08,2.06962676070939e-08,0.884694204266686,0.376321582415792,0.666486791958454
"216","Oligo","Age of smoking",0.135429871942688,0.150691810885694,0.0130851013023644,1.11269255980294,0.096619018497646,0.243349871565557,-3.94959832620539e-12,9.75836221810609e-10,-0.00404739877238532,0.996770651824998,0.996770651824998
"217","Oligo","Cigarettes per day",0.135429871942688,0.163584730621421,0.0157271664776733,1.20789252972674,0.116127751227062,0.0741014584223745,-1.13701341757871e-10,1.84396431039504e-09,-0.0616613570647211,0.950832513976849,0.982772624265477
"218","Oligo","Drinks per week",0.135429871942688,0.165069051791684,0.0113184344533671,1.21885260189524,0.0835741353883648,0.00975020992875412,1.62029712529842e-10,7.60516514175905e-10,0.213052194803971,0.831286251551766,0.941967423854693
"219","Oligo","Smoking cessation",0.135429871942688,0.144545734421988,0.00855935557805115,1.06731057445847,0.0632013857450398,0.280651853063248,-9.58211355199172e-10,9.94764493713726e-10,-0.963254480084938,0.335419830875858,0.639830937434106
"220","Oligo","Smoking initiation",0.135429871942688,0.142223819347363,0.0105668864419658,1.05016579656481,0.0780247835310486,0.520966464880304,1.95931613175987e-10,1.02766308846991e-09,0.190657439558046,0.848793985253426,0.945688716734556
"221","Oligo","Height",0.135429871942688,0.199791034994134,0.0112102966123422,1.47523609177363,0.0827756568882104,2.73578454245037e-08,-6.92136679849946e-09,8.88182879847929e-09,-0.779272710107237,0.435819086728582,0.720362126824102
"223","Oligo","Intelligence",0.135429871942688,0.143746623803194,0.00742205058630886,1.0614100252862,0.0548036447191635,0.263283942939392,-3.18894776941136e-09,2.06863123264524e-09,-1.54157382866811,0.123177189382512,0.383214709854282
"224","Oligo","Depression",0.135429871942688,0.129790102285525,0.0084574370589454,0.958356531123733,0.0624488300670068,0.505804381058137,-6.13863181675649e-10,8.87534813435245e-10,-0.691649693491643,0.489157346326778,0.752549763579659
"232","Oligo","Type 2 Diabetes",0.135429871942688,0.168242197363204,0.0298536532227989,1.24228277668609,0.220436250840085,0.253812479037974,-2.37369162707038e-09,4.22590209519828e-09,-0.561700572705532,0.574320044082943,0.823741969788883
"233","Oligo","Parkinson Disease",0.135429871942688,0.243532090840205,0.0371023107011955,1.79821547009411,0.273959578998176,0.00071395167931054,4.43724767645866e-09,2.85257166057016e-09,1.55552540109431,0.119820989820299,0.383088466723523
"236","Oligo","Schizophrenia",0.135429871942688,0.168290638430736,0.00918870397920242,1.24264046045879,0.0678484284699832,0.000468423567566405,5.14402558733649e-09,5.33070967909926e-09,0.964979504981349,0.334555077273979,0.639830937434106
"239","Oligo","Education Years",0.135429871942688,0.147549103803818,0.0067208785656288,1.08948713963385,0.0496262639048569,0.0706457380120429,-3.3226882317874e-10,1.37155231947131e-09,-0.242257490626985,0.808580650348834,0.941967423854693
"240","Oligo","Neuroticism",0.135429871942688,0.135349377729652,0.00925483689371644,0.999405639155668,0.0683367469891206,0.99305334038427,-1.17734234967433e-09,1.58152503417004e-09,-0.744434848792758,0.456613442703463,0.725647494184508
"241","DRD1_MSN_A","ADHD",0.150926019587802,0.147856457989271,0.0123206955497948,0.979661813072963,0.0816340057429742,0.802915637258283,-2.67477206059538e-09,2.80738337190996e-09,-0.952763376515846,0.340709974183662,0.639830937434106
"245","DRD1_MSN_A","Alzheimer Disease",0.150926019587802,0.21248119001421,0.0323366916474221,1.40784995585601,0.214255247277691,0.047866052529425,-4.20686842075991e-10,8.6045819460754e-10,-0.488910262825573,0.624905229583827,0.830457398832966
"246","DRD1_MSN_A","Anorexia",0.150926019587802,0.163883679416704,0.0160303005762177,1.08585437994251,0.106212968578901,0.422327451370387,4.90831336494497e-09,5.24098163593459e-09,0.936525579729437,0.349002648638856,0.649307253281593
"248","DRD1_MSN_A","Autism",0.150926019587802,0.158362328044314,0.0197721501201257,1.04927121563811,0.131005575937973,0.709991652502201,-8.16497895138769e-10,5.04035706307043e-09,-0.161992074157021,0.871312095341296,0.946719352323019
"249","DRD1_MSN_A","BMI",0.150926019587802,0.177789111506158,0.00791549559716494,1.17798847403332,0.0524461959494007,0.000739328204652625,1.52388942130027e-09,2.1947784832752e-09,0.694324932066136,0.487478458867176,0.752549763579659
"250","DRD1_MSN_A","Bipolar",0.150926019587802,0.191320235855045,0.0104287225051856,1.26764249383615,0.0690982412023306,0.000202758731428575,3.2812494263132e-09,2.69911329872588e-09,1.21567680314202,0.224108064082187,0.548158598016756
"255","DRD1_MSN_A","Epilepsy",0.150926019587802,0.184915995320418,0.0179141623945502,1.22520951539998,0.118694990058547,0.0486276232515662,4.33903532148664e-10,1.38967889346152e-08,0.0312232944020516,0.975091462722671,0.994193115509868
"256","DRD1_MSN_A","Age of smoking",0.150926019587802,0.16900143256535,0.0132961202928732,1.1197633981663,0.0880969386801998,0.171629953920459,2.2037460075406e-10,8.75406462484733e-10,0.251739746275752,0.801242233021643,0.939873587122162
"257","DRD1_MSN_A","Cigarettes per day",0.150926019587802,0.174057174968514,0.0136387590457724,1.15326154790199,0.0903671817690652,0.0959148993115458,-3.82517865788091e-10,1.69389330921779e-09,-0.225821699457997,0.821340099250977,0.941967423854693
"258","DRD1_MSN_A","Drinks per week",0.150926019587802,0.199953279373258,0.0121593849946286,1.32484299207888,0.0805652002738658,8.31290073215609e-05,1.97154277303367e-09,6.69625063021708e-10,2.94424877727397,0.0032373965586958,0.0539566093115967
"259","DRD1_MSN_A","Smoking cessation",0.150926019587802,0.176382698753617,0.00949121586201499,1.16866991679328,0.0628865445993787,0.00934692500199037,3.54215359314942e-10,9.74259725524629e-10,0.363573850006168,0.716176256937461,0.897720260045963
"260","DRD1_MSN_A","Smoking initiation",0.150926019587802,0.150199746375001,0.00812009528376922,0.995187885993519,0.0538018249334756,0.928748178969429,-3.94418549364192e-10,7.23715851115109e-10,-0.544990894916102,0.585759779811579,0.823741969788883
"261","DRD1_MSN_A","Height",0.150926019587802,0.168226318864104,0.0105666616319098,1.11462767867033,0.0700121931312357,0.10192991903152,-1.60013003186299e-08,7.73919985364859e-09,-2.06756520327954,0.0386809269745247,0.199450085793111
"263","DRD1_MSN_A","Intelligence",0.150926019587802,0.177457744961791,0.00833557103792167,1.17579291792397,0.0552295161608793,0.00177245086770843,2.92251828176197e-09,1.95035441204113e-09,1.49845498014047,0.134015081006131,0.406780740990657
"264","DRD1_MSN_A","Depression",0.150926019587802,0.165911333453198,0.0113596429461218,1.09928913454634,0.0752662991917922,0.191251490313513,8.99341649819838e-10,1.00897824185627e-09,0.891338992766856,0.372747335925407,0.666486791958454
"272","DRD1_MSN_A","Type 2 Diabetes",0.150926019587802,0.224784287908956,0.0333678192584277,1.48936736371151,0.221087254202817,0.0223731572200618,7.63402676134419e-09,4.140235326551e-09,1.84386300758988,0.0652031074104331,0.263446898628012
"273","DRD1_MSN_A","Parkinson Disease",0.150926019587802,0.232814251127569,0.0359822855710094,1.54257199496425,0.238410087732265,0.018931409214487,2.87952489972841e-09,2.92683191591029e-09,0.983836784092478,0.325195769971547,0.639830937434106
"276","DRD1_MSN_A","Schizophrenia",0.150926019587802,0.186734836195913,0.00930282149787525,1.237260723538,0.0616382882373924,0.000181889449739842,8.57040354791394e-09,4.75242425769178e-09,1.80337509515123,0.0713293261831154,0.279169931470499
"279","DRD1_MSN_A","Education Years",0.150926019587802,0.178771555910899,0.00674931735077444,1.18449791758338,0.0447193755537163,8.06899179428399e-05,2.88411420939555e-09,1.24014692212909e-09,2.32562300315522,0.0200386713170532,0.13657934781227
"280","DRD1_MSN_A","Neuroticism",0.150926019587802,0.176848021323505,0.00850396195489182,1.17175303374792,0.0563452344275509,0.00240798923020774,2.76562716957851e-09,1.36256048705686e-09,2.02972799802253,0.0423841953230538,0.199450085793111
"281","Excitatory","ADHD",0.162186245996794,0.180135446278704,0.0115327752743749,1.11067029865322,0.0711082200805297,0.12226250379483,1.00519930725686e-09,2.4906428765593e-09,0.403590300607645,0.686514019367632,0.880146178676451
"285","Excitatory","Alzheimer Disease",0.162186245996794,0.261115057323229,0.0251290063550972,1.60997041221603,0.154939194755109,3.94203136860012e-05,1.58583619220924e-09,6.87268972499379e-10,2.30744621926122,0.0210299571292802,0.13657934781227
"286","Excitatory","Anorexia",0.162186245996794,0.140337555376948,0.0155363191773472,0.865286415099112,0.0957930746954609,0.152468885936324,-7.73135918038128e-09,4.81396629894482e-09,-1.60602686023704,0.108268008399768,0.363926078654684
"288","Excitatory","Autism",0.162186245996794,0.156533708293944,0.0215950211193367,0.965147860300301,0.13314952193766,0.79201122393912,-5.44551551684374e-09,5.44168463205622e-09,-1.00070398875469,0.316969938445586,0.638523423795865
"289","Excitatory","BMI",0.162186245996794,0.216007345990955,0.010265931813021,1.33184749830899,0.063297178807776,1.62310111572795e-06,8.78330436820853e-09,3.28751331524403e-09,2.67171674331501,0.00754643197286783,0.0794361260301877
"290","Excitatory","Bipolar",0.162186245996794,0.22631018873481,0.0127542989074451,1.39537226072354,0.0786398305790819,2.67846431620223e-06,9.28642034639333e-09,3.21052514983713e-09,2.89249263375633,0.00382198144363549,0.0548925220698446
"295","Excitatory","Epilepsy",0.162186245996794,0.213486395922983,0.0188501541046725,1.31630394803764,0.116225355539983,0.00464408702098239,1.70091709188394e-08,1.41846107264609e-08,1.19912849544114,0.230477985512497,0.555368639789149
"296","Excitatory","Age of smoking",0.162186245996794,0.211586057277857,0.0146739569843625,1.30458693323502,0.0904759641865848,0.000861628276104641,1.94250967037798e-09,9.07126529886191e-10,2.14138778481288,0.0322427791769683,0.181839570703509
"297","Excitatory","Cigarettes per day",0.162186245996794,0.217437725825838,0.013674767113242,1.34066686413185,0.0843152082915366,7.41688355491396e-05,3.28826963848422e-09,1.47510567788706e-09,2.22917563655122,0.0258022209154327,0.156377096457168
"298","Excitatory","Drinks per week",0.162186245996794,0.182855903282532,0.012220848849461,1.12744395900345,0.0753507103783795,0.0916310548142385,5.558387239064e-11,6.67973668747371e-10,0.0832126698869351,0.933682438567579,0.979346423890869
"299","Excitatory","Smoking cessation",0.162186245996794,0.19783505343653,0.0116335424763128,1.21980166826502,0.0717295255514012,0.00332292850892676,1.05591834120511e-09,1.07530472645064e-09,0.981971263802101,0.326114005341039,0.639830937434106
"300","Excitatory","Smoking initiation",0.162186245996794,0.179614600008227,0.00898869627989418,1.10745889026729,0.0554220626086375,0.051255202246041,5.6215865893815e-10,7.56062271497374e-10,0.743534864958676,0.45715792133624,0.725647494184508
"301","Excitatory","Height",0.162186245996794,0.161054084829461,0.0117272775905296,0.99301937620928,0.0723074729207398,0.922705591123797,-2.01046658334897e-08,7.77099816296112e-09,-2.58714072656901,0.00967760587671178,0.0921676750163027
"303","Excitatory","Intelligence",0.162186245996794,0.20694853594918,0.00894543228148754,1.27599313170656,0.0551553075694495,1.55824227744846e-06,6.61915336633771e-09,2.18829469173617e-09,3.02479980933745,0.00248797747257539,0.0473900470966741
"304","Excitatory","Depression",0.162186245996794,0.18396284721396,0.0116223929589732,1.13426909959798,0.0716607804042951,0.063877492735125,7.20990695859559e-10,1.00951581699286e-09,0.714194551212921,0.475106885710288,0.745265703074961
"312","Excitatory","Type 2 Diabetes",0.162186245996794,0.184112927540533,0.0303472689220791,1.13519445751382,0.187113702124156,0.465263573000255,1.91735236337187e-09,3.71961601260166e-09,0.515470510094613,0.606224271718069,0.825479011387833
"313","Excitatory","Parkinson Disease",0.162186245996794,0.245314659441881,0.0497922746484906,1.51254909400104,0.307006764614769,0.100532572671029,4.03718955035529e-09,4.27527676431354e-09,0.944310689790753,0.345010904894491,0.64488019606447
"316","Excitatory","Schizophrenia",0.162186245996794,0.20480944693343,0.00924434577084498,1.26280404157994,0.0569983336998116,9.22320423361424e-06,1.00732239270946e-08,4.61980356215148e-09,2.18044420971082,0.0292245500817044,0.171909118127673
"319","Excitatory","Education Years",0.162186245996794,0.20521134364317,0.00818457300765295,1.26528203659901,0.0504640387805435,5.61881033402831e-07,4.73674230338509e-09,1.48548219529026e-09,3.18869005525814,0.0014291902592137,0.0357297564803425
"320","Excitatory","Neuroticism",0.162186245996794,0.205562381155149,0.00967543228283634,1.26744644647126,0.059656305769773,1.24670607002935e-05,4.45772092266952e-09,1.46201025421036e-09,3.04903533325569,0.00229577478626746,0.0473900470966741
"321","DRD1_MSN_C","ADHD",0.142867519554503,0.147578508626216,0.0111666014818028,1.03297452833508,0.0781605330352423,0.673203060151417,-1.38393064106889e-09,2.77195655569437e-09,-0.499261302716276,0.617595312874023,0.828986997146339
"325","DRD1_MSN_C","Alzheimer Disease",0.142867519554503,0.202743609575413,0.0236465550109736,1.41910218787041,0.165513862665983,0.0100436465836298,-6.22987226109451e-10,7.56152776780864e-10,-0.82389068087757,0.410001676036773,0.696683675278914
"326","DRD1_MSN_C","Anorexia",0.142867519554503,0.150260697725917,0.0156366240084781,1.05174848835108,0.109448418067571,0.638125058278429,2.04979249804563e-09,5.45552413126889e-09,0.375727876685035,0.707119211268476,0.890631854469757
"328","DRD1_MSN_C","Autism",0.142867519554503,0.174459433475612,0.020861706337853,1.2211273354477,0.146021337830356,0.142777290939543,5.52659271658793e-09,5.73175935695739e-09,0.964205294117866,0.334943010670683,0.639830937434106
"329","DRD1_MSN_C","BMI",0.142867519554503,0.168885566322637,0.00704076774568355,1.18211309924933,0.0492817945439135,0.000205729491138958,3.63057216486429e-11,2.18394885478345e-09,0.0166238882239039,0.986736667143544,0.994193115509868
"330","DRD1_MSN_C","Bipolar",0.142867519554503,0.202767730549541,0.0109616780535176,1.41927102242569,0.0767261732246693,3.33100634527042e-07,8.22271564532453e-09,3.05446447912658e-09,2.69203184437614,0.00710181639136766,0.0767763934201909
"335","DRD1_MSN_C","Epilepsy",0.142867519554503,0.210540138486998,0.0178962672647412,1.4736739263306,0.125264772010785,3.52498520702676e-05,2.777042245541e-08,1.31497754997994e-08,2.11185525226903,0.034698866488208,0.190130775277852
"336","DRD1_MSN_C","Age of smoking",0.142867519554503,0.162589403883194,0.0128240576180126,1.13804316327594,0.0897618833028059,0.123022645843189,1.43231141556883e-10,8.83561020668561e-10,0.162106677644635,0.87122184775218,0.946719352323019
"337","DRD1_MSN_C","Cigarettes per day",0.142867519554503,0.175072059481158,0.0114394531927328,1.22541540601445,0.080070356288147,0.00440576679580981,4.52841430143581e-10,1.53130890271167e-09,0.295721803315896,0.76744254488754,0.924231682304172
"338","DRD1_MSN_C","Drinks per week",0.142867519554503,0.185834682729214,0.011868255771656,1.30074829680458,0.0830717563282701,0.000404454625082602,1.32070169126499e-09,7.07574737487089e-10,1.86651899975314,0.0619687883684727,0.262256799644469
"339","DRD1_MSN_C","Smoking cessation",0.142867519554503,0.162370557795725,0.00969702112655609,1.13651135192966,0.0678742177143823,0.0457538215220929,-2.48277460400297e-10,1.04609223204204e-09,-0.237338021252335,0.812394567898331,0.941967423854693
"340","DRD1_MSN_C","Smoking initiation",0.142867519554503,0.162422453574491,0.00844396948954521,1.13687459599611,0.0591034933333739,0.0210033350827638,1.13033314878395e-09,7.8532962367715e-10,1.43931046875755,0.150062578067364,0.441464945376643
"341","DRD1_MSN_C","Height",0.142867519554503,0.157655556346771,0.00997389397142869,1.10350873899387,0.0698121868604552,0.139853092874408,-2.47623937629628e-08,7.5359021751968e-09,-3.28592293096164,0.00101648817547566,0.0312765592454048
"343","DRD1_MSN_C","Intelligence",0.142867519554503,0.185512988533689,0.00903513032094253,1.29849660099207,0.0632413185944318,3.0253482812613e-06,6.8679195140711e-09,2.26704524651106e-09,3.02945850976759,0.00244992552125831,0.0473900470966741
"344","DRD1_MSN_C","Depression",0.142867519554503,0.157891890531216,0.0106516174054935,1.10516295812766,0.0745559063299195,0.163484932218747,7.5356416932476e-10,9.99694663568042e-10,0.753794330195972,0.450972729032811,0.725647494184508
"352","DRD1_MSN_C","Type 2 Diabetes",0.142867519554503,0.143487846025051,0.0286852600045848,1.00434196990668,0.200782235836618,0.982687123957999,-3.1603395113561e-09,3.80521248398439e-09,-0.830529050521497,0.406239730007596,0.69563195224389
"353","DRD1_MSN_C","Parkinson Disease",0.142867519554503,0.211354999583083,0.0341695897576971,1.47937753971051,0.239169755758667,0.0436411310702911,1.68083022202333e-09,3.09949197515207e-09,0.542292167715925,0.587617250339241,0.823741969788883
"356","DRD1_MSN_C","Schizophrenia",0.142867519554503,0.182394719892233,0.010096817185355,1.27667030589588,0.0706725868611668,0.000158944275108072,9.90472970868426e-09,5.13239022649847e-09,1.92984735602259,0.0536257538692814,0.235717599425413
"359","DRD1_MSN_C","Education Years",0.142867519554503,0.183234666483938,0.00785315777022939,1.28254950499113,0.0549681116793904,6.56198870453442e-07,5.21710618789e-09,1.5127541198189e-09,3.44874697053516,0.000563194179322217,0.0250308524143207
"360","DRD1_MSN_C","Neuroticism",0.142867519554503,0.17470389348973,0.00858907527862635,1.22283843125786,0.0601191600820765,0.000269502926469194,3.55184169318859e-09,1.45504397637111e-09,2.4410545322808,0.0146444432150886,0.115746672461877
"361","Astrocyte_A","ADHD",0.131611822466067,0.138258558661776,0.0104087239610843,1.05050257698105,0.0790865422729629,0.523581362995828,-1.44321069463543e-09,2.84619866277362e-09,-0.507066043390316,0.612108479782574,0.825479011387833
"365","Astrocyte_A","Alzheimer Disease",0.131611822466067,0.225462321973926,0.0472412274295789,1.71308563128556,0.358943646128438,0.0401504680134635,-8.62351926931369e-10,1.24307454565541e-09,-0.69372503036549,0.487854665712188,0.752549763579659
"366","Astrocyte_A","Anorexia",0.131611822466067,0.15981812094657,0.0166935066297433,1.21431432185946,0.12683895957787,0.102953986084726,6.94580052945277e-09,6.09828264791701e-09,1.13897648411315,0.254712962583677,0.573691935680395
"368","Astrocyte_A","Autism",0.131611822466067,0.142735480750906,0.0211442035863304,1.08451868590838,0.160655807283437,0.605550396150653,-5.01704199996182e-10,5.80308100536164e-09,-0.0864547986720575,0.931104886911679,0.979346423890869
"369","Astrocyte_A","BMI",0.131611822466067,0.155778067441086,0.00698036664975608,1.18361758482031,0.053037535070649,0.000568987510013908,-2.02206158834115e-09,2.20953666415285e-09,-0.915151860182608,0.360111912803971,0.654748932370856
"370","Astrocyte_A","Bipolar",0.131611822466067,0.155826572717109,0.00960296069877748,1.18398613283609,0.0729642711334185,0.0132646754059542,-3.3062241469694e-09,2.75658785257229e-09,-1.19939008796118,0.230376299958238,0.555368639789149
"375","Astrocyte_A","Epilepsy",0.131611822466067,0.155266824032312,0.0193629110435014,1.17973310545368,0.147121365548248,0.216628955379897,-2.27567741608473e-08,1.69253517379375e-08,-1.3445377391974,0.178774561226072,0.483174489800195
"376","Astrocyte_A","Age of smoking",0.131611822466067,0.140012702018831,0.014168112705535,1.06383073644414,0.107650759939806,0.556034439044092,-1.17495929848228e-09,1.04492475620842e-09,-1.12444392909753,0.260824744856927,0.573691935680395
"377","Astrocyte_A","Cigarettes per day",0.131611822466067,0.168673596894213,0.0133637016315574,1.28159912790282,0.101538762864581,0.0103586716865639,3.2937387710323e-10,1.49161446094781e-09,0.220817031295029,0.825234901843571,0.941967423854693
"378","Astrocyte_A","Drinks per week",0.131611822466067,0.16440049010376,0.014577061796778,1.24913162832424,0.110757996687846,0.0295657802831183,2.04408914483114e-11,1.0107841788436e-09,0.0202228051013788,0.98386563576421,0.994193115509868
"379","Astrocyte_A","Smoking cessation",0.131611822466067,0.182899354270927,0.0111515239500551,1.38968787791145,0.0847304120640851,3.30082556567126e-05,2.81363581146747e-09,1.16058026319358e-09,2.42433539557632,0.0153364341011988,0.115746672461877
"380","Astrocyte_A","Smoking initiation",0.131611822466067,0.137370798880925,0.008696762117729,1.04375728796205,0.0660788822369755,0.50920860482089,-4.22717634046848e-10,8.57624990129636e-10,-0.492893326234525,0.622087963097783,0.830457398832966
"381","Astrocyte_A","Height",0.131611822466067,0.217090437938015,0.0152924965117252,1.64947520572466,0.116193942346387,4.36947502598279e-07,6.30268877865407e-09,1.22118948639446e-08,0.516110632205213,0.605777142498723,0.825479011387833
"383","Astrocyte_A","Intelligence",0.131611822466067,0.14042359439759,0.00731173628173311,1.06695273848817,0.0555553152044395,0.229193237416677,-4.16317158007418e-09,2.05148880147784e-09,-2.02934160648362,0.0424235082783104,0.199450085793111
"384","Astrocyte_A","Depression",0.131611822466067,0.142460874381279,0.00926184553359916,1.08243219880956,0.0703724434481338,0.24463183311505,7.40470476927982e-10,9.32026171922269e-10,0.794473909891167,0.426919591711014,0.708580235205003
"392","Astrocyte_A","Type 2 Diabetes",0.131611822466067,0.203299238152341,0.0306952486230755,1.54468826844759,0.233225617941651,0.0189737329100121,2.06988290113442e-09,4.43247211611899e-09,0.466981595576687,0.640513045674397,0.840017109081176
"393","Astrocyte_A","Parkinson Disease",0.131611822466067,0.202180157731424,0.02963838611048,1.53618538170118,0.225195469184552,0.0115722336333934,7.18358128187809e-10,2.55373627350157e-09,0.281296912152494,0.778482678482452,0.924231682304172
"396","Astrocyte_A","Schizophrenia",0.131611822466067,0.146482196176167,0.00869762576182619,1.1129866104083,0.0660854442925797,0.0901721118567669,-7.02047692356512e-09,5.10906740605118e-09,-1.37412102162717,0.169404114265674,0.467321694525998
"399","Astrocyte_A","Education Years",0.131611822466067,0.144692371240881,0.0080106195401784,1.09938733868825,0.0608655012147083,0.103828947665555,-9.88676845159103e-10,1.64599103951454e-09,-0.600657489272054,0.548068138747399,0.80009947262394
"400","Astrocyte_A","Neuroticism",0.131611822466067,0.15353962473159,0.00876304067699019,1.16660966966836,0.0665824734647186,0.013612601322453,1.75229265931429e-09,1.54235750933829e-09,1.13611315710199,0.255909209250821,0.573691935680395
"401","Inh_E","ADHD",0.133753352326284,0.129809051619723,0.0111230538542787,0.970510640384255,0.0831609351154403,0.722436344992243,-2.78434369675467e-09,2.78638632727384e-09,-0.999266924869972,0.317665403338443,0.638523423795865
"405","Inh_E","Alzheimer Disease",0.133753352326284,0.209790453505066,0.0230097751828704,1.56848744241784,0.172031390486118,0.000524287424883068,-6.32416017615405e-11,7.8098112733187e-10,-0.0809771190983808,0.935460149049393,0.979346423890869
"406","Inh_E","Anorexia",0.133753352326284,0.108580355105419,0.0141094681641895,0.811795392167387,0.105488706778505,0.073719842766068,-9.46478102329988e-09,5.28631622716085e-09,-1.79043035198505,0.0733847545608205,0.279169931470499
"408","Inh_E","Autism",0.133753352326284,0.158216097574236,0.0217429094166923,1.18289444580257,0.162559734305961,0.277133540064653,3.59829634646026e-09,6.50625437509374e-09,0.553051900373695,0.580227871697512,0.823741969788883
"409","Inh_E","BMI",0.133753352326284,0.163453121864831,0.00901546938680323,1.22204878623226,0.0674036891786493,0.000964764987962865,3.31020908940359e-09,2.70458593243216e-09,1.22392453858059,0.22098069575037,0.548158598016756
"410","Inh_E","Bipolar",0.133753352326284,0.168172901048068,0.0107830836734472,1.25733597044969,0.0806191656949457,0.00196327604527833,2.52513105335191e-09,3.04495959441454e-09,0.829282286038815,0.406944692062676,0.69563195224389
"415","Inh_E","Epilepsy",0.133753352326284,0.190592108775301,0.0198734120859879,1.42495201399036,0.148582534496091,0.00402510044147509,2.32354152705693e-08,1.70808280718161e-08,1.36032135988234,0.173728251915346,0.475967813466701
"416","Inh_E","Age of smoking",0.133753352326284,0.155945803819423,0.0132104307530697,1.1659207123198,0.0987671002132607,0.0909669691595383,5.77900540877527e-10,9.61533991210750e-10,0.601019356736253,0.547827093837953,0.80009947262394
"417","Inh_E","Cigarettes per day",0.133753352326284,0.192305135252516,0.0213889173018858,1.43775936758129,0.159913130623512,0.00974108930035545,4.27299559764963e-09,2.59891844260794e-09,1.64414378211954,0.100146506103266,0.345332779666435
"418","Inh_E","Drinks per week",0.133753352326284,0.173984917384989,0.0114221820666661,1.30078920908511,0.0853973516776033,0.000548689361730735,1.3572645206785e-09,7.29988903066988e-10,1.85929473033915,0.0629853735356186,0.262256799644469
"419","Inh_E","Smoking cessation",0.133753352326284,0.162625291192273,0.0144969836024078,1.21585955315391,0.108385945849366,0.0555888835725974,8.38386448516086e-10,1.5216745501666e-09,0.550963048192068,0.581659005665793,0.823741969788883
"420","Inh_E","Smoking initiation",0.133753352326284,0.141815748173993,0.00841286944911851,1.06027808430581,0.0628983820053778,0.338118116820917,5.32010372174282e-10,7.91780344872543e-10,0.67191661881923,0.501636779881016,0.762945672822838
"421","Inh_E","Height",0.133753352326284,0.15402167320403,0.0101661323638792,1.15153504959115,0.0760065612342892,0.0439574573155983,-1.75714443914856e-08,8.67785754546026e-09,-2.02485974210051,0.0428817684455189,0.199450085793111
"423","Inh_E","Intelligence",0.133753352326284,0.147918970953564,0.00765997305078668,1.1059085128029,0.0572693911409456,0.0641218803986068,2.4410076659614e-10,2.17371228400595e-09,0.112296723164431,0.910588139906805,0.966141262500589
"424","Inh_E","Depression",0.133753352326284,0.157985831729839,0.0106455406334173,1.18117287516235,0.0795908322914259,0.023535370817445,2.14769815485937e-09,1.14477392543912e-09,1.87608933705889,0.0606430136251556,0.260830166129701
"432","Inh_E","Type 2 Diabetes",0.133753352326284,0.165771211344743,0.027427198092275,1.23937986197425,0.205058023707457,0.249473861900597,2.27321729748765e-09,3.77083403721401e-09,0.602842043710617,0.54661377427096,0.80009947262394
"433","Inh_E","Parkinson Disease",0.133753352326284,0.193045490793349,0.0277163486229327,1.44329459737521,0.207219842649776,0.0321928956159469,1.16917280497689e-09,2.70494956451322e-09,0.432234604413889,0.66557091122003,0.86492929693075
"436","Inh_E","Schizophrenia",0.133753352326284,0.160667850858076,0.00931987572516303,1.20122485204061,0.0696795673758343,0.00441523703715914,5.82415891864035e-09,5.3015492603262e-09,1.09857678060733,0.271952710221104,0.591201543958921
"439","Inh_E","Education Years",0.133753352326284,0.133975810992319,0.00699438122228209,1.00166320067621,0.0522931283637637,0.974625519161176,-2.31236488051104e-09,1.4866507946473e-09,-1.55541899203009,0.119846313819577,0.383088466723523
"440","Inh_E","Neuroticism",0.133753352326284,0.14835399126899,0.00874249208483176,1.10916091962382,0.0653627885415905,0.0970475169789425,1.26851827202941e-09,1.5472958273086e-09,0.819829181751172,0.412313492814662,0.696683675278914
"441","OPC","ADHD",0.167131593034173,0.17831824804288,0.0121977550379056,1.0669332159505,0.0729829400681383,0.359340626714151,-1.38653971682026e-10,2.54883440953865e-09,-0.054398972001921,0.956617297867477,0.984129864632698
"445","OPC","Alzheimer Disease",0.167131593034173,0.210238097763612,0.0250946569480054,1.25791954678865,0.150149092056307,0.0980804827255815,-9.41104272505048e-10,9.85095855239371e-10,-0.955342840495829,0.339404349549415,0.639830937434106
"446","OPC","Anorexia",0.167131593034173,0.175839143839164,0.0155066920232052,1.05209996893412,0.0927813332099012,0.575305277804768,1.41923539248486e-09,4.69040383622428e-09,0.302582771556686,0.762207845648485,0.921984826563414
"448","OPC","Autism",0.167131593034173,0.192966318909532,0.0213339517040341,1.15457715328589,0.127647629731334,0.243962260453686,3.79729846713469e-09,5.08174286749518e-09,0.747243330909894,0.454916692641511,0.725647494184508
"449","OPC","BMI",0.167131593034173,0.179903734285761,0.00754717339303581,1.07641967039096,0.0451570720772861,0.0873936144612514,-2.44866871025975e-09,1.94885245412752e-09,-1.25646695575833,0.208946719241937,0.532348329278819
"450","OPC","Bipolar",0.167131593034173,0.172895528850058,0.0100161538299643,1.03448741025705,0.0599297454665934,0.566007257861412,-5.47129610380731e-09,2.44766201056542e-09,-2.23531520291211,0.0253966626750597,0.156287154923444
"455","OPC","Epilepsy",0.167131593034173,0.171433083126653,0.0166714887713848,1.02573714529006,0.099750672321875,0.795500869322932,-2.14450453168077e-08,1.22247098696226e-08,-1.75423756845935,0.0793898083654312,0.294036327279375
"456","OPC","Age of smoking",0.167131593034173,0.197347410769198,0.0133675716491181,1.18079058056275,0.0799823145728341,0.0242312115146968,5.32190047723848e-10,7.99630571957071e-10,0.665544898341405,0.505702036306545,0.766215206525069
"457","OPC","Cigarettes per day",0.167131593034173,0.205000075617182,0.0164848841517431,1.22657884063407,0.0986341591824139,0.0319621965008993,1.47609325168562e-09,1.67867910150618e-09,0.879318298751206,0.379228716932603,0.666486791958454
"458","OPC","Drinks per week",0.167131593034173,0.172801399242371,0.0126617358665282,1.03392420370838,0.0757590808336236,0.653363500544985,-8.32456281677546e-10,7.14443322283476e-10,-1.16518169561286,0.243945453304519,0.567315007684927
"459","OPC","Smoking cessation",0.167131593034173,0.200657054195174,0.011001226566028,1.20059320055751,0.0658237402414908,0.0029959854656812,9.90669570197615e-10,1.03540771345726e-09,0.956791761662402,0.338672371275424,0.639830937434106
"460","OPC","Smoking initiation",0.167131593034173,0.187102337153377,0.0108492113382465,1.11949113723292,0.0649141861289393,0.0669230513469823,7.97259940065194e-10,8.2174814093863e-10,0.970199870673921,0.331946875186906,0.639830937434106
"461","OPC","Height",0.167131593034173,0.240753907483038,0.0154106440560385,1.4405050721548,0.0922066485232835,6.33819245456339e-06,2.26526636999343e-08,9.92012892838944e-09,2.2835049688827,0.0224006405037419,0.140729084976809
"463","OPC","Intelligence",0.167131593034173,0.175734707136634,0.0084520397828156,1.05147509184994,0.0505711674817065,0.307490230220776,-2.20562175812319e-09,1.94104640415778e-09,-1.13630552747151,0.255828718254209,0.573691935680395
"464","OPC","Depression",0.167131593034173,0.190116939222002,0.011067884942382,1.13752843355672,0.0662225779186997,0.0397887908827171,9.59073574888619e-10,9.45651080068864e-10,1.01419391898625,0.310490229706266,0.637334436293136
"472","OPC","Type 2 Diabetes",0.167131593034173,0.165726694485744,0.0321065803573286,0.991594057575084,0.19210359797602,0.964911980971795,-2.72075659160553e-09,3.6485346497253e-09,-0.745712142766791,0.455841322380719,0.725647494184508
"473","OPC","Parkinson Disease",0.167131593034173,0.238501216965313,0.0350527964379996,1.42702652823124,0.209731719788205,0.0402234709093107,2.36438894365437e-09,2.56917772331811e-09,0.920290146607977,0.357421156797722,0.652824030680771
"476","OPC","Schizophrenia",0.167131593034173,0.194895567299121,0.00953702958947192,1.16612044294504,0.0570629969853867,0.00429243672167321,2.2645462742231e-09,4.6320108152684e-09,0.488890541178904,0.624919192621807,0.830457398832966
"479","OPC","Education Years",0.167131593034173,0.17711821073756,0.00805518198397994,1.05975302168839,0.0481966445585958,0.217066630479709,-1.04802318053892e-09,1.40404430005994e-09,-0.746431704821695,0.45540667297167,0.725647494184508
"480","OPC","Neuroticism",0.167131593034173,0.189483605534254,0.00952994450522774,1.13373900226937,0.05702060473557,0.0207939345008608,1.35923226541203e-09,1.34150225064281e-09,1.0132165374756,0.310956743025533,0.637334436293136
"481","Inh_B","ADHD",0.14955598399573,0.16990818698886,0.0104161975590829,1.13608417697089,0.0696474810354649,0.0527450853932579,2.18673641346428e-09,2.4806406357928e-09,0.881520838573789,0.378035980187154,0.666486791958454
"485","Inh_B","Alzheimer Disease",0.14955598399573,0.247872576288695,0.0437443156408354,1.65738989284289,0.292494586121572,0.0188273507536443,9.78654891698852e-10,1.15598341715151e-09,0.846599421045658,0.397218436744834,0.684859373697989
"486","Inh_B","Anorexia",0.14955598399573,0.163663136985983,0.0180298991218741,1.09432690430265,0.120556186654416,0.437798511448403,4.14334081530544e-09,5.88306768876199e-09,0.704282363301746,0.481256947447117,0.74903805050135
"488","Inh_B","Autism",0.14955598399573,0.178076538365556,0.0207862193507426,1.19070152599605,0.138986209681427,0.168984559596004,4.05296159864617e-09,5.62615589848495e-09,0.720378473646204,0.471292000133176,0.74512569191016
"489","Inh_B","BMI",0.14955598399573,0.167890216772896,0.00816012878883936,1.12259110125403,0.0545623690261191,0.0237973603764138,-1.85894992647504e-09,2.33089160446e-09,-0.797527402354558,0.425144794820971,0.708580235205003
"490","Inh_B","Bipolar",0.14955598399573,0.205184912645259,0.0115778293853598,1.37196056729577,0.077414684962993,3.07250159455177e-06,7.12737255026771e-09,2.90741349727579e-09,2.4514478442595,0.0142282804519194,0.115746672461877
"495","Inh_B","Epilepsy",0.14955598399573,0.199465924004468,0.0191700902908794,1.33372078251422,0.128180028499741,0.00782085748821401,1.33805478505369e-08,1.52917265140801e-08,0.875018778175016,0.381563688396215,0.666486791958454
"496","Inh_B","Age of smoking",0.14955598399573,0.182294266393656,0.0132987096027332,1.21890319279275,0.0889212804959574,0.0171436831561268,8.21120770836728e-10,8.91913215849475e-10,0.920628550228037,0.357244391073156,0.652824030680771
"497","Inh_B","Cigarettes per day",0.14955598399573,0.187465369266356,0.0138042379032289,1.25347956168513,0.0923014749020211,0.0046872847982258,1.16133818534394e-09,1.75353344033355e-09,0.662284595566669,0.507788847322067,0.766473731806893
"498","Inh_B","Drinks per week",0.14955598399573,0.195447330851008,0.0109871706325024,1.30685062295193,0.0734652692520553,4.42850091525033e-05,1.42161051021282e-09,5.97145461740487e-10,2.38067707333702,0.0172808534300659,0.125678934036843
"499","Inh_B","Smoking cessation",0.14955598399573,0.160525903291903,0.0120684469505126,1.07334991889382,0.0806951793440587,0.366062177142039,-1.5593023461098e-09,1.1307651526621e-09,-1.37897983718266,0.167900970617311,0.466391585048085
"500","Inh_B","Smoking initiation",0.14955598399573,0.164788988228489,0.00907974671987144,1.10185486281307,0.0607113568931531,0.0973214499162149,6.50137478283979e-10,7.93816385190296e-10,0.819002341615973,0.412785077602756,0.696683675278914
"501","Inh_B","Height",0.14955598399573,0.167068058397385,0.00968447556453654,1.11709377273834,0.0647548517003041,0.0678914371390971,-1.67981576897375e-08,8.06610990853791e-09,-2.08255997999195,0.0372913502868274,0.196912711413566
"503","Inh_B","Intelligence",0.14955598399573,0.176992220344281,0.00840187999299663,1.18345127767896,0.0561788286133474,0.00115122144892029,2.57098055135309e-09,2.07112415134821e-09,1.24134545467952,0.214478159738357,0.542982682881916
"504","Inh_B","Depression",0.14955598399573,0.196621720575882,0.0111600262346727,1.31470313204917,0.0746210612006765,4.12964565811347e-05,3.43308555569741e-09,1.06172334158847e-09,3.23350294866936,0.00122282073774164,0.0342886785611658
"512","Inh_B","Type 2 Diabetes",0.14955598399573,0.174412901916275,0.0294720127938933,1.16620476998938,0.19706341402384,0.390466926518155,7.99985318455084e-10,3.84336398804564e-09,0.208147165072928,0.835114061142342,0.942640778272535
"513","Inh_B","Parkinson Disease",0.14955598399573,0.189390946656025,0.0254654196194821,1.26635485652939,0.17027349183306,0.128170157448464,-6.06517046175177e-10,2.15797100514379e-09,-0.281058941352534,0.778665192341265,0.924231682304172
"516","Inh_B","Schizophrenia",0.14955598399573,0.200092955243879,0.0103038892764415,1.33791340137612,0.0688965362745748,2.21744099173719e-06,1.56304374216051e-08,5.39047886247225e-09,2.8996380136878,0.00373593833393887,0.0548925220698446
"519","Inh_B","Education Years",0.14955598399573,0.170611796930123,0.00772965021395755,1.14078883620594,0.0516839915558194,0.00690323618981554,1.13837670309365e-09,1.42783656070317e-09,0.79727381580216,0.425292023935409,0.708580235205003
"520","Inh_B","Neuroticism",0.14955598399573,0.178470641373912,0.00832422013340038,1.19333667972127,0.055659559122944,0.000714441577109423,2.64345932633696e-09,1.35592082318688e-09,1.94956761569892,0.0512276764045583,0.230236747885655
"521","DRD1_MSN_D","ADHD",0.146564619397,0.170262554112208,0.0114096394142429,1.16168932729267,0.0778471602572627,0.0403714661035005,3.31617820970705e-09,2.70426676826277e-09,1.2262762862842,0.220094722032024,0.548158598016756
"525","DRD1_MSN_D","Alzheimer Disease",0.146564619397,0.22056145265512,0.0350478462133676,1.50487514355484,0.239128968215948,0.0268683654044976,1.91320752546286e-10,9.91340641888469e-10,0.192991938857491,0.846965281273475,0.945688716734556
"526","DRD1_MSN_D","Anorexia",0.146564619397,0.175463311553637,0.0175446285203236,1.1971737263436,0.119705755676275,0.104725069093937,9.72277743858187e-09,5.89442105371135e-09,1.64948810917741,0.0990476772424481,0.344513659973733
"528","DRD1_MSN_D","Autism",0.146564619397,0.15139188745038,0.0209201183762533,1.03293610745377,0.14273648348642,0.818442990186899,-2.4614602511446e-09,5.56867834348e-09,-0.442018751904851,0.658475636519132,0.860752466038081
"529","DRD1_MSN_D","BMI",0.146564619397,0.173701502307894,0.00888972219065501,1.18515302685288,0.0606539438182922,0.00227869066387244,7.53740661125668e-10,2.44081664232217e-09,0.308806752648395,0.757468532171072,0.921984826563414
"530","DRD1_MSN_D","Bipolar",0.146564619397,0.196082464117046,0.0108858979984788,1.33785674144124,0.0742737097347631,9.76053637081225e-06,4.99371090386333e-09,2.80411263238603e-09,1.78085246868781,0.0749365552735148,0.280136655228093
"535","DRD1_MSN_D","Epilepsy",0.146564619397,0.190057960064179,0.0201314822892878,1.29675197770185,0.137355675415481,0.0249816457436936,8.99258870805784e-09,1.55832080709765e-08,0.577069154637447,0.563892740335095,0.820207622305592
"536","DRD1_MSN_D","Age of smoking",0.146564619397,0.160794219921445,0.0129309148832657,1.09708755484774,0.0882267148542834,0.27362207791571,-2.23663492701514e-10,8.82054159881469e-10,-0.25357115568909,0.799826882852676,0.939873587122162
"537","DRD1_MSN_D","Cigarettes per day",0.146564619397,0.172869704171871,0.0133930950961831,1.17947772718338,0.0913801376572691,0.0457041088656266,-1.24671486348284e-10,1.66111330131614e-09,-0.0750529697459552,0.940172566935234,0.979346423890869
"538","DRD1_MSN_D","Drinks per week",0.146564619397,0.173439636101214,0.0116197604945177,1.18336633230301,0.0792808014807671,0.0214311322638302,2.41755514170699e-10,6.96509355737693e-10,0.347095860492282,0.728519303266336,0.907812215908207
"539","DRD1_MSN_D","Smoking cessation",0.146564619397,0.189812877545553,0.0146698402182849,1.29507979706485,0.100091279045652,0.00498332166122223,2.11253200711644e-09,1.49353241637604e-09,1.41445340185007,0.15722882002797,0.450446520165402
"540","DRD1_MSN_D","Smoking initiation",0.146564619397,0.156559809466808,0.00848323638343125,1.06819647272944,0.0578805199940696,0.239808458858786,1.27793669327211e-10,7.44136987452176e-10,0.171734064402253,0.863646604130603,0.946719352323019
"541","DRD1_MSN_D","Height",0.146564619397,0.165600250723495,0.0107495352508703,1.12987876204238,0.0733433163821958,0.0765981796314147,-1.75864342250012e-08,7.91326713276693e-09,-2.22239865405024,0.0262563762240672,0.156754484919804
"543","DRD1_MSN_D","Intelligence",0.146564619397,0.19207379753202,0.00897586914599669,1.31050589372971,0.0612417183828229,1.06503629976452e-06,7.42744517755966e-09,2.30728717185754e-09,3.21912472281464,0.00128582544604372,0.0342886785611658
"544","DRD1_MSN_D","Depression",0.146564619397,0.173326100454002,0.0114374929904115,1.18259168663696,0.0780372032313662,0.0213215525584899,1.71049106615969e-09,1.06249354477103e-09,1.60988372548494,0.107423242507224,0.363926078654684
"552","DRD1_MSN_D","Type 2 Diabetes",0.146564619397,0.149424901604391,0.0285278176620095,1.01951550257599,0.194643275978742,0.920206083240274,-2.30894977251099e-09,3.59095507158225e-09,-0.642990437497626,0.520230304767132,0.781537198609385
"553","DRD1_MSN_D","Parkinson Disease",0.146564619397,0.240107495627939,0.0404829255270111,1.63823640804852,0.276212128776829,0.0207917634090927,4.34830792490107e-09,3.58178139145636e-09,1.2140070679001,0.22474502518687,0.548158598016756
"556","DRD1_MSN_D","Schizophrenia",0.146564619397,0.18925634481449,0.00963459844437769,1.29128261372447,0.0657361816515925,1.58949670465553e-05,1.06368541863945e-08,4.92045565010694e-09,2.16176202831201,0.0306365237341493,0.177603036139996
"559","DRD1_MSN_D","Education Years",0.146564619397,0.182692106046413,0.00810896265698106,1.24649527831512,0.0553268769116528,1.78695479040149e-05,4.05744667573388e-09,1.57563051558839e-09,2.57512572623582,0.0100203655412248,0.0925974257411772
"560","DRD1_MSN_D","Neuroticism",0.146564619397,0.192142998661543,0.00938475402966061,1.31097804812692,0.0640315109353923,1.48832710026453e-06,5.50496832521225e-09,1.52224489575224e-09,3.61634868382455,0.000298787843620238,0.023903027489619
"561","Microglia","ADHD",0.121274738687561,0.091334620469482,0.00941411249739814,0.753121560663898,0.0776263267954893,0.001495176386148,-4.40982330074873e-09,2.8782997677395e-09,-1.53209313017873,0.125499454771008,0.386152168526178
"565","Microglia","Alzheimer Disease",0.121274738687561,0.400593524284012,0.0520696361974095,3.30319016655282,0.429352697527193,4.25730365571957e-08,5.5590357563354e-09,1.5863359461743e-09,3.50432439594015,0.000457767361545384,0.0250308524143207
"566","Microglia","Anorexia",0.121274738687561,0.10459408560661,0.0146053560157649,0.862455666683191,0.120431972674809,0.245493034847946,8.16981936275455e-10,5.97131549300424e-09,0.136817747652523,0.891174854967155,0.952946635432742
"568","Microglia","Autism",0.121274738687561,0.116074194510459,0.0209499769348303,0.957117663304144,0.172748069066581,0.798030122165827,3.07896063346704e-09,6.37235632721496e-09,0.483174586505382,0.628971778279184,0.833075203018787
"569","Microglia","BMI",0.121274738687561,0.119307158733741,0.00794122806226133,0.983775846684041,0.0654813042534791,0.804365561964953,-2.83921218318726e-09,2.77286871091623e-09,-1.02392593346012,0.305870260014903,0.637229708364381
"570","Microglia","Bipolar",0.121274738687561,0.118309244172039,0.0108578845993546,0.975547302368045,0.0895312965986073,0.783899418778547,-6.92523371531672e-09,3.40857973819161e-09,-2.0317065309409,0.0421833743657376,0.199450085793111
"575","Microglia","Epilepsy",0.121274738687561,0.148343036275749,0.0159187503060634,1.22319815223782,0.131261880902294,0.0854128524436213,-9.15582707949043e-09,1.4880758526649e-08,-0.615279594994692,0.538370090712583,0.797585319574197
"576","Microglia","Age of smoking",0.121274738687561,0.113372266799262,0.0122894016822838,0.934838269091982,0.101335214697473,0.520130858557397,-3.28667134454489e-10,1.0896761230532e-09,-0.301619102686755,0.762942443981225,0.921984826563414
"577","Microglia","Cigarettes per day",0.121274738687561,0.13109009445323,0.0107028018603837,1.08093487458222,0.0882525246082554,0.363371127562248,-3.60968217633872e-10,1.69145784737794e-09,-0.213406570074115,0.831009856360396,0.941967423854693
"578","Microglia","Drinks per week",0.121274738687561,0.116806076210293,0.0108494708079457,0.963152569730289,0.0894619186597225,0.679460513417567,-7.26115539083465e-10,7.83420718140622e-10,-0.926852612229651,0.354003064026084,0.652824030680771
"579","Microglia","Smoking cessation",0.121274738687561,0.11780340387953,0.01158097676027,0.971376274683435,0.09549372676948,0.760071353783004,-1.70959543676867e-09,1.45979671574462e-09,-1.17111884026718,0.241551011878902,0.565031606734274
"580","Microglia","Smoking initiation",0.121274738687561,0.0919060131931809,0.00734663063972709,0.757833116672037,0.0605784083250361,7.28772616023175e-05,-1.48516634999136e-10,8.59633811614834e-10,-0.172767326031704,0.862834320838081,0.946719352323019
"581","Microglia","Height",0.121274738687561,0.185638143585853,0.0110103732680159,1.53072392152591,0.09078867855887,9.31762660458918e-09,-1.00282547266006e-08,9.71773469262082e-09,-1.03195395262391,0.302093689395453,0.635986714516743
"583","Microglia","Intelligence",0.121274738687561,0.114091518791816,0.00731588797872714,0.940769034231845,0.0603249123263421,0.326114718022212,-3.37182733468099e-10,2.30755493678103e-09,-0.146121216051506,0.883825698188057,0.950350213105438
"584","Microglia","Depression",0.121274738687561,0.0823617638973397,0.00815565794911121,0.679133715633293,0.0672494374127046,1.93491526500062e-06,-1.91341757821266e-09,9.08710648667649e-10,-2.10564009678781,0.0352356269020966,0.190462848119441
"592","Microglia","Type 2 Diabetes",0.121274738687561,0.117530713700222,0.0336915693901524,0.96912774228288,0.277811931443958,0.911165585990449,-5.93568612594804e-09,5.27263065991934e-09,-1.12575420293877,0.260269573872882,0.573691935680395
"593","Microglia","Parkinson Disease",0.121274738687561,0.205071322924654,0.0423931875581329,1.69096487153007,0.349563215034833,0.0546121854904773,1.895124285256e-09,4.80331678043623e-09,0.394544930489445,0.693178761998954,0.885851453033807
"596","Microglia","Schizophrenia",0.121274738687561,0.106550072189011,0.00749047227028387,0.878584224069248,0.0617644890547365,0.0485827844142221,-1.16463758672365e-08,4.16601155948821e-09,-2.79556974361042,0.00518083219567112,0.064760402445889
"599","Microglia","Education Years",0.121274738687561,0.105210475935055,0.00732178946023874,0.867538261254126,0.0603735744102638,0.0285800612560549,-1.77689368354129e-09,1.5523813503192e-09,-1.14462447205767,0.252364750434865,0.573691935680395
"600","Microglia","Neuroticism",0.121274738687561,0.0935846711271402,0.00732166849795114,0.771674894045675,0.0603725769866543,0.000200020613479846,-2.298252019901e-09,1.37863343505344e-09,-1.66705083560657,0.0955042969573949,0.338068307813787
"601","Ependymal","ADHD",0.121465137903552,0.117746599546998,0.00942066558402686,0.96938596192509,0.0775585962081336,0.693142274967465,-7.93537245690623e-10,2.6164114261573e-09,-0.303292226045689,0.761667170078271,0.921984826563414
"605","Ependymal","Alzheimer Disease",0.121465137903552,0.181579736430877,0.0255517705804208,1.49491236386739,0.210362998152688,0.0256975843889576,-1.66173350034276e-09,1.28204639189658e-09,-1.29615707422607,0.19492137498151,0.506289285666259
"606","Ependymal","Anorexia",0.121465137903552,0.0977588265986694,0.01600966531209,0.804830326511412,0.131804611499328,0.131713240527723,-9.99855630637049e-09,5.83033972825925e-09,-1.71491830191441,0.0863602066412326,0.314037115059028
"608","Ependymal","Autism",0.121465137903552,0.0970995010344857,0.019241658470104,0.799402221167249,0.158413013002814,0.187950347319093,-9.80782198780793e-09,5.92949272504574e-09,-1.65407437745566,0.0981124014178586,0.344254040062662
"609","Ependymal","BMI",0.121465137903552,0.124622229865814,0.00779200394785,1.02599175382132,0.0641501263847176,0.685188024639649,-6.78789338590649e-09,2.87764225850352e-09,-2.35883851296945,0.0183322313397705,0.128647237472073
"610","Ependymal","Bipolar",0.121465137903552,0.13183888728932,0.00816759789561203,1.08540515875431,0.0672423218429754,0.207466457655365,-5.44429688430757e-09,2.65525885834975e-09,-2.0503827215141,0.0403270979490742,0.199450085793111
"615","Ependymal","Epilepsy",0.121465137903552,0.13304752058348,0.0158556558251809,1.09535561297534,0.130536679897165,0.461454119584011,-2.73822321851104e-08,1.52034450978538e-08,-1.80105443265459,0.0716943009089756,0.279169931470499
"616","Ependymal","Age of smoking",0.121465137903552,0.129676972531287,0.0122801355130818,1.06760651467136,0.101100082912948,0.504841744159658,-2.83528144746107e-10,9.95657870250596e-10,-0.284764629716377,0.775824472127319,0.924231682304172
"617","Ependymal","Cigarettes per day",0.121465137903552,0.130151703688796,0.0130779450320382,1.07151488842948,0.107668301026609,0.500336858813716,-2.61628290935954e-09,1.97065538401421e-09,-1.32762071470365,0.184303437779977,0.491475834079938
"618","Ependymal","Drinks per week",0.121465137903552,0.138279350986206,0.0170416863081005,1.13842830439138,0.140301049356502,0.328191588927809,-2.52781995239034e-10,1.24378330762577e-09,-0.203236362547399,0.838950292662556,0.942640778272535
"619","Ependymal","Smoking cessation",0.121465137903552,0.116732128276516,0.00841871557257564,0.961034007710142,0.0693097272014002,0.574868620976081,-2.84174726729879e-09,1.16893256000202e-09,-2.43106177767338,0.0150546474133221,0.115746672461877
"620","Ependymal","Smoking initiation",0.121465137903552,0.106925921198677,0.00739002645392611,0.880301319738181,0.0608407200738872,0.050055918089628,-1.52534822941128e-09,7.88201619016501e-10,-1.93522595311917,0.0529625742718505,0.235389218986002
"621","Ependymal","Height",0.121465137903552,0.181983372207011,0.0108500010196429,1.49823542250874,0.0893260503129564,4.75299437082796e-08,-3.55221523807515e-10,1.04056947401408e-08,-0.0341372231915683,0.972767725957923,0.994193115509868
"623","Ependymal","Intelligence",0.121465137903552,0.103808958210713,0.00679826267055557,0.854639940335318,0.0559688383670519,0.0109241993656163,-9.5633048402497e-09,2.15184523983685e-09,-4.44423449382204,8.8205359877064e-06,0.00176410719754128
"624","Ependymal","Depression",0.121465137903552,0.0940418233078158,0.00803399761799994,0.774228926348304,0.0661424154836859,0.000755934066552244,-2.51997743961931e-09,9.1142048287862e-10,-2.76489006661365,0.00569419823219526,0.0669905674375914
"632","Ependymal","Type 2 Diabetes",0.121465137903552,0.154232934752259,0.0271227422082337,1.26977120690157,0.223296516814316,0.228672055346162,-3.88734791262314e-10,4.44242737983254e-09,-0.0875050412815004,0.930270078441441,0.979346423890869
"633","Ependymal","Parkinson Disease",0.121465137903552,0.149701419505674,0.0337552092318777,1.23246408055407,0.277900390305246,0.405532348134843,-2.69076392786515e-09,3.76675597147241e-09,-0.714345168161594,0.475013768615893,0.745265703074961
"636","Ependymal","Schizophrenia",0.121465137903552,0.124526303344229,0.00846859832821866,1.02520200852287,0.0697204026964762,0.718287583420876,-9.72996398603813e-09,5.26619186382972e-09,-1.84762808451157,0.0646561640072983,0.263446898628012
"639","Ependymal","Education Years",0.121465137903552,0.117261340300218,0.00692922365898524,0.965390912356502,0.0570470159469733,0.544584639452917,-2.81626668657159e-09,1.55308034788372e-09,-1.81334255527032,0.0697790036058539,0.279116014423415
"640","Ependymal","Neuroticism",0.121465137903552,0.118276136000437,0.00916363759547396,0.973745537541423,0.0754425323482548,0.727093733195901,-7.10734528080574e-10,1.68636140896322e-09,-0.42146038465001,0.673418933189792,0.871739719339536
"641","Astrocyte_B","ADHD",0.130283221769458,0.14299238841217,0.0104855125795765,1.09755029442856,0.0804824476794958,0.223476679289165,1.74296852305242e-09,2.8973197799808e-09,0.601579616822265,0.5474540002785,0.80009947262394
"645","Astrocyte_B","Alzheimer Disease",0.130283221769458,0.240905103029187,0.0497811353060992,1.84908770106622,0.382099357307798,0.0208508874225741,-4.08976563796275e-10,1.30483655658813e-09,-0.313431258291585,0.753953039063639,0.921984826563414
"646","Astrocyte_B","Anorexia",0.130283221769458,0.113138145274006,0.016949744961753,0.868401500495661,0.130099215628443,0.302233077067961,-8.55206480500026e-09,5.97446695584989e-09,-1.43143561897627,0.152305406154942,0.441464945376643
"648","Astrocyte_B","Autism",0.130283221769458,0.116896196305322,0.022864147306751,0.897246742271814,0.175495716149928,0.530754011244273,-6.60851952931149e-09,5.78797107412285e-09,-1.14176789149089,0.253550512072369,0.573691935680395
"649","Astrocyte_B","BMI",0.130283221769458,0.139711122588506,0.00684613430861749,1.07236465824994,0.0525480888147826,0.168499577220588,-6.00047050243145e-09,2.20243834978504e-09,-2.72446695409981,0.00644053752442044,0.0736061431362336
"650","Astrocyte_B","Bipolar",0.130283221769458,0.13682613622793,0.0102786040890805,1.0502206989481,0.0788943038825751,0.526727643478557,-8.33802629992566e-09,3.01209282661953e-09,-2.7681837114175,0.00563696706967223,0.0669905674375914
"655","Astrocyte_B","Epilepsy",0.130283221769458,0.145113543277551,0.0179149456423541,1.1138313998278,0.137507695918477,0.410968955557966,-2.76292696625486e-08,1.53656617590916e-08,-1.79811778338807,0.0721583446776124,0.279169931470499
"656","Astrocyte_B","Age of smoking",0.130283221769458,0.122231274370219,0.0132930439962016,0.938196589784311,0.102031894941347,0.54225105732289,-2.22682931727779e-09,9.42986888470472e-10,-2.36146371121842,0.0182029533533437,0.128647237472073
"657","Astrocyte_B","Cigarettes per day",0.130283221769458,0.13573070930075,0.013220088446017,1.04181265597601,0.101471918382634,0.679293851015898,-3.61822943115243e-09,1.35956908817098e-09,-2.66130604368183,0.00778381716429052,0.0798340221978515
"658","Astrocyte_B","Drinks per week",0.130283221769458,0.150312408204037,0.0153684467954121,1.15373573175848,0.11796182644767,0.201459677263741,-5.46328469938926e-10,1.0050928575683e-09,-0.543560195284545,0.586744157358424,0.823741969788883
"659","Astrocyte_B","Smoking cessation",0.130283221769458,0.15031685819039,0.0105301596980004,1.15376988800893,0.0808251404515768,0.0550345243623285,-6.48914396781867e-10,1.20128066710075e-09,-0.540185499153999,0.589069111944004,0.823741969788883
"660","Astrocyte_B","Smoking initiation",0.130283221769458,0.112956102851279,0.00796675525920846,0.867004218326441,0.061149510666124,0.0285220863178137,-2.11025309470681e-09,7.52756977114247e-10,-2.80336570614946,0.0050572288707539,0.064760402445889
"661","Astrocyte_B","Height",0.130283221769458,0.210558617124738,0.0116170474851081,1.61616065572381,0.089167640524464,2.06281583479931e-11,4.95643810625977e-09,1.04635187935769e-08,0.473687504561304,0.635722765173671,0.838988993041342
"663","Astrocyte_B","Intelligence",0.130283221769458,0.125827278218902,0.00717377583223866,0.965798024564965,0.0550629293228025,0.53587137060501,-6.58125392225298e-09,1.95903831504908e-09,-3.35943093695342,0.000781031704137042,0.0264451860586236
"664","Astrocyte_B","Depression",0.130283221769458,0.115959222612684,0.00813953064016846,0.89005492063958,0.0624756628644917,0.0780816685110177,-1.59944683506433e-09,7.99411566828014e-10,-2.00078020063029,0.0454160820285225,0.207879021639474
"672","Astrocyte_B","Type 2 Diabetes",0.130283221769458,0.146456709344035,0.0284847048481888,1.12414098573028,0.218636785775791,0.574141302982691,-5.48975003105022e-09,4.0775950428453e-09,-1.34632055742827,0.17819915882437,0.483174489800195
"673","Astrocyte_B","Parkinson Disease",0.130283221769458,0.189585248388031,0.0279315289600933,1.45517777203507,0.214390836983748,0.0226049844322215,1.33629815815543e-11,2.45260186490596e-09,0.00544849197611886,0.995652753881379,0.996770651824998
"676","Astrocyte_B","Schizophrenia",0.130283221769458,0.131163862740675,0.00892143295064829,1.00675943501594,0.0684772208537733,0.921417249967856,-1.30440662840202e-08,5.26013593706626e-09,-2.47979642353031,0.0131457412699835,0.114310793652031
"679","Astrocyte_B","Education Years",0.130283221769458,0.132644743059961,0.00712670983895611,1.01812605843201,0.0547016702700763,0.740383718199876,-2.40555761236838e-09,1.47808676246587e-09,-1.62748065502949,0.103635053908124,0.354307876608972
"680","Astrocyte_B","Neuroticism",0.130283221769458,0.131811515641826,0.00927063881581342,1.01173055019373,0.0711575803077563,0.868952579048965,-1.22716257999816e-09,1.64363193604774e-09,-0.746616412765121,0.455295138304933,0.725647494184508
"681","Inh_F","ADHD",0.153994718141221,0.176483087432524,0.0121625584404817,1.14603338064284,0.0789803610623064,0.06843671791559,2.80888537790155e-09,2.83236587278627e-09,0.991709935813617,0.321339042824878,0.639830937434106
"685","Inh_F","Alzheimer Disease",0.153994718141221,0.230236368690275,0.0234571908026434,1.49509263349628,0.152324645194207,0.00115965435743772,8.60635604945818e-10,7.65717025082363e-10,1.12396038843886,0.26102983073458,0.573691935680395
"686","Inh_F","Anorexia",0.153994718141221,0.15352736506712,0.0151129709940179,0.996965135689447,0.0981395412546462,0.97531565795824,-7.6244833128406e-10,4.97014627361033e-09,-0.153405612090812,0.878078419463834,0.946719352323019
"688","Inh_F","Autism",0.153994718141221,0.179568192480957,0.0206942295232101,1.1660672174242,0.134382722816717,0.201465702079434,2.75607478944206e-09,5.39056309056176e-09,0.511277716843277,0.609156605963507,0.825479011387833
"689","Inh_F","BMI",0.153994718141221,0.186418495590973,0.00869737693304105,1.21055123085467,0.0564784106755216,0.000214913484547811,2.5849414459991e-09,2.38104043968646e-09,1.08563525545979,0.277640395497824,0.600303557833132
"690","Inh_F","Bipolar",0.153994718141221,0.195968955358836,0.0100829331569344,1.27256933045666,0.0654758376042994,3.84122761778368e-05,3.88865359019501e-09,2.46156118830846e-09,1.57975093557078,0.114163915844707,0.375597832405892
"695","Inh_F","Epilepsy",0.153994718141221,0.198333788532846,0.0176394836712559,1.28792591672504,0.114546030436444,0.0109096595164765,1.33528965222219e-08,1.33253341142825e-08,1.00206842152723,0.31631054819078,0.638523423795865
"696","Inh_F","Age of smoking",0.153994718141221,0.175929417358851,0.0127541732769835,1.14243799711049,0.0828221476095519,0.0861790198398828,1.3734089443187e-10,8.49513398377357e-10,0.161670074532318,0.871565671542635,0.946719352323019
"697","Inh_F","Cigarettes per day",0.153994718141221,0.196741512269667,0.0126594823452976,1.27758610583803,0.0822072503401594,0.000802089344186977,1.9182313613928e-09,1.47286160615146e-09,1.30238398053235,0.192785155996739,0.504013479730037
"698","Inh_F","Drinks per week",0.153994718141221,0.197050974305238,0.0108160268010213,1.27959566849905,0.0702363492175264,5.78066235838219e-05,1.31393029801932e-09,6.3132577225838e-10,2.08122391918062,0.0374134151685775,0.196912711413566
"699","Inh_F","Smoking cessation",0.153994718141221,0.186623854518165,0.0125854155714473,1.21188477611954,0.081726280767019,0.0135207179742675,8.66951057658891e-10,1.22660742225823e-09,0.706787715390475,0.47969840984169,0.74903805050135
"700","Inh_F","Smoking initiation",0.153994718141221,0.178802082015414,0.00943367827066486,1.16109230351293,0.0612597521819789,0.0096469383525644,1.23246558062451e-09,7.94137180542858e-10,1.55195551955144,0.12067286701791,0.383088466723523
"701","Inh_F","Height",0.153994718141221,0.163561157945282,0.0101328480050368,1.0621218696299,0.0657999711116358,0.344978842546203,-1.5033631915033e-08,7.3687203661466e-09,-2.04019574200434,0.0413308336862647,0.199450085793111
"703","Inh_F","Intelligence",0.153994718141221,0.179068290006176,0.00886539563597764,1.16282098611955,0.0575694786352844,0.00482577182413514,1.86728652623836e-09,2.19102653371313e-09,0.852242771827081,0.394079361722791,0.682388505147691
"704","Inh_F","Depression",0.153994718141221,0.194941463259402,0.0110964095441489,1.26589707499338,0.0720570788276838,0.000262753057671564,2.64839921506149e-09,1.00074040258351e-09,2.64643978420815,0.00813439860365592,0.0813439860365592
"712","Inh_F","Type 2 Diabetes",0.153994718141221,0.126004666016383,0.0246245330262278,0.81824018081471,0.159905049494269,0.250909768535283,-4.59787431568704e-09,3.14129472609229e-09,-1.46368765639724,0.143279309673431,0.429350120208349
"713","Inh_F","Parkinson Disease",0.153994718141221,0.176361787080929,0.0324746189504486,1.14524568900601,0.210881381793029,0.48191953241765,-1.34567357240047e-09,2.59601659671126e-09,-0.518360928086987,0.604206470146896,0.825479011387833
"716","Inh_F","Schizophrenia",0.153994718141221,0.177345232312575,0.00846748882987865,1.15163191603715,0.0549855795840579,0.00552385808469061,1.15140964435497e-09,4.45435348801817e-09,0.258490855620723,0.796028105346026,0.93926620099826
"719","Inh_F","Education Years",0.153994718141221,0.178499381841104,0.00785148840723891,1.15912665054792,0.0509854396437073,0.00198021699438503,1.51076972962559e-09,1.47458938452874e-09,1.02453587790368,0.305582233641308,0.637229708364381
"720","Inh_F","Neuroticism",0.153994718141221,0.190048740425474,0.00910259131489996,1.23412505779055,0.059109763144944,0.000116614893203992,3.51189173946239e-09,1.423256474437e-09,2.467504488853,0.0136058515465503,0.115746672461877
"721","Inh_A","ADHD",0.132449411263816,0.144628400053752,0.0109426344395573,1.09195200396683,0.0826174637934894,0.268232728693562,-3.87716865984898e-10,2.76708501321228e-09,-0.140117439158402,0.888567202063254,0.952887079960594
"725","Inh_A","Alzheimer Disease",0.132449411263816,0.249879619437208,0.0473959495589326,1.88660422913841,0.357841904367004,0.00885448925259493,1.2319255617284e-09,1.33178400246085e-09,0.925019041715521,0.354956002646677,0.652824030680771
"726","Inh_A","Anorexia",0.132449411263816,0.133515583922584,0.0159770789752012,1.00804965947825,0.120627784017685,0.946757434228902,-2.42456499075083e-09,5.9135478710601e-09,-0.410001752520891,0.681804661960055,0.8797479509162
"728","Inh_A","Autism",0.132449411263816,0.151421886336383,0.0212766239282034,1.14324318161579,0.160639626293423,0.377092680389808,1.12018280086448e-09,6.26248312421529e-09,0.178871987140859,0.8580382190408,0.946719352323019
"729","Inh_A","BMI",0.132449411263816,0.160424331470899,0.00873267416297323,1.21121211442278,0.0659321478264577,0.00142182675995766,-3.774474418355e-10,2.81637050681195e-09,-0.13401910044242,0.893387470718196,0.952946635432742
"730","Inh_A","Bipolar",0.132449411263816,0.178054290030022,0.0101957397674875,1.34431922596748,0.0769783698560906,1.24256238877952e-05,3.33626161035956e-09,2.97846019101392e-09,1.12012966311423,0.262658511679285,0.574116965419203
"735","Inh_A","Epilepsy",0.132449411263816,0.164809590685686,0.0164241561076388,1.2443210514346,0.124003239809988,0.0416616595408167,-7.84574170163165e-09,1.40024902220754e-08,-0.560310457440103,0.575267695703322,0.823741969788883
"736","Inh_A","Age of smoking",0.132449411263816,0.157984846043698,0.0127913640293777,1.19279387153348,0.0965754691343966,0.0505418917008505,1.65420192871042e-10,9.4456729929527e-10,0.175128011518565,0.860979048378341,0.946719352323019
"737","Inh_A","Cigarettes per day",0.132449411263816,0.152163144929619,0.0127283503981814,1.14883972286246,0.0960997129147579,0.121317646217568,-1.96684914751467e-09,1.87301376793858e-09,-1.05009860641834,0.293672779389673,0.621529691829996
"738","Inh_A","Drinks per week",0.132449411263816,0.164637430008402,0.0121028585682086,1.24302122929389,0.0913772168009251,0.00766420269842186,2.59373018694505e-10,7.92648067059026e-10,0.327223429253868,0.743498901484055,0.921984826563414
"739","Inh_A","Smoking cessation",0.132449411263816,0.149212084463964,0.00997909755418518,1.12655906160851,0.0753427097860673,0.0914654725806836,-1.29383928919203e-09,1.20185208230441e-09,-1.07653787703329,0.281686770561907,0.605031578854972
"740","Inh_A","Smoking initiation",0.132449411263816,0.145947800178591,0.00812303044890687,1.10191354409185,0.0613293058187114,0.100361389224571,2.85415480249407e-10,7.9084954480416e-10,0.360897318743587,0.71817620803677,0.897720260045963
"741","Inh_A","Height",0.132449411263816,0.186655098227094,0.0111425808814502,1.40925577883702,0.0841270699139317,1.54275937021355e-06,-6.51577581429254e-10,9.1984860087019e-09,-0.070835307116068,0.943528831375833,0.980289694935931
"743","Inh_A","Intelligence",0.132449411263816,0.161474296838602,0.00743548943391035,1.21913940800366,0.0561383351044131,0.000142308318688741,1.91213775181318e-09,2.17430189242143e-09,0.879426062442374,0.379170306079325,0.666486791958454
"744","Inh_A","Depression",0.132449411263816,0.151041011440939,0.0102479621580824,1.14036755618409,0.0773726516433526,0.073255808348092,9.85159290770163e-10,1.08853029906695e-09,0.905036168138456,0.365446226548333,0.658461669456455
"752","Inh_A","Type 2 Diabetes",0.132449411263816,0.136368385606694,0.0261938364698496,1.02958846177935,0.197764838815901,0.880959628261696,-4.56600618069254e-09,3.63327194087293e-09,-1.25672018362477,0.2088549768382,0.532348329278819
"753","Inh_A","Parkinson Disease",0.132449411263816,0.183718569497276,0.0301434191796871,1.3870848329506,0.227584395370748,0.0894842229052704,-4.8676771994412e-10,2.59346954945934e-09,-0.187689776440829,0.8511198450611,0.945688716734556
"756","Inh_A","Schizophrenia",0.132449411263816,0.163185525956121,0.00902684645812408,1.23205927756888,0.0681531640797117,0.000788690615689478,2.81378974305158e-09,5.26574390986814e-09,0.534357498430272,0.593094218247996,0.823741969788883
"759","Inh_A","Education Years",0.132449411263816,0.161089763364311,0.00704294461285386,1.21623616010983,0.053174601122428,7.85039903903931e-05,2.42127997718436e-09,1.54238664473912e-09,1.56982685595926,0.116455397857348,0.378716740999506
"760","Inh_A","Neuroticism",0.132449411263816,0.146482442486738,0.00740393357605843,1.10595012155223,0.0559000867230061,0.0587839546017469,3.95863054492339e-11,1.29748154865527e-09,0.0305101105216191,0.97566023010578,0.994193115509868
"761","Endothelial","ADHD",0.123910132241063,0.0969366845087101,0.0103007869555326,0.782314430268894,0.083131110985281,0.00850854442014547,-5.57819845378568e-09,2.72643889070292e-09,-2.04596496653828,0.0407598176255197,0.199450085793111
"765","Endothelial","Alzheimer Disease",0.123910132241063,0.27923431950925,0.0612104046141428,2.25352289162286,0.493990309808243,0.00756408338984695,3.66519653170218e-10,1.78440731211264e-09,0.205401340087695,0.837258573359111,0.942640778272535
"766","Endothelial","Anorexia",0.123910132241063,0.102543119137403,0.0142314179629323,0.827560404325199,0.114852738073474,0.119320155645606,-3.98381965139172e-09,5.24057931338812e-09,-0.760186882624646,0.447142884689219,0.725647494184508
"768","Endothelial","Autism",0.123910132241063,0.0891500971089023,0.0241839121100406,0.719473827495108,0.195172998952109,0.112911466702258,-8.97681308288426e-09,6.46926439821344e-09,-1.38760955346999,0.165255970778754,0.462254463716794
"769","Endothelial","BMI",0.123910132241063,0.123890771513191,0.00640430486869699,0.999843751858531,0.0516850781519437,0.99758993828855,-6.47136607104862e-09,2.28164566576087e-09,-2.83627127917367,0.0045643658065896,0.0608582107545279
"770","Endothelial","Bipolar",0.123910132241063,0.118572619011543,0.00977297429766824,0.956924319803521,0.0788714701607717,0.584989725653552,-9.91595398398458e-09,3.17886315929261e-09,-3.11933967808516,0.00181256870838158,0.0405836735003611
"775","Endothelial","Epilepsy",0.123910132241063,0.14943541821093,0.0156395740747868,1.20599837566317,0.126217071936947,0.0993565652599602,-1.3188312907395e-08,1.3810209262846e-08,-0.954968361187397,0.339593697074974,0.639830937434106
"776","Endothelial","Age of smoking",0.123910132241063,0.111018203052756,0.0120987150354512,0.895957425311874,0.0976410469154659,0.285522324772515,-1.50452211570517e-09,1.04967738909727e-09,-1.43331859039002,0.151766811603041,0.441464945376643
"777","Endothelial","Cigarettes per day",0.123910132241063,0.103956574511205,0.0116622275809293,0.838967505167059,0.0941184338197692,0.0889455826396547,-5.82381677411525e-09,1.9460475786076e-09,-2.99263843193505,0.00276577202640887,0.050286764116525
"778","Endothelial","Drinks per week",0.123910132241063,0.133914187200873,0.0142459642293082,1.08073637545918,0.114970131753174,0.483921804295751,-2.0756509911434e-10,9.67262015632564e-10,-0.214590354795022,0.830086714519907,0.941967423854693
"779","Endothelial","Smoking cessation",0.123910132241063,0.118039224414565,0.00898529816488125,0.9526196306927,0.07251463623169,0.513009779740848,-2.93545779499317e-09,1.08636953161581e-09,-2.70208037832865,0.00689071020978266,0.0765634467753629
"780","Endothelial","Smoking initiation",0.123910132241063,0.0834784368473664,0.00748345636442405,0.673701458771444,0.0603942246616706,8.95818727394081e-08,-2.61612472082503e-09,7.79745076107994e-10,-3.35510258542844,0.000793355581758709,0.0264451860586236
"781","Endothelial","Height",0.123910132241063,0.237272694721017,0.0179287254806848,1.91487726168681,0.144691359426565,1.05174351152895e-08,2.92448142572362e-08,1.63398769693568e-08,1.78978179040643,0.073488997670849,0.279169931470499
"783","Endothelial","Intelligence",0.123910132241063,0.0897968579198453,0.00712081099269457,0.724693423336429,0.0574675441298158,3.23438168972563e-06,-1.23344256343512e-08,2.05192991957914e-09,-6.01113396547241,1.84230082250148e-09,7.36920329000593e-07
"784","Endothelial","Depression",0.123910132241063,0.0937732747578598,0.00811096344551334,0.756784558791588,0.0654584358745883,0.000235931200520855,-1.55378893175655e-09,9.25997401487531e-10,-1.67796251831866,0.0933544163802212,0.333408629929362
"792","Endothelial","Type 2 Diabetes",0.123910132241063,0.159398821588288,0.0276719658393969,1.28640667801228,0.223322865845725,0.197068889420088,-2.22216195769207e-09,4.39238507752818e-09,-0.505912372997723,0.612918165955466,0.825479011387833
"793","Endothelial","Parkinson Disease",0.123910132241063,0.172343110700745,0.0297122975106667,1.39087181640205,0.239789087246413,0.0962924581540742,-1.77625132086405e-09,3.10551923021917e-09,-0.571965970643398,0.567345028899099,0.822239172317535
"796","Endothelial","Schizophrenia",0.123910132241063,0.101777461348551,0.00875855848274982,0.821381266469369,0.0706847642266281,0.0114537150419117,-2.06461552883214e-08,5.31810267371182e-09,-3.88224082065554,0.000103498303163193,0.0137997737550924
"799","Endothelial","Education Years",0.123910132241063,0.104261443443327,0.00685642393366921,0.841427908740266,0.055333844050221,0.00411767425774933,-4.50878511621075e-09,1.55729020957858e-09,-2.89527609464062,0.00378825176821537,0.0548925220698446
"800","Endothelial","Neuroticism",0.123910132241063,0.103937529791526,0.00704656644192494,0.838813807327064,0.0568683635024786,0.00503335686995353,-2.2552402308998e-09,1.33217887703579e-09,-1.69289595397122,0.090475273617595,0.326037022045387
